symbol,date,proba,close
sh688496,2026-09-10,0.9005776153906467,0.58
sh600825,2026-09-24,0.8518188584781681,7.77
sh601218,2026-09-24,0.7757768705015218,5.5
sh600802,2026-09-24,0.7682044222062321,6.62
sh600792,2026-09-24,0.7594795573342803,5.7
sz002614,2026-09-24,0.7449156719467134,8.33
sz301560,2026-09-24,0.7337754302397785,29.22
sz000790,2026-09-24,0.7322265578061515,4.68
sz000850,2026-09-24,0.7076097910166951,5.12
sz001234,2026-09-24,0.7025309056364163,35.4
sz300647,2026-09-24,0.6995037970243794,9.56
sz002285,2026-09-24,0.679253631703396,3.26
sz002731,2026-08-31,0.6761793883589169,0.77
sh600815,2026-09-24,0.6711235450894312,4.65
sz000753,2026-09-24,0.6695222263139471,5.35
sz002264,2026-09-24,0.6609268569939974,8.13
sz002622,2026-09-24,0.6546097798260229,2.72
sz000592,2026-09-24,0.6483983181522983,8.78
sz002238,2026-09-24,0.6437131645820081,8.43
sz301311,2026-09-24,0.6426757485652972,17.98
sz002909,2026-09-24,0.6416662476441576,8.29
sh600358,2026-09-24,0.6388868542460603,5.72
sz002836,2026-09-24,0.6372927177171549,12.27
sz000710,2026-09-24,0.6327066509620183,11.01
sz300300,2026-09-24,0.6318189759134516,10.81
sh688056,2026-09-24,0.6317830753398547,58.24
sz002413,2026-09-24,0.6302916938783357,8.97
sz000670,2026-09-24,0.6265880971985124,7.93
sh600843,2026-09-24,0.6263123824790418,8.37
sh600189,2026-09-24,0.6246755560822529,9.1
sz002321,2026-09-24,0.6184371930907478,2.27
sz000504,2026-09-24,0.6150775605763399,13.73
sh600207,2026-09-24,0.5956864054461204,5.16
sh601567,2026-09-24,0.5952766717450138,16.25
sz300192,2026-09-24,0.5924430733765689,25.31
sz002679,2026-09-24,0.5835214896895542,11.58
sh600606,2026-09-24,0.565855629874481,1.43
sz000905,2026-09-24,0.5638047754710567,9.81
sz000498,2026-09-24,0.5625785125130576,5.65
sh603042,2026-09-24,0.552750524294096,18.73
sh603122,2026-09-24,0.5515358836111331,14.93
sz000797,2026-09-24,0.5454965078841036,2.78
bj920706,2026-09-24,0.5393294203889457,18.01
sh603230,2026-09-24,0.5330331777528341,18.47
sh601811,2026-09-24,0.5295286104590031,20.35
sz002005,2026-09-24,0.5254664124765791,2.8
sz002320,2026-09-24,0.5136052278309476,6.76
sz300305,2026-09-24,0.5103021702639716,7.16
sz002531,2026-09-24,0.5100610923490227,7.44
sh600340,2026-09-24,0.5078649799983859,1.17
sz300569,2026-09-24,0.5043641267301068,5.28
sz002164,2026-09-24,0.5018128700108733,13.06
sz002638,2026-09-24,0.4998503034094921,4.93
sz000056,2026-09-24,0.49639651256510675,2.76
sz002205,2026-09-24,0.49575125593636454,12.78
sz000785,2026-09-24,0.49288220436003854,2.3
sh603375,2026-09-24,0.49245413847438213,49.25
sz000809,2026-09-24,0.4909123321975405,3.46
sh688066,2026-09-24,0.49018384667396775,8.96
sh688682,2026-09-24,0.4861111110029696,37.94
sz002640,2026-09-24,0.48358202331133604,3.6
sh603970,2026-09-24,0.47842583740047484,12.17
sz002029,2026-09-24,0.4778970296003367,9.26
sz002119,2026-09-24,0.4770941491827371,29.61
sz301339,2026-09-24,0.47662467535402614,13.45
sh600715,2026-09-24,0.476105665965646,1.69
sh688121,2026-09-24,0.47469670812692594,1.16
sz300904,2026-09-24,0.4742130929061957,47.0
sz002514,2026-09-24,0.4676493753491431,2.49
sh603248,2026-09-24,0.465234283663751,22.54
sz300352,2026-09-24,0.46266737614890885,3.08
sh605366,2026-09-24,0.4600556992186025,9.22
sh600758,2026-09-24,0.4595360780074808,3.64
sz002579,2026-09-24,0.4554445902395202,19.22
sz300599,2026-09-24,0.453134494462577,13.69
sh600022,2026-09-24,0.4431316091862006,1.28
bj920427,2026-09-24,0.4414267211196621,10.3
sz002181,2026-09-24,0.4413657099095148,9.58
sz301189,2026-09-24,0.4362817346720512,75.79
sz002849,2026-09-24,0.43215380736489406,24.75
sh603278,2026-09-24,0.43108433776152305,9.8
sh603999,2026-09-24,0.43104684957558687,6.53
sz000678,2026-09-24,0.42859703157518825,9.68
sz000897,2026-09-24,0.4279474767438001,1.88
sh605018,2026-09-24,0.42561905895098756,12.74
sz002789,2026-09-24,0.4232670682042312,14.05
sh600033,2026-09-24,0.4200671797724611,3.73
sh603105,2026-09-24,0.4197326271133376,8.68
sz300129,2026-09-24,0.41882800160036204,7.49
sh603065,2026-09-24,0.41876969593400326,16.27
sz002766,2026-09-24,0.4156685418977795,4.02
sh603949,2026-09-24,0.4155288991498253,16.9
sh601015,2026-09-24,0.4126820791789077,3.55
sh603396,2026-09-24,0.4113059025502733,35.64
bj920146,2026-09-24,0.41072231425430006,5.83
sz301136,2026-09-24,0.41037562610011824,13.3
sh603500,2026-09-24,0.40927375937969823,10.42
bj920445,2026-09-24,0.40924758761010566,8.03
sh600156,2026-09-24,0.40792054142766304,9.17
bj920748,2026-09-24,0.406368911801933,36.5
sh688315,2026-09-24,0.40238707487114594,20.4
sz002819,2026-09-24,0.4016014849881485,26.66
sh600831,2026-09-24,0.4012286238174116,3.51
sz000993,2026-09-24,0.400877225299316,19.32
sh605577,2026-09-24,0.3993877064819668,16.52
sz002021,2026-09-24,0.3959030536041281,2.57
bj920200,2026-09-24,0.395877368317615,33.1
sh600734,2026-09-24,0.39519077482646203,1.93
sh600630,2026-09-24,0.3942937052703887,8.62
sh600408,2026-09-24,0.3936578586294592,3.03
sz301601,2026-09-24,0.39273113737476895,17.58
sh600371,2026-09-24,0.3919397503705087,15.85
sh601929,2026-09-24,0.39001248826359164,2.37
sz002547,2026-09-24,0.38764322892435504,2.45
sz002395,2026-09-24,0.38497567086788453,14.05
sh600641,2026-09-24,0.3846329527681423,51.56
sh600795,2026-09-24,0.38439961778165793,5.24
sh601005,2026-09-24,0.381438086173654,1.2
sz002300,2026-09-24,0.378632073592885,8.19
sz002860,2026-09-21,0.37535702609275534,18.39
sz300301,2026-09-24,0.37187722839937043,3.6
sz003006,2026-09-24,0.3712664104293565,22.64
sz002068,2026-09-24,0.3690448787061597,9.84
sz301390,2026-09-24,0.3661245737283089,44.21
sh600293,2026-09-24,0.3653200491273151,3.78
sh601566,2026-09-24,0.3649632279689389,9.67
sz002084,2026-09-24,0.3645221759515025,6.44
sz000656,2026-09-24,0.36302066081884754,1.23
sh600192,2026-09-24,0.3600994188729787,7.2
sh600537,2026-09-24,0.35999324032943925,2.22
sh603601,2026-09-24,0.3573154233334878,10.59
sh600506,2026-09-24,0.35663904531159135,18.18
sz002584,2026-09-24,0.350595273451423,8.79
sh600675,2026-09-24,0.3505713278003921,2.47
sz002535,2026-09-24,0.3493661886298785,2.42
sh603400,2026-09-14,0.3486428101058941,54.67
sh600807,2026-09-24,0.34817303877123285,2.64
sh600121,2026-09-24,0.34709840579485507,4.9
sz000812,2026-09-24,0.3466641456203782,3.73
sh603116,2026-09-24,0.3447161155897169,7.16
sh605069,2026-09-24,0.3435573947816822,12.1
sz301139,2026-08-28,0.3425786792158041,3.31
sz000665,2026-09-24,0.3425081784243721,4.08
sh603767,2026-09-24,0.34062100707550114,14.74
sz002310,2026-09-24,0.339882660444959,2.26
sz002172,2026-09-24,0.33839468043874854,5.42
sh600448,2026-09-24,0.3354197440232437,3.27
sz001330,2026-09-24,0.3342527160912846,5.78
sz002323,2026-09-24,0.33419158987983033,1.25
sh600540,2026-09-24,0.33404714090327353,5.43
sh603068,2026-09-24,0.3332550826415977,48.51
sz002342,2026-09-24,0.3323416890144968,7.89
sh600491,2026-09-24,0.32503960497634515,1.62
sz002631,2026-09-24,0.3247854076609943,13.93
sh601086,2026-09-24,0.32399136148538343,15.32
sh688678,2026-09-24,0.3222432592263876,32.63
sz002297,2026-09-24,0.32184076698528113,22.47
sz002377,2026-09-24,0.3198707908303917,2.95
sz002470,2026-09-24,0.31866828128443114,2.02
sh600699,2026-09-24,0.3183864582032096,22.62
sh600303,2026-09-24,0.31713815824430586,3.05
sh600006,2026-09-24,0.3156362179918275,5.49
sz000882,2026-09-24,0.3155702922496338,1.5
sz002519,2026-09-24,0.31450638916262613,5.9
sz000863,2026-09-24,0.3145021690677557,4.52
sz002565,2026-09-24,0.3139005852892288,8.78
sh603817,2026-09-24,0.31256168049634897,6.16
sz001376,2026-09-24,0.31085134134763975,13.12
sz002487,2026-09-24,0.310476008928066,39.77
sh688286,2026-09-24,0.3099730943841651,55.8
sz000910,2026-09-24,0.30928549979407904,7.6
sz002528,2026-09-24,0.30864199776250717,5.73
sh601992,2026-09-24,0.30857451855699153,1.4
sz002669,2026-09-24,0.30801683472409713,15.15
sz301122,2026-09-24,0.3072915326922681,63.54
sz000701,2026-09-24,0.307289375447969,5.46
sz002663,2026-09-24,0.3044574416297369,1.7
sz002429,2026-09-24,0.3043695286636065,8.3
sh600583,2026-09-24,0.3040347754290012,6.52
sh600337,2026-09-24,0.30339463481917744,3.43
sh600400,2026-09-24,0.3033022923601714,3.41
sz002743,2026-09-24,0.30259398048968056,4.75
sz300110,2026-09-24,0.3017151990065904,3.45
sh600163,2026-09-24,0.3005450371295895,5.53
sz000677,2026-09-24,0.30050137288299145,1.8
sh603686,2026-09-24,0.29801034410080696,14.82
sz002077,2026-09-24,0.29625083775496613,14.67
sz002252,2026-09-24,0.29551200507822845,5.02
sz300185,2026-09-24,0.2940958142297254,2.75
sz002035,2026-09-24,0.29261538131931325,4.83
sz002031,2026-09-24,0.2907156445759354,5.35
sz002682,2026-09-24,0.2904435119994881,5.05
sz300264,2026-09-24,0.290200956743827,6.2
sh600743,2026-09-24,0.29005097784292905,2.56
sz002217,2026-09-24,0.28965196733671666,1.56
sh601777,2026-09-24,0.2871583784118171,8.28
bj920871,2026-09-24,0.2858130144799104,11.45
sz002093,2026-09-24,0.28500403544125513,7.77
sz301030,2026-09-24,0.284366027587711,5.33
sz300081,2026-09-24,0.2808730939072923,3.47
sz002082,2026-09-24,0.2788959388174102,12.0
sh688283,2026-09-24,0.2781285960502511,34.08
sz002228,2026-09-24,0.2759795230417804,3.27
sz000517,2026-09-24,0.2755212744875794,2.0
sz002482,2026-09-24,0.27530421079959877,1.33
sz300097,2026-09-24,0.2735121671945639,10.19
sz301322,2026-09-24,0.27178396538858257,47.31
sz000967,2026-09-24,0.2714244602920516,8.15
sz002879,2026-09-24,0.27016040741901315,17.92
sz000417,2026-09-24,0.2692106176762712,5.85
sz001230,2026-09-24,0.2690862958896124,20.31
sz001317,2026-09-24,0.2684492526874379,65.3
sh601011,2026-09-24,0.26834234989964484,2.91
sz002520,2026-09-24,0.2668663698599463,6.46
sz002696,2026-09-24,0.2645691359833506,6.65
sz300082,2026-09-18,0.26448315151660945,8.58
sz000980,2026-09-24,0.26392126310585734,2.04
sh600755,2026-09-24,0.262812310106773,6.02
sz002496,2026-09-24,0.2624953743096533,2.13
sh601801,2026-09-24,0.26199845660758464,5.53
sz301226,2026-09-24,0.26169127524645447,35.39
sz000488,2026-09-24,0.2609753802007732,2.11
sz002471,2026-09-24,0.2604341322036288,5.52
sh600360,2026-09-24,0.2600000212387465,11.67
sz001358,2026-09-24,0.25966032102219216,25.48
sh603008,2026-09-24,0.259520658538404,10.47
sz300491,2026-09-24,0.25945281116583724,38.32
sh603073,2026-09-24,0.2582941150150392,18.88
sz002741,2026-09-24,0.2559228935379825,28.6
sh601857,2026-09-24,0.25512979041046263,10.95
sz300427,2026-09-24,0.2551079419247679,6.46
bj920023,2026-09-24,0.25471238845884275,1.42
sz301020,2026-09-24,0.25421061601271383,24.54
sz002478,2026-09-24,0.2537753579605881,6.72
sz001216,2026-09-24,0.25159114390561627,28.4
sh603121,2026-09-24,0.250597774493742,13.14
sz001368,2026-09-24,0.25018000423043124,38.0
sz002702,2026-09-24,0.24972379763542354,5.55
sh600626,2026-09-24,0.24942759827107883,3.81
sh688004,2026-09-24,0.24867817863354472,33.14
sz002127,2026-09-24,0.24842737347461283,2.92
sh600239,2026-09-24,0.24828057781735124,1.44
sz002360,2026-09-24,0.24819843992378018,5.5
sz301297,2026-09-24,0.24750882174518737,50.72
sz301633,2026-09-24,0.2467188611329227,64.69
sh601279,2026-09-24,0.24669971005816063,3.51
sz300169,2026-09-24,0.24665568940884175,5.72
sz000632,2026-09-24,0.24663940970094528,3.75
sh600897,2026-09-24,0.2463261372160512,16.25
sz002639,2026-09-24,0.24631494354367123,14.28
sz002687,2026-09-24,0.2462634575291823,5.77
sz002146,2026-09-24,0.24615490429681158,1.2
sz000978,2026-09-24,0.2452976204423339,7.91
sh688337,2026-09-24,0.24476717579237278,58.61
sh605006,2026-09-24,0.24427540045177926,15.85
sz000637,2026-09-24,0.24417542979595236,4.22
sh600354,2026-09-24,0.24412529417012335,9.53
sh688033,2026-09-24,0.24411176867906814,7.51
sz000560,2026-09-24,0.2440523824150288,3.66
sh603067,2026-09-24,0.24375314415193278,40.89
sz000608,2026-09-24,0.2433077423786898,7.19
sz300359,2026-09-24,0.24329998733613778,4.15
sz002403,2026-09-24,0.24320744966086186,10.33
sz300279,2026-09-24,0.2429738746428786,6.11
sh601579,2026-09-24,0.2428602123767831,38.04
sz000700,2026-09-24,0.2426338732134952,12.47
sz000547,2026-09-24,0.24223755779123607,14.56
sh603937,2026-09-24,0.24198432377592508,13.55
sh600108,2026-09-24,0.24193947804202667,4.13
sz000068,2026-09-24,0.2416768481119823,3.26
sh600130,2026-09-24,0.24162560856023177,4.7
sz300411,2026-09-24,0.23970178555296612,8.5
sz003013,2026-09-24,0.23963043336175213,16.3
sh600661,2026-09-24,0.23824136447000344,9.56
sh601999,2026-09-24,0.23810980178240784,6.76
sz300991,2026-09-24,0.2380839615778324,28.91
sz300829,2026-09-24,0.23767820626306982,27.56
sh603955,2026-09-24,0.23697968425069338,25.74
sh600657,2026-09-24,0.23680659753359448,3.06
sh600180,2026-09-24,0.23623801226721072,1.55
sz000069,2026-09-24,0.23477041176632463,1.84
sz002465,2026-09-24,0.23433804794782162,10.31
sh603272,2026-09-24,0.23432320485808358,16.81
sz002708,2026-09-24,0.23422643567454426,16.45
sh601949,2026-09-24,0.23422021002582785,5.71
sz002446,2026-09-24,0.23421294780831817,8.15
sz000718,2026-09-24,0.23379766314753447,2.04
sh601598,2026-09-24,0.2336475682318113,6.68
sh600880,2026-09-24,0.2335208085999179,4.26
sh601918,2026-09-24,0.23327058850725008,11.15
sh600725,2026-09-24,0.23196240310727712,3.25
sz002790,2026-09-24,0.2317703322870111,6.49
sh688432,2026-09-24,0.23176977458300305,55.13
bj920873,2026-09-24,0.23113383872864443,7.47
sh603819,2026-09-24,0.23043137099225697,16.76
sz300897,2026-09-24,0.2303480427257689,17.51
sh688306,2026-09-24,0.23014141533817786,10.15
sh688179,2026-09-24,0.2295813594409436,24.84
sz002724,2026-09-24,0.22934100689922954,7.22
sz002494,2026-09-24,0.22920888403831396,5.0
sh603978,2026-09-24,0.2287519134216181,26.01
sz300062,2026-09-24,0.22870268833786847,6.24
sz002124,2026-09-24,0.22846583218203517,2.07
sh600609,2026-09-24,0.227350114469505,3.54
sz300369,2026-09-24,0.2268163914344494,8.85
sh600693,2026-09-24,0.22669762539219726,9.76
sz002086,2026-09-24,0.22656273067327506,2.04
sz000031,2026-09-24,0.2263368761582922,2.28
sz002314,2026-09-24,0.2260659257107216,2.27
sz301583,2026-09-24,0.22532336206852532,141.89
sh603980,2026-09-24,0.22430676868761032,8.09
sh688512,2026-09-24,0.22421780447495043,17.58
sz300207,2026-09-24,0.22413783864451778,20.09
sz002306,2026-09-24,0.22321404863309352,2.15
sz002030,2026-09-24,0.22282612304939498,5.67
sh600082,2026-09-24,0.22263469113135853,3.31
sz300290,2026-09-24,0.2225977883989361,7.21
sh605488,2026-09-24,0.22244906212259055,32.22
sz002453,2026-09-24,0.22206413841095235,5.02
sh600094,2026-09-24,0.22174605136442704,4.04
sz300111,2026-09-24,0.22162339167050407,2.98
sh600023,2026-09-24,0.22154817338826469,5.14
sh600748,2026-09-24,0.22131755860125069,3.96
sh600622,2026-09-24,0.2211394756532127,2.43
sz002291,2026-09-24,0.22069570324152213,5.45
sz300691,2026-09-24,0.2202377024022315,21.68
sz000668,2026-09-24,0.22010069902804155,18.35
sh603920,2026-09-24,0.22000505271828574,45.5
sz001288,2026-09-24,0.21988938572824157,34.84
sh600127,2026-09-24,0.2198769231094529,16.49
sh600159,2026-09-24,0.21984516525636308,2.73
sh601956,2026-09-24,0.2180130757007831,5.14
sz002785,2026-09-24,0.21776654841862267,41.0
sh600343,2026-09-24,0.2176886918689294,20.3
sz300430,2026-09-24,0.21746150838539546,4.59
sh600691,2026-09-24,0.2172405844782767,2.74
sz002593,2026-09-24,0.21694369674354758,4.63
sz002489,2026-09-24,0.21688825943170043,3.04
sz002301,2026-09-24,0.21642265519423418,8.91
sh600568,2026-09-24,0.2161582166383406,2.41
sh600545,2026-09-24,0.21508062174316844,4.32
sh600232,2026-09-24,0.2144281084824593,6.78
sz002365,2026-09-24,0.21431480360240102,13.48
sh600558,2026-09-24,0.214158653339335,4.86
sz002990,2026-09-24,0.21358292721490857,56.45
sz000407,2026-09-24,0.21318020902502155,4.17
sz301316,2026-09-24,0.2128372860687067,41.39
sz300788,2026-09-24,0.21226461066472804,30.08
sz300137,2026-09-24,0.21214737398139383,10.22
sz300190,2026-09-24,0.2115274581017195,3.94
sz002339,2026-09-24,0.21141097587420582,7.55
sz301119,2026-09-24,0.21123632123341443,26.85
sz300010,2026-09-24,0.21074072617371176,5.34
sh605177,2026-09-24,0.21067569053179813,25.86
sz002553,2026-09-24,0.21062443201276715,16.27
sz002935,2026-09-24,0.2106231093712923,18.08
sh600533,2026-09-24,0.210382815828386,2.2
sz001228,2026-09-24,0.2098594245953707,37.42
sh600857,2026-09-24,0.20957818014554377,20.71
sh603663,2026-09-24,0.2094346322770493,48.2
sh605058,2026-09-24,0.20928013921222005,60.2
sh603373,2026-09-24,0.20856849659385632,50.8
sz300051,2026-09-24,0.208115648368304,8.28
sz000078,2026-09-24,0.20797927319847664,1.55
sz001201,2026-09-24,0.20796523112425278,14.66
sz002200,2026-09-24,0.20743103327866627,6.83
sz002224,2026-09-24,0.2069836039597247,3.74
sz002133,2026-09-24,0.2067420187785293,2.83
sz002098,2026-09-24,0.20666571905531053,8.41
sz000909,2026-09-24,0.20649424160603191,5.32
sz001373,2026-09-24,0.20623722188836482,32.3
sz002846,2026-09-24,0.20610681763145305,11.28
sz300676,2026-09-24,0.20568859271597434,45.12
sz000826,2026-09-24,0.20553711837380562,1.78
sh600551,2026-09-24,0.20519434952502458,7.77
sh600722,2026-09-24,0.20501791438104336,15.12
sz301616,2026-09-24,0.2046956322373231,36.68
sh603818,2026-09-24,0.20439536231230104,3.88
sh603912,2026-09-24,0.20408994093845642,9.39
sh603092,2026-09-24,0.2040172114052384,45.85
sh600325,2026-09-24,0.20273688160503348,2.67
sz300740,2026-09-24,0.2022000035678225,21.3
sz000802,2026-09-24,0.20216429625984703,3.91
sh688646,2026-09-24,0.20167103821294333,80.66
sz002596,2026-09-24,0.20103044855533453,3.22
sz002927,2026-09-24,0.20095003602818642,19.58
sz300338,2026-09-24,0.20076147256413363,2.82
sh600383,2026-09-24,0.20036296475955995,2.41
sh601828,2026-09-24,0.20035882397737376,2.16
sh600322,2026-09-24,0.20015859496039912,2.69
sz301356,2026-09-24,0.2000714085675525,21.75
sz002095,2026-09-24,0.19989728413447524,16.03
sz300179,2026-09-24,0.19903842375694722,44.29
sz300473,2026-09-24,0.1989122950415604,36.36
sz000420,2026-09-24,0.19830266922314588,3.57
sh603936,2026-09-24,0.19752200274110981,21.31
sz300074,2026-09-24,0.19698861799598938,3.83
sz301677,2026-09-24,0.196790330143064,53.0
sh600310,2026-09-24,0.19508003204151997,4.45
sz000926,2026-09-24,0.19501259493807174,2.12
bj920509,2026-09-24,0.19418754099355975,24.93
sh601113,2026-09-24,0.19401866040814642,3.54
sz000930,2026-09-24,0.1934947218329083,5.26
sz002145,2026-09-24,0.19311230260340995,4.83
sh600403,2026-09-24,0.19221316565485602,7.19
sz002562,2026-09-24,0.19219439015970394,5.0
sz300464,2026-09-24,0.19204842509763048,11.44
sz300167,2026-09-24,0.1918442503212775,4.02
sh600212,2026-09-24,0.1917619571216822,6.07
sz300534,2026-09-24,0.1908425280715744,13.84
sh603567,2026-09-24,0.1908223049574907,5.17
sz003026,2026-09-24,0.19057708979856505,35.55
bj920992,2026-09-24,0.19041024447761237,12.98
sz000516,2026-09-24,0.19018423842869928,4.3
sz000607,2026-09-24,0.19016096940306185,4.03
sz300833,2026-09-24,0.18975232629150224,42.91
sz300568,2026-09-24,0.1894825296914878,17.5
sh600467,2026-09-24,0.189145076393594,2.38
sz002451,2026-09-24,0.1890881352826688,7.62
sh600770,2026-09-24,0.18882132883303077,6.21
sz000615,2026-09-24,0.18869986144489118,3.2
sz000911,2026-09-24,0.18866726209789528,5.11
sz002259,2026-09-24,0.18795370908664807,4.74
sh601339,2026-09-24,0.1876199706101898,7.47
sh600231,2026-09-24,0.18721207171372634,1.65
sz000428,2026-09-24,0.1866888764931591,4.02
sz002659,2026-09-24,0.18654489813038144,4.69
sh603115,2026-09-24,0.18646627089965326,79.4
sz000920,2026-09-24,0.1864150884118795,12.71
sh601588,2026-09-24,0.18597201273403505,1.75
sz002971,2026-09-24,0.18597161818137525,43.19
sz300960,2026-09-24,0.1859041881967812,18.99
sh603216,2026-09-24,0.1857061434988893,23.32
sh603580,2026-09-24,0.18558048231265303,78.74
sz300239,2026-09-24,0.1854548251542415,5.35
sz000002,2026-09-24,0.18527985207824083,3.76
sz002501,2026-09-24,0.1849411242433095,1.3
sz002551,2026-09-24,0.1848416635930278,3.35
sz002647,2026-09-24,0.18448465144543813,11.75
sz000663,2026-09-24,0.1843997248129159,6.08
sh600059,2026-09-24,0.18430625744263227,11.0
sz301108,2026-09-24,0.18371007882739815,51.71
sh688238,2026-09-24,0.18361052208416914,8.52
sz002247,2026-09-24,0.18348209634538593,2.45
bj920370,2026-09-24,0.18311589084568264,2.9
sz300917,2026-09-24,0.18235915736079875,31.45
sz300203,2026-09-24,0.18212049174397524,14.51
sh603321,2026-09-24,0.18135823589730393,7.23
sh600356,2026-09-24,0.18085035933065885,10.64
sz301511,2026-09-24,0.18019305972099073,103.3
sh600981,2026-09-24,0.1799095548026392,2.37
sh688625,2026-09-24,0.179805519132058,74.1
sz301125,2026-09-24,0.1797619544318065,14.71
sz002564,2026-09-24,0.17873317017759255,5.28
sh600740,2026-09-24,0.17860083462925044,3.77
sz301059,2026-09-24,0.17856913664039256,13.21
sz002623,2026-09-24,0.17844844587056174,19.05
sz002966,2026-09-24,0.17842126828791013,9.2
sh603002,2026-09-24,0.17837891102691872,19.19
sh688426,2026-09-24,0.17795965888411258,21.96
sz002998,2026-09-24,0.1777664552122775,8.26
sh688205,2026-09-24,0.17774748653777972,210.68
sh600327,2026-09-24,0.17769565322367098,3.8
sh601208,2026-09-24,0.17724428106976997,56.44
sz001326,2026-09-24,0.17680709734736877,110.15
sh600479,2026-09-24,0.1760656243723663,12.4
sh600708,2026-09-24,0.17528398899734535,3.03
sz002445,2026-09-24,0.17499640112732323,3.11
sh600229,2026-09-24,0.17456385395981758,5.82
sz300737,2026-09-24,0.17455605901762766,4.57
sz000829,2026-09-24,0.17425858750888995,9.32
sz002426,2026-09-24,0.1740104068763797,2.8
sz000016,2026-09-03,0.17369776186798788,2.46
sh600221,2026-09-24,0.17368502556430299,1.22
sz300425,2026-09-24,0.1736387898623745,4.05
sz300285,2026-09-24,0.17356677033535448,70.0
sz002510,2026-09-24,0.173563445357313,5.65
sz002246,2026-09-24,0.17319041588168624,26.0
bj920015,2026-09-24,0.17289070457657085,45.32
sz002815,2026-09-24,0.17268372479524627,23.83
sz002980,2026-09-24,0.1726194340352559,108.11
sz002495,2026-09-24,0.1725600104328318,2.4
sz002589,2026-09-24,0.17251452013597296,3.32
sh600753,2026-09-24,0.1724152876119305,13.47
sz002022,2026-09-24,0.17210103235536295,6.12
sz000892,2026-09-24,0.17200314039648573,4.51
sz002178,2026-09-24,0.17199636927954884,5.07
sz000795,2026-09-24,0.17176759327129984,8.52
bj920351,2026-09-24,0.17140721120501173,13.1
sh600828,2026-09-24,0.17106392418974908,4.37
sz002398,2026-09-24,0.17103416602096624,4.27
sh603221,2026-09-24,0.17074210668538417,30.8
sz002269,2026-09-24,0.17064825877675108,1.39
sh600732,2026-09-24,0.17049386101801234,11.02
sh603519,2026-09-24,0.1702091547592243,17.58
sz000610,2026-09-24,0.1698682576271742,7.4
sz300710,2026-09-24,0.1697996479277535,32.15
sh600826,2026-09-24,0.16870858371183808,8.12
sz002388,2026-09-24,0.16844424215693476,7.76
sz000955,2026-09-24,0.16823772302485704,4.03
sh600503,2026-09-24,0.1680083778569415,2.65
sh603557,2026-09-24,0.16795698264638623,3.14
sh688662,2026-09-24,0.16766646636556257,128.28
sh600939,2026-09-24,0.1676557803557172,2.6
sz300562,2026-09-24,0.16754378212206378,17.35
sz300850,2026-09-24,0.16748886752698394,29.25
sz002492,2026-09-24,0.16723548743579525,6.32
sh600881,2026-09-24,0.16715573526548086,1.85
sz002568,2026-09-24,0.16683715441861796,19.25
sh600228,2026-09-24,0.16666243359480903,10.6
sz002011,2026-09-24,0.16653625435097702,14.08
sz300020,2026-09-24,0.16594503743288463,3.79
sh605180,2026-09-24,0.16591641866904275,14.28
sh600307,2026-09-24,0.1657325266591765,1.45
sh688776,2026-09-24,0.16572563922671427,54.25
sz300629,2026-09-24,0.16565255964521935,19.08
sz300350,2026-09-24,0.16565036555511264,4.62
sz300522,2026-09-24,0.16562065417558294,15.75
sz002424,2026-09-24,0.16469714175660286,4.61
sh603316,2026-09-24,0.16459881153028932,17.09
sz002826,2026-09-24,0.1645842080690507,17.68
sz300112,2026-09-24,0.16434777141459253,11.51
sh600581,2026-09-24,0.16394057870452444,2.49
sz002303,2026-09-24,0.16346942595954836,6.35
sz301373,2026-09-24,0.16318720852304372,136.68
bj920057,2026-09-24,0.16290708516603444,4.77
sh600653,2026-09-24,0.1626926211288772,1.76
sz301115,2026-09-24,0.1623342060323691,38.38
sz300512,2026-09-24,0.16201081463653855,7.62
sh601077,2026-09-24,0.16184124240242792,6.64
sh600616,2026-09-24,0.16165543703992372,5.11
sz301282,2026-09-24,0.1615156530353588,43.6
sh605162,2026-09-24,0.16135776594401846,12.05
sh688622,2026-09-24,0.1613467540521024,142.39
bj920665,2026-09-24,0.16133925930832524,8.47
sz000523,2026-09-24,0.1609068593862752,3.29
sh600117,2026-09-24,0.16089658776133248,2.17
sz000839,2026-09-24,0.1608010484638118,2.83
sh688655,2026-09-24,0.16070800848584255,73.8
sz003016,2026-09-24,0.15945535996409693,7.7
sh603055,2026-09-24,0.15900233454338197,9.51
sh600908,2026-09-24,0.15863734280625558,5.83
sh603657,2026-09-24,0.15837921970760732,35.7
sz301359,2026-09-24,0.15809936676511438,20.07
sz002115,2026-09-24,0.15786595770701212,10.16
sz002694,2026-09-24,0.15775475140814554,2.52
sz301193,2026-09-24,0.15765281181920363,23.81
sz002162,2026-09-24,0.15758238763179955,4.11
sh603328,2026-09-24,0.15715965843766022,14.26
sh600493,2026-09-24,0.1561983439285649,6.46
sh603813,2026-09-24,0.15549917245463826,26.72
bj920469,2026-09-24,0.15527651771697262,5.79
sz301067,2026-09-24,0.15526601851474336,34.61
sz002349,2026-09-24,0.1550886979679998,8.46
sz300903,2026-09-24,0.15507242862406614,103.6
sz002795,2026-09-24,0.1549897148843429,7.94
sh600272,2026-09-24,0.15427604230175843,15.24
sz000759,2026-09-24,0.15415824110312543,6.39
sz000509,2026-09-24,0.153620138339007,3.69
sz300506,2026-09-24,0.15350304874144816,5.0
sh600676,2026-09-24,0.1534685409170614,6.74
sz002692,2026-09-24,0.15326406423192607,4.29
sh688203,2026-09-24,0.15325754655734178,23.06
sz300805,2026-09-24,0.1531414413097242,8.65
bj920505,2026-09-24,0.15312904029854082,27.32
sz002472,2026-09-24,0.15266765694835155,38.94
sh600865,2026-09-24,0.15262930542879502,10.9
sh603215,2026-09-24,0.15255005048246054,15.53
sz002059,2026-09-24,0.15253121042904386,4.39
sz002718,2026-09-24,0.15224489189355356,85.96
sh600359,2026-09-24,0.15198229787265113,7.62
sh603716,2026-09-24,0.1518933573315674,17.27
bj920961,2026-09-24,0.15135243213698812,26.0
sz300939,2026-09-24,0.15118818541355591,102.33
sz002467,2026-09-24,0.15115627972205678,4.82
sz002194,2026-09-24,0.15094979072558323,10.62
sh600019,2026-09-24,0.15093604915746903,5.84
sz301251,2026-09-24,0.1508006809962148,88.78
sh605358,2026-09-24,0.1505774638131134,48.34
sz002671,2026-09-24,0.15050988366093312,4.03
sz300148,2026-09-24,0.15026856688052886,3.56
sz002585,2026-09-24,0.14993444724189472,11.2
sh600929,2026-09-24,0.1498270433129463,6.0
sh603755,2026-09-24,0.14968866897439306,25.22
sz002912,2026-09-24,0.14967920323338377,24.06
sz300587,2026-09-24,0.14915714101414748,4.79
sh600302,2026-09-24,0.1488081748639935,7.14
sh600261,2026-09-24,0.148520527241795,3.35
sz002652,2026-09-24,0.14847729409122365,4.58
sz300243,2026-09-24,0.14825159218089506,23.14
sz002044,2026-09-24,0.14815503670103017,4.48
sh688300,2026-09-24,0.1481079012998678,167.8
sh603099,2026-09-24,0.14738139268402414,41.76
bj920005,2026-09-24,0.1472996125646947,25.32
sz300639,2026-09-24,0.14720328991515114,6.22
bj920985,2026-09-24,0.1470233436224021,4.55
sz300943,2026-09-24,0.14675725252380376,36.07
sz002734,2026-09-24,0.1466612053079225,19.86
sz002212,2026-09-24,0.14641102603042466,6.93
sz002348,2026-09-24,0.14559860436107652,11.01
sh600227,2026-09-24,0.145568378848435,3.8
sz002976,2026-09-24,0.1451829435500374,24.28
sh688772,2026-09-24,0.14502885069776414,14.03
sz300690,2026-09-24,0.1449124298882221,25.11
sh600903,2026-09-24,0.14489037612454153,6.56
sz002239,2026-09-24,0.14440190019709453,2.47
sz002726,2026-09-24,0.1442363490841373,2.39
sz000536,2026-09-24,0.14419644210403051,3.49
bj920278,2026-09-24,0.1441713233448275,6.23
sz002859,2026-09-24,0.1438267904353372,65.63
sz002003,2026-09-24,0.1434761054219455,11.58
sh603303,2026-09-24,0.1433951728738711,29.33
sh688428,2026-09-24,0.1430758327412221,29.86
sz000514,2026-09-24,0.1427892216550358,4.35
sh600712,2026-09-24,0.14264320218569154,5.57
bj920982,2026-09-24,0.14252568430911003,123.4
sh605158,2026-09-24,0.14250421156963267,7.88
sz301218,2026-09-24,0.142429426053629,50.24
sz300911,2026-09-24,0.14203593803826808,35.15
sh600892,2026-09-24,0.14198764668123173,4.12
sz301127,2026-09-24,0.14193899135113247,16.56
sh603696,2026-09-24,0.14168040953266908,14.03
sh603377,2026-09-24,0.14148883359714795,3.19
sh688049,2026-09-24,0.1414262394261936,47.1
sz000411,2026-09-24,0.14139212186131714,10.42
sh600395,2026-09-24,0.14130987587852717,5.06
sz002026,2026-09-24,0.14128503133601683,11.38
sz002524,2026-09-24,0.14088462620419634,4.03
sh600658,2026-09-24,0.14070270815092867,4.09
sz300585,2026-09-24,0.13988609172833538,16.86
sh601010,2026-09-24,0.1398813383177385,1.43
sh688551,2026-09-24,0.13971515738254256,43.3
sh600425,2026-09-24,0.13939517273258284,3.61
sh601199,2026-09-24,0.1393532382194796,6.61
sz300804,2026-09-24,0.13908248024958772,45.76
bj920344,2026-09-24,0.1390713122908902,21.85
sz300849,2026-09-24,0.1389894803340582,22.52
sz002040,2026-09-24,0.13897104047168068,9.08
sz002292,2026-09-24,0.1389498320925591,8.73
sh603991,2026-09-24,0.1386934932482841,175.89
sh600088,2026-09-24,0.1386803069353981,12.91
sz301181,2026-09-24,0.13864194343352063,26.39
sh600353,2026-09-24,0.13843870026580538,32.57
sh603982,2026-09-24,0.13793200598855607,6.33
sz000505,2026-09-24,0.13784889160034658,6.36
sz300669,2026-09-24,0.1378234544506573,25.54
sh603421,2026-09-24,0.13764945907982076,6.38
sz300364,2026-09-24,0.13734988901736475,24.48
sh603222,2026-09-24,0.13730973382150266,8.27
sh600170,2026-09-24,0.1366881858980596,2.2
sz300061,2026-09-24,0.1366183663990076,6.74
sh600386,2026-09-24,0.1364350322179122,3.51
sh601599,2026-09-24,0.13636821268964983,3.23
sh600027,2026-09-24,0.13628881512924182,4.83
sh600623,2026-09-24,0.13602080938209157,8.62
sz000619,2026-09-24,0.13587657539369305,5.23
sz002454,2026-09-24,0.13582362290033523,5.14
sh688057,2026-09-24,0.13571550889673256,19.79
sh603730,2026-09-24,0.13563389351500224,10.03
sz002522,2026-09-24,0.13547458288987416,5.59
sz000402,2026-09-24,0.13542067580589334,2.63
sz002677,2026-09-24,0.1353614448726163,6.4
sz300345,2026-09-24,0.13525868802385652,7.15
sz300027,2026-09-24,0.13524552845194357,1.68
sz002076,2026-09-24,0.13499885466191422,2.11
sh600790,2026-09-24,0.1348439271112845,3.62
sh605303,2026-09-11,0.13483494090554998,23.68
sh600178,2026-09-24,0.13482423350997036,9.72
sz300267,2026-09-24,0.13455060038765412,3.19
sz000572,2026-09-24,0.13443723864937224,3.88
sz000010,2026-09-24,0.13440806395258478,1.5
sz300163,2026-09-24,0.13408823318737137,7.63
sz301456,2026-09-24,0.13405411077380736,25.31
sz002667,2026-09-24,0.13369107743698277,21.02
sh603636,2026-09-24,0.13357482634105927,7.94
sz002347,2026-09-24,0.13354707772913071,5.84
sz300313,2026-09-24,0.13352860376834794,12.37
sz002361,2026-09-24,0.13338409688676636,10.14
sz002374,2026-09-24,0.13334370432226117,3.22
sz300155,2026-09-24,0.13316161043751332,4.62
sz300776,2026-09-24,0.1331476687422887,129.97
sh688623,2026-09-24,0.13292381105926004,64.67
sz301046,2026-09-24,0.13289668419583694,34.47
sz002774,2026-09-24,0.1328438304573737,17.46
sz000571,2026-09-24,0.13280630953729092,6.69
sz300272,2026-09-24,0.13234482530471134,5.85
sz300237,2026-09-24,0.13226453188689832,2.27
sh600518,2026-09-24,0.13222630515215653,1.33
sz300266,2026-09-24,0.13211597652734827,1.85
sh603976,2026-09-24,0.13208157361038866,31.3
sh603110,2026-09-24,0.13195891999347514,25.23
sz000707,2026-09-24,0.13190019635113404,4.57
sz000752,2026-09-24,0.13180734394645016,8.96
sz300731,2026-09-24,0.13173725636443032,52.82
sh603898,2026-09-24,0.13170327274654825,11.8
sh600818,2026-09-24,0.13167264971299425,9.11
sh688700,2026-09-24,0.13162044872085618,64.3
sh600280,2026-09-24,0.13145856820912305,3.04
sh603280,2026-09-24,0.13132778400691233,28.31
sh601866,2026-09-24,0.13126437650342185,2.42
sh605008,2026-09-24,0.13123002530004937,14.7
sz300311,2026-09-24,0.13121837029305966,5.82
sz000055,2026-09-24,0.13117307760796876,3.79
sz301486,2026-09-24,0.13116185487126886,206.0
sz300291,2026-09-24,0.13070335645828954,5.78
sz300071,2026-09-24,0.13061204935768053,4.07
bj920346,2026-09-24,0.1304167795691755,15.77
sz300969,2026-09-24,0.13025012759203994,78.26
sh600716,2026-09-24,0.1300090190695405,3.69
sh688667,2026-09-24,0.12997062386600428,104.83
sh603117,2026-09-24,0.1299639809983772,3.95
sz000631,2026-09-24,0.12991812114799073,3.0
sh688026,2026-09-24,0.12982206760094983,25.95
sz002421,2026-09-24,0.12980014895369854,3.11
sh688605,2026-09-24,0.12969869761512318,86.59
sz300094,2026-09-24,0.1293306498520738,2.9
sh600721,2026-09-24,0.1291726528945237,12.92
sz000520,2026-09-24,0.12911815325288925,4.07
sh601099,2026-09-24,0.12909803382311585,3.52
sz002560,2026-09-24,0.12899660996723758,6.8
sh688680,2026-09-24,0.12892864907520868,39.21
sh603700,2026-09-24,0.12871582867820333,11.87
sz002851,2026-09-24,0.12866287683348762,122.61
sh600243,2026-09-24,0.1285951025334386,3.54
sh688296,2026-09-24,0.12847222502457964,27.58
sz301047,2026-09-24,0.12835845868360043,146.86
sh601939,2026-09-24,0.12815026100522853,10.98
sh600847,2026-09-24,0.12759280948623702,13.03
sz301150,2026-09-24,0.1275886194112832,46.0
sz002219,2026-09-24,0.1273528762852403,2.06
sz301550,2026-09-24,0.12733870580719198,92.71
sz002197,2026-09-24,0.1273337873816946,6.5
sh601368,2026-09-24,0.12725443491838404,4.55
sh600048,2026-09-24,0.1272505790805192,5.56
sh603378,2026-09-24,0.12719022351536577,4.71
sz002343,2026-09-24,0.12717059518614457,5.72
sz300198,2026-09-24,0.1271304825096577,2.27
sz002852,2026-09-24,0.12706844293765077,8.09
sz000912,2026-09-24,0.12684345563812663,3.93
sz002775,2026-09-24,0.12684055989086257,3.33
sz301520,2026-09-24,0.1266539754490475,74.19
sz300408,2026-09-24,0.12655341585620464,123.31
sz300145,2026-09-24,0.12640973403930747,4.99
bj920267,2026-09-24,0.12628348374777598,15.71
sz000401,2026-09-24,0.12590914459555624,3.55
sz000552,2026-09-24,0.1257753177148148,2.47
sh600819,2026-09-24,0.12559958383302522,5.65
sh688010,2026-09-24,0.12559032459174982,29.27
sz300931,2026-09-24,0.1254980006621353,17.46
sz000006,2026-09-24,0.125484887515716,7.21
sh600798,2026-09-24,0.1253244643131311,3.39
sz300189,2026-09-24,0.12529680750901853,6.17
sz002055,2026-09-24,0.1251912320952036,6.88
sz002042,2026-09-24,0.12508893230358914,3.87
sh600556,2026-09-24,0.1249869761656481,4.54
sz300026,2026-09-24,0.12489994158747741,3.18
sz300688,2026-09-24,0.12488930205691566,35.61
sh688333,2026-09-24,0.12478873632652406,108.27
sz002290,2026-09-24,0.12458658392871758,73.89
sh603037,2026-09-24,0.12450514447548665,10.22
sz000573,2026-09-24,0.12446961847036776,3.78
sz000859,2026-09-24,0.12418303247601821,9.02
sz002824,2026-09-24,0.12415182142229148,27.22
sh603183,2026-09-24,0.12413601567592686,4.92
sz002344,2026-09-24,0.12412203267198597,3.99
sz000676,2026-09-24,0.12400524783094657,6.8
sh603989,2026-09-24,0.12395839288287509,31.15
sh603386,2026-09-24,0.12394405498141399,18.47
sh603693,2026-09-24,0.12392315125997506,11.49
sz300287,2026-09-24,0.12378248449596076,3.56
sh600172,2026-09-24,0.12370031466285936,16.89
sh688596,2026-09-24,0.12360047698675877,64.69
sz300050,2026-09-24,0.12336931094245297,7.43
sh603667,2026-09-24,0.12336264770400765,50.65
sh688181,2026-09-24,0.12324096634510572,46.98
sz300497,2026-09-24,0.12316578374544382,18.58
bj920375,2026-09-24,0.12309336839144569,6.31
sh603286,2026-09-24,0.12301349164244323,46.06
sz000713,2026-09-24,0.12263807766020184,6.35
sz300358,2026-09-24,0.12258301905883219,9.59
sz300205,2026-09-24,0.12257684974230017,5.36
sh600968,2026-09-24,0.12244270516153254,3.88
sh600698,2026-09-24,0.12243969884260969,6.94
sz002141,2026-09-24,0.12242340044411329,6.76
sz002355,2026-09-24,0.12227131257634767,4.64
sh603669,2026-09-24,0.1221088661642499,5.9
sh603398,2026-09-24,0.12189325582249856,8.75
sz301066,2026-09-24,0.12179933770404551,12.66
sh688517,2026-09-24,0.12167683218123429,16.68
sh603757,2026-09-24,0.12167213680059684,68.05
sz300278,2026-09-24,0.12159625339497568,3.58
sh688398,2026-09-24,0.12152205701864013,23.57
sz002382,2026-09-24,0.1215051600392055,5.95
sh600370,2026-09-24,0.12105940691913339,1.47
sz002443,2026-09-24,0.12103754104285983,12.93
sz000620,2026-09-24,0.12089286867333456,3.13
sh600664,2026-09-24,0.12082131688154563,8.14
sz300895,2026-09-24,0.12043566583981014,62.69
sz002630,2026-09-24,0.12039690611732358,1.59
sh603638,2026-09-24,0.12028778111342321,19.34
sh601890,2026-09-24,0.12011476314498543,9.39
sh601689,2026-09-24,0.12003201352296274,46.44
sh603028,2026-09-24,0.11997751788028455,7.25
sz300342,2026-09-24,0.11997066658695055,31.74
sz002431,2026-09-24,0.11991880853695243,1.31
bj920128,2026-09-24,0.11977845572253802,19.06
sz000820,2026-09-24,0.11976419189083949,3.58
sz002686,2026-09-24,0.1197178251862864,6.21
sz301132,2026-09-24,0.11969946848311037,70.37
sh688244,2026-09-24,0.11966620048259487,16.5
sh600373,2026-09-24,0.11962000431626155,7.48
sz000727,2026-09-24,0.11956023906280251,2.17
sz002951,2026-09-24,0.11948791428650038,16.98
sz000927,2026-09-24,0.11944084710563536,2.43
sz300334,2026-09-24,0.1193993105898106,8.6
sh600620,2026-09-24,0.1193541639870019,4.35
sz301017,2026-09-24,0.11911331689382565,13.25
sz002107,2026-09-24,0.11901901937413972,7.17
sz300103,2026-09-24,0.11896033525274224,8.22
sh600684,2026-09-24,0.11844400727564144,3.56
sh603313,2026-09-24,0.11832207037268108,6.43
sh600594,2026-09-24,0.118231751857143,3.61
sz000518,2026-09-24,0.11811610205057489,3.67
sz000090,2026-09-24,0.11793738998714268,3.5
sh603120,2026-09-24,0.11791313631016791,59.87
sh603797,2026-09-24,0.11774539647811792,4.9
sh600539,2026-09-24,0.11767005906115217,15.0
sz300977,2026-09-24,0.11766310909642175,19.52
sz000545,2026-09-24,0.11763780560109287,2.17
sh688543,2026-09-24,0.11749630437254067,43.73
sz002062,2026-09-24,0.11748062783161882,9.61
sh603359,2026-09-24,0.11737356809964546,2.15
sz002328,2026-09-24,0.11734998427318671,8.75
sz301198,2026-09-24,0.11732425146333571,14.71
sz300370,2026-09-24,0.11725005763869992,2.14
sz002768,2026-09-24,0.11707829987024336,78.01
sh600963,2026-09-24,0.11707650976744544,3.35
sz300068,2026-09-24,0.11707336849376451,4.12
sh600901,2026-09-24,0.11690170598118041,6.79
sh603030,2026-09-24,0.11681272912731394,2.04
sz002628,2026-09-24,0.11651533813465784,5.0
sh603511,2026-09-24,0.11646339813255374,12.77
bj920519,2026-09-24,0.11645176636642061,11.1
sz300853,2026-09-24,0.11641700305052406,30.33
sh601618,2026-09-24,0.11638687839390824,2.49
sz002283,2026-09-24,0.11629102400751905,8.01
sz300918,2026-09-24,0.1160643722021099,10.89
sz002081,2026-09-24,0.1158794060990059,4.97
sz300592,2026-09-24,0.11575718633255187,19.86
sz003032,2026-09-24,0.11556226147712395,9.0
sz000972,2026-09-24,0.11550543926737812,3.96
sz300739,2026-09-24,0.11546600096891302,30.16
sz300987,2026-09-24,0.1153980780361115,14.32
sh688383,2026-09-24,0.11532558232096018,143.01
sh688209,2026-09-24,0.11525279260272042,35.0
sz000868,2026-09-24,0.11523910593052847,3.99
sz300979,2026-09-24,0.11503356474379195,34.18
sz300852,2026-09-24,0.11479144734784742,72.95
sz300448,2026-09-24,0.11478369538419021,5.58
sh600665,2026-09-24,0.11474441979722887,3.39
sh688028,2026-09-24,0.11469287924125357,122.6
sz301061,2026-09-24,0.11459454111431963,42.05
sz002024,2026-09-24,0.11450676352782393,1.15
sz002434,2026-09-24,0.11397766603168345,6.17
sz002712,2026-09-24,0.11392282652603607,4.96
sh603626,2026-09-24,0.1137427364170417,22.51
sz001979,2026-09-24,0.1136103772886514,7.18
sz300194,2026-09-24,0.11359175617118183,3.84
sh600381,2026-09-24,0.11353796847831407,4.2
sh600184,2026-09-24,0.1134837691377435,19.45
sz300289,2026-09-24,0.11339707008500384,5.94
sz002787,2026-09-24,0.11338904299138489,26.35
sh603151,2026-09-24,0.1133599782732596,18.32
sh600935,2026-09-24,0.11335236926811501,2.29
bj920455,2026-09-24,0.1133250610873871,6.58
sz000796,2026-09-24,0.11329875422328527,3.59
sz300039,2026-09-24,0.11316223545594964,5.21
sz300080,2026-09-24,0.11311491322431916,3.63
sh603186,2026-09-24,0.11303025161313666,213.3
sz002480,2026-09-24,0.11292583452582365,5.14
sz000559,2026-09-24,0.11279794789463173,11.1
sz300283,2026-09-24,0.11268982220012909,14.45
sh603803,2026-09-24,0.11253263648962258,12.34
sz000036,2026-09-24,0.11249779458135489,3.9
sh600308,2026-09-24,0.11228380501056472,3.29
sz000690,2026-09-24,0.11209188575761307,5.06
sh603366,2026-09-24,0.11201454162154077,7.3
sz000816,2026-09-24,0.11192785390633751,2.86
sh600735,2026-09-24,0.11192611464528572,6.57
sh600650,2026-09-24,0.11186270125242251,10.4
sz301013,2026-09-24,0.11181199493608902,37.62
sh688115,2026-09-24,0.11174808507206685,67.38
sh601996,2026-09-24,0.11171323450559416,2.9
sh688171,2026-09-24,0.11164683569244006,24.82
sz300689,2026-09-24,0.1115794868801675,66.87
sh600165,2026-09-24,0.11153396941441174,3.21
sh601988,2026-09-24,0.11144833430616723,6.62
sz301263,2026-09-24,0.11142574351869078,19.81
sh600026,2026-09-24,0.11142258290080502,21.4
sz002404,2026-09-24,0.11139122454484505,5.88
sz300314,2026-09-24,0.11120019336595452,12.85
sh688529,2026-09-24,0.11116923548108887,15.6
sh600886,2026-09-24,0.11105182575939307,14.86
sz000726,2026-09-24,0.11103482411186298,6.07
sz300439,2026-09-24,0.11094144405447053,10.33
sh605566,2026-09-24,0.11079230862437087,32.82
sz300902,2026-09-24,0.11074626137772627,18.74
sh603023,2026-09-24,0.1107178129703397,4.03
sz000981,2026-09-24,0.11069156145428112,2.74
sh688212,2026-09-24,0.11043767731528131,29.39
sh688260,2026-09-24,0.11032695340140035,108.64
sh600666,2026-09-24,0.1102108937532808,3.28
sz002157,2026-09-24,0.11014274799016893,2.92
sh688222,2026-09-24,0.11009424237879716,44.19
sh600538,2026-09-24,0.10993649030782594,4.75
sz002245,2026-09-24,0.1099245300882419,16.76
sz000059,2026-09-24,0.10979619961443175,5.6
sh603127,2026-09-24,0.1097043321690969,46.39
sz300152,2026-09-24,0.10968303951600354,1.61
bj920892,2026-09-24,0.10967075351676553,11.97
sz300499,2026-09-24,0.10958927318524063,35.92
sh603052,2026-09-24,0.10943877002272498,58.46
sh688598,2026-09-24,0.10921492562846673,36.53
sz300158,2026-09-24,0.10911279520278692,5.18
sz002163,2026-09-24,0.10909458764004011,7.56
sh600637,2026-09-24,0.10909189397464858,8.89
sz300259,2026-09-24,0.10898154956398254,4.33
sh600477,2026-09-24,0.10895466502899612,2.4
sz300632,2026-09-24,0.1088781803827644,19.39
sz300410,2026-09-24,0.10863072328314526,8.79
sh688613,2026-09-24,0.10861823682434309,21.09
sh600237,2026-09-24,0.1085511478153302,9.38
sh600863,2026-09-24,0.10850302217061869,4.64
sh688114,2026-09-24,0.10838047784706274,74.94
sz002305,2026-09-24,0.10831243803099788,2.01
sh688023,2026-09-24,0.10824820098249198,47.9
sh600936,2026-09-24,0.10823636523901593,4.31
sh688292,2026-09-24,0.10817579492588389,21.74
sh688175,2026-09-24,0.10817369592424392,25.95
sz000557,2026-09-24,0.1080004623336907,3.62
sh688112,2026-09-24,0.10798057613612244,117.08
sz001239,2026-09-24,0.10775917931042783,12.43
bj920433,2026-09-24,0.1077588890188165,4.67
sh603882,2026-09-24,0.107726858954941,29.39
sz300613,2026-09-24,0.10744468751380705,86.88
sz002183,2026-09-24,0.10743244058356459,4.2
bj920496,2026-09-24,0.1073410684822481,6.41
sz002575,2026-09-24,0.10716406953891168,5.06
sh603363,2026-09-24,0.10706456032073072,2.8
sh688143,2026-09-24,0.10705267794839907,191.35
sh603033,2026-09-24,0.10701699201602453,7.87
sz301707,2026-09-24,0.10692100410256666,77.71
sz300575,2026-09-24,0.10690761389220807,6.25
sz002266,2026-09-24,0.10685743569410652,4.59
sh600643,2026-09-24,0.10682535854419076,3.99
sz300907,2026-09-24,0.10676880144174694,56.44
sh600681,2026-09-24,0.10675694079159495,3.41
sh601016,2026-09-24,0.10672876408331773,3.25
sh688665,2026-09-24,0.10669487769937142,47.27
sz000898,2026-09-24,0.10635793665553218,1.99
sz002633,2026-09-24,0.10635202769705257,15.86
sz000965,2026-09-24,0.10619067347862293,3.31
sh688677,2026-09-24,0.10606671967030448,81.01
sh601319,2026-09-24,0.10603596364127918,8.07
sz300510,2026-09-24,0.10594977053534754,3.38
sz002263,2026-09-24,0.10594403817450682,3.16
sh603956,2026-09-24,0.1059253491403235,6.97
sh600569,2026-09-24,0.10590350134230593,1.74
sz002578,2026-09-24,0.10590324301001389,4.08
sh603356,2026-09-24,0.10572505804809182,17.11
sh600651,2026-09-24,0.10572239330879203,5.22
sh600860,2026-09-24,0.10551116637045381,7.55
sz300056,2026-09-24,0.10550398306734604,7.9
sh603228,2026-09-24,0.10543643014249925,103.55
sz002672,2026-09-24,0.10535590712130039,3.71
sz002512,2026-09-24,0.10531640936325028,3.88
sh600960,2026-09-24,0.10519125266253243,3.9
sz301279,2026-09-24,0.10514059419916955,24.45
sh601595,2026-09-24,0.10514048455317121,22.96
sz002383,2026-09-24,0.10512045218518855,8.3
sh601003,2026-09-24,0.10511382951276045,3.49
sh603020,2026-09-24,0.10504897381886975,12.88
sz002375,2026-09-24,0.10501910731625527,3.85
sz301303,2026-09-24,0.1049742180570402,14.45
sz000558,2026-09-24,0.10490317841824047,3.57
sz300245,2026-09-24,0.10446472368575854,6.05
sz002102,2026-09-24,0.10443450172978283,2.65
sh600255,2026-09-24,0.10441907966170305,3.44
sz300554,2026-09-24,0.10413234410886069,23.91
sh600135,2026-09-24,0.10407403833526936,7.62
sz003001,2026-09-24,0.1039616132803789,21.1
sz300442,2026-09-24,0.10395324982811681,68.01
sh601107,2026-09-24,0.10386617742050615,6.02
sz300711,2026-09-24,0.1037672360500802,18.34
sz300304,2026-09-24,0.10370030515109295,12.13
sh603001,2026-09-24,0.10368907271965583,11.74
sh603179,2026-09-24,0.10326383487315181,41.29
sh605365,2026-09-24,0.10313150311456559,14.81
sh603010,2026-09-24,0.10282574787563939,12.63
sz000838,2026-09-24,0.10282268972949507,2.31
sz002251,2026-09-24,0.10279831639152379,3.44
sz300417,2026-09-24,0.10267812006642668,12.23
sz002486,2026-09-24,0.10260720152585806,2.73
sz000735,2026-09-24,0.10245211653995293,5.64
sh600984,2026-09-24,0.10244163688711834,3.5
sh600572,2026-09-24,0.10239078876852116,4.21
sz000669,2026-09-24,0.10237457256647015,4.2
bj920152,2026-09-24,0.10219091600331084,11.93
bj920832,2026-09-24,0.10206530988525529,6.48
sh601068,2026-09-24,0.10201490115301523,4.28
sh688758,2026-09-24,0.10197217499054095,32.5
sz301045,2026-09-24,0.10162095710191837,72.49
sz300363,2026-09-24,0.10160100808999474,23.83
sz300434,2026-09-24,0.10148903707537406,12.41
sz300091,2026-09-24,0.10148266096092091,2.42
sh600527,2026-09-24,0.10147262890316923,2.19
sz300915,2026-09-24,0.10143240502993495,23.07
sh600057,2026-09-24,0.10133785940810752,6.1
sz301287,2026-09-24,0.10127870881201793,41.0
sz300946,2026-09-24,0.10100019297440539,37.22
sh600854,2026-09-24,0.10097260940538806,4.73
sh603051,2026-09-24,0.10089911104403856,25.22
sz002636,2026-09-24,0.10077070029828039,80.88
sz000823,2026-09-24,0.10059023500820233,24.48
sh600844,2026-09-24,0.10057299378073618,3.28
sh688521,2026-09-24,0.10051545209704688,207.45
sz002218,2026-09-24,0.10043359636434807,3.77
sh600822,2026-09-24,0.10033105054401967,9.08
sh688183,2026-09-24,0.10026368555632575,114.08
sh600208,2026-09-24,0.10025226164986972,2.84
sh605288,2026-09-24,0.10023067890399395,66.19
sz300461,2026-09-24,0.1001418988705901,35.95
sh601009,2026-09-24,0.10013182481400787,11.95
sh600289,2026-09-24,0.10006106289359785,4.32
sz300985,2026-09-24,0.09998486763145874,37.73
sz002666,2026-09-24,0.0999410719362517,4.24
sh600611,2026-09-24,0.099891162957069,4.41
sh603983,2026-09-24,0.09988253783859788,31.59
sz301419,2026-09-24,0.09985555057602535,45.57
sz002154,2026-09-24,0.09982102527570835,3.84
sz002023,2026-09-24,0.09974297689436319,9.77
sz301587,2026-09-24,0.09972218683889769,22.04
sz301021,2026-09-24,0.09948832658756572,86.15
sh600742,2026-09-24,0.09945208789761732,7.79
sz000757,2026-09-24,0.09944767797119848,4.3
sh600052,2026-09-24,0.09933888600228773,3.64
sz002067,2026-09-24,0.09923201333300334,4.0
sz301566,2026-09-24,0.09918350979965772,26.77
sz300708,2026-09-24,0.09917226629922452,9.45
sz003012,2026-09-24,0.09913046422342865,4.61
sz300741,2026-09-24,0.09906365947461199,26.6
sz002201,2026-09-24,0.09904683234782609,9.87
sh603579,2026-09-24,0.0990231046892147,18.33
sz301041,2026-09-24,0.09902203308185924,37.57
sz002442,2026-09-24,0.0990136154398569,5.42
sh605258,2026-09-24,0.09876572959523994,41.12
sh688170,2026-09-24,0.09868986155439774,68.65
sh688485,2026-09-24,0.098668793914497,119.94
sh600376,2026-09-24,0.09863248089564025,3.19
sz002913,2026-09-24,0.09856622991953212,86.8
sz301010,2026-09-24,0.09851575762028479,19.38
sz300078,2026-09-24,0.09851498195937146,2.7
sh601975,2026-09-24,0.09851389153594929,4.47
sh605003,2026-09-24,0.09851165645717032,25.36
sz301335,2026-09-24,0.09846188352244709,25.66
sh688796,2026-09-24,0.09837666773721199,126.54
sh688282,2026-09-24,0.09830576263779586,54.9
sz300197,2026-09-24,0.0982940459581143,1.92
sz000903,2026-09-24,0.098262953777399,1.96
bj920176,2026-09-24,0.0982204204458226,61.23
sh600313,2026-09-24,0.09816229977488197,6.8
sh600106,2026-09-24,0.09811544979477907,4.46
sh603150,2026-09-24,0.09810750789475216,71.14
sh603679,2026-09-24,0.09808513037512846,22.61
sh688137,2026-09-24,0.09802424541628223,125.25
sh688783,2026-09-24,0.09801978799424271,29.91
sz300318,2026-09-24,0.09791053711618962,5.17
sh600162,2026-09-24,0.0977886677105793,4.35
sh688370,2026-09-24,0.0977066074999493,28.42
sz000813,2026-09-24,0.09769688393345012,3.2
sz000756,2026-09-24,0.09764304766600113,13.92
sh600076,2026-09-24,0.09764290931581056,2.09
sz300847,2026-09-24,0.09762648322434651,14.4
sh600530,2026-09-24,0.0976200439759582,3.89
sh603128,2026-09-24,0.09753089353004415,5.3
sz002483,2026-09-24,0.09752332400302496,6.02
sz300640,2026-09-24,0.09746047066493149,6.41
sz300998,2026-09-24,0.09739407935377915,29.63
sh688767,2026-09-24,0.09728191188776848,42.93
sz300234,2026-09-24,0.09723033736887089,11.07
sz002685,2026-09-24,0.09716905135610415,5.48
sh600593,2026-09-24,0.0971466213009677,49.05
sh688325,2026-09-24,0.09712923791488069,108.83
sz002396,2026-09-24,0.09705685412399544,36.65
sz300443,2026-09-24,0.09705551099357754,19.95
sh688489,2026-09-24,0.09696261104432337,27.12
sz002316,2026-09-24,0.09690574118187062,4.3
sh600812,2026-09-24,0.09687409737327304,4.88
bj920819,2026-09-24,0.0968305644657223,3.06
sh601162,2026-09-24,0.09671575083916913,3.6
sh600222,2026-09-24,0.09666455790639487,8.03
sh600777,2026-09-24,0.0966364151608886,4.01
sz300319,2026-09-24,0.09663044205635167,20.54
sz002617,2026-09-24,0.09653540337131701,6.68
sz002298,2026-09-24,0.09647721468630767,8.56
sz301380,2026-09-24,0.09631593925535102,34.5
sh601728,2026-09-24,0.09630918785522331,6.16
sz002242,2026-09-24,0.09628888885507522,9.39
sz002936,2026-09-24,0.09624583748267286,1.71
sh688176,2026-09-24,0.09623295147078947,14.73
sh688267,2026-09-24,0.09621619539803909,22.29
sz002195,2026-09-24,0.09606640622251664,6.01
sz002769,2026-09-24,0.0958967620022172,6.73
sz002788,2026-09-24,0.09589213249235025,10.89
sz000570,2026-09-24,0.09574940595781466,5.28
sz003029,2026-09-24,0.09573832800301664,17.59
sz301234,2026-09-24,0.0957185861546807,122.6
sz300147,2026-09-24,0.09569230745126771,5.62
sz300292,2026-09-24,0.09565775380657146,4.5
sz000659,2026-09-24,0.09564217505568,2.7
sz002110,2026-09-24,0.09561605521830277,2.87
sz001328,2026-09-24,0.09549164728721962,30.32
sz300164,2026-09-24,0.09544766102528852,8.95
sh688628,2026-09-24,0.0953491252362237,110.89
sz001400,2026-09-24,0.09530938721885855,80.21
sh603828,2026-09-24,0.0953030768612275,6.1
sh600252,2026-09-24,0.09523976031056525,2.13
sh603997,2026-09-24,0.09502550212044507,14.12
sz002634,2026-09-24,0.09489519835602095,4.04
sz301081,2026-09-24,0.09484993056039025,16.6
sz300642,2026-09-24,0.09484763982264546,20.59
sz003005,2026-09-24,0.09444415322324037,14.85
sz300154,2026-09-24,0.09439786522827301,13.91
sh601211,2026-09-24,0.09435526424327866,17.21
sz000877,2026-09-24,0.09435493998903563,3.77
sz300032,2026-09-24,0.09432433390741785,3.78
sh600281,2026-09-24,0.09431114511139865,4.64
sz000070,2026-09-24,0.09427332620890277,17.94
sz000789,2026-09-24,0.09426676938845677,4.11
sz300422,2026-09-24,0.09424511825525107,4.06
sh600733,2026-09-24,0.09424002879948913,4.68
sz002210,2026-09-24,0.0941797905656794,2.11
sz002938,2026-09-24,0.09415145066149185,82.94
sh688549,2026-09-24,0.09413301923782726,23.27
sz000908,2026-09-24,0.09409336499228009,6.05
sz002279,2026-09-24,0.09408436066870994,6.57
sh600516,2026-09-24,0.09400894041518505,5.42
sh601328,2026-09-24,0.09399985705844034,7.56
sz002106,2026-09-24,0.09395937651422455,12.51
sz300099,2026-09-24,0.09394325882904865,6.37
sz301080,2026-09-24,0.0938416599165086,121.41
sh603330,2026-09-24,0.09375026604917117,9.81
sh603808,2026-09-24,0.09367160266572871,8.95
sz301166,2026-09-24,0.09353300208994245,33.02
sh600149,2026-09-24,0.09348213993901368,5.05
sh603238,2026-09-24,0.09344879943310282,12.79
sh688581,2026-09-24,0.0934076562381218,57.77
sh600871,2026-09-24,0.0933918935721696,2.11
sh603318,2026-09-24,0.09336261905841524,8.86
bj920870,2026-09-24,0.09321630652615594,11.59
sz002975,2026-09-24,0.09314913814226343,110.9
sz300736,2026-09-24,0.0930721051389007,34.98
sh600586,2026-09-24,0.0930098285505074,3.96
sh605507,2026-09-24,0.09293444107362364,18.1
sh600649,2026-09-24,0.09289726864371854,4.0
sz002613,2026-09-24,0.09286801816984751,3.41
sz002474,2026-09-24,0.09276509629205182,6.36
sz002872,2026-09-24,0.09265601248607806,5.94
sz002753,2026-09-24,0.09264742896216416,6.82
sz300397,2026-09-24,0.09256159919405944,12.12
sz002629,2026-09-24,0.09253642274612861,4.29
sz000936,2026-09-24,0.09232645303826198,5.45
sh688105,2026-09-24,0.09221247172687824,26.57
sh600501,2026-09-24,0.0921572748047496,14.74
sh688350,2026-09-24,0.09211397889342594,29.39
sh688813,2026-09-24,0.0920838748551648,150.07
sz301230,2026-09-24,0.09204033268346633,38.18
sh603353,2026-09-24,0.09196060346696658,44.17
sh603138,2026-09-24,0.0919331451834374,14.73
sh600098,2026-09-24,0.09186224593873812,6.25
sh600654,2026-09-24,0.09180232077526883,3.02
sh600365,2026-09-24,0.09159892776008831,2.9
sh600318,2026-09-24,0.09152829048440365,6.79
sh600397,2026-09-24,0.09149927534978133,17.7
sh600488,2026-09-24,0.09148064551787724,5.7
sz002161,2026-09-24,0.09136265222573665,6.54
sz002319,2026-09-24,0.09130867293833636,10.22
sz002400,2026-09-24,0.09121320728676985,6.46
sz002309,2026-09-24,0.09115689866447327,2.85
sz301209,2026-09-24,0.09112283386225363,60.9
sz300909,2026-09-24,0.09110211829181189,64.71
sz300095,2026-09-24,0.09103768772156666,9.04
sh600202,2026-09-24,0.09102850484362385,5.16
sh688223,2026-09-24,0.09098099240889129,3.75
sz300086,2026-09-24,0.09097151092753546,5.37
sh600028,2026-09-24,0.09091044046691528,5.32
bj920802,2026-09-24,0.09085963460688971,10.8
sz300549,2026-09-24,0.09083413838203926,14.95
sh603124,2026-09-24,0.09079068373525341,131.82
sh600279,2026-09-24,0.0905473999507485,4.27
sh603048,2026-09-24,0.09048405777261186,25.76
sz300006,2026-09-24,0.09037470176395548,5.45
sz002425,2026-09-24,0.0903181532474988,3.04
sz300590,2026-09-24,0.09031503043192753,11.62
sz300384,2026-09-24,0.09025417217243564,12.24
sh600876,2026-09-24,0.09016461277504689,7.62
sz002703,2026-09-24,0.09015545014537163,15.18
sh600512,2026-09-24,0.09011315185467111,2.05
sz301366,2026-09-24,0.09008218372704065,73.18
sz000595,2026-09-24,0.0900820331642184,5.49
sz300172,2026-09-24,0.0900744504508523,4.51
sz300591,2026-09-24,0.09006854879230762,6.47
sh603713,2026-09-24,0.08990622471521147,69.43
sh600967,2026-09-24,0.08986313689149344,12.97
sh600099,2026-09-24,0.08980775867523998,9.42
sz000782,2026-09-24,0.08978309261089924,8.21
sz002967,2026-09-24,0.08974684440576926,18.11
sz300168,2026-09-24,0.08968870708603612,4.69
sh605198,2026-09-24,0.08968741627893416,63.91
sh603839,2026-09-24,0.08965789814340684,6.9
sz300684,2026-09-24,0.08962982840896151,118.62
sh605168,2026-09-24,0.08962308008246826,53.07
sz002583,2026-09-24,0.08958108603111575,8.03
bj920639,2026-09-24,0.08943355501323882,5.96
sh603385,2026-09-24,0.08937016936319427,5.69
sh688530,2026-09-24,0.08928561557435584,61.71
sh688265,2026-09-24,0.08924365677858835,52.13
sz001209,2026-09-24,0.08921860375016574,19.0
sz300765,2026-09-24,0.08909761383520097,44.15
sz002080,2026-09-24,0.08898978082818922,57.2
sh603311,2026-09-24,0.0889845704948036,25.89
sh688600,2026-09-24,0.0889000951914202,36.34
sh600829,2026-09-24,0.08889711148173694,9.62
sz301558,2026-09-24,0.08888529535259732,6.73
sz002249,2026-09-24,0.08871270868649862,6.45
sz301516,2026-09-24,0.08867315509854719,19.35
sh688150,2026-09-24,0.08858784547799729,42.99
sz002354,2026-09-24,0.08845668570286738,7.48
sh688132,2026-09-24,0.08839372328249448,16.78
sz002390,2026-09-24,0.08839163560753398,2.91
sz301306,2026-09-24,0.08830037202963605,98.28
sz000639,2026-09-24,0.08828785085428736,1.53
sz002977,2026-09-24,0.08825691752093819,19.66
bj920418,2026-09-24,0.08816737090451082,17.97
sz000761,2026-09-24,0.08814726422770545,2.21
sz002065,2026-09-24,0.08813014313601351,6.56
sz300324,2026-09-24,0.08805244149019685,3.84
sh603256,2026-09-24,0.08804408467169278,152.0
sh688828,2026-09-24,0.08804074037508225,92.2
sh600592,2026-09-24,0.0880198636704546,14.84
sh688468,2026-09-24,0.08788140194223787,6.53
sz002723,2026-09-24,0.08785813553688493,7.38
sh603665,2026-09-24,0.08784774864386732,22.37
sz002121,2026-09-24,0.0878259130883696,4.19
sz300543,2026-09-24,0.08775934170462832,7.87
sh600679,2026-09-24,0.08775178568942166,10.63
sz000803,2026-09-24,0.08769575041044418,7.17
sz301678,2026-09-24,0.08768634494948652,55.72
sh688403,2026-09-24,0.08766948824855114,24.8
sz001207,2026-09-24,0.08765537940375248,18.55
bj920895,2026-09-24,0.08756766110812489,22.85
sz300901,2026-09-24,0.0875466422294993,17.75
sz301529,2026-09-24,0.08749161511470953,136.01
sz002047,2026-09-24,0.08746385604530404,3.19
sz300426,2026-09-24,0.0874596135755959,7.85
sz300405,2026-09-24,0.08735391204317704,5.8
sz300459,2026-09-24,0.08732875451397143,3.49
sh601106,2026-09-24,0.08726017732801156,2.92
sh600428,2026-09-24,0.08719697707207136,11.06
sz300566,2026-09-24,0.08715657867245082,26.14
sz300913,2026-09-24,0.08710632952163821,39.51
sz002099,2026-09-24,0.08710121278718612,5.82
sz300067,2026-09-24,0.08706517236067465,5.26
sz003042,2026-09-24,0.087059144010638,14.29
sz301009,2026-09-24,0.08705849427948384,9.29
sz301176,2026-09-24,0.08703978369514882,58.43
sz301557,2026-09-24,0.08703912470424206,86.9
sz002586,2026-09-24,0.08690487835537858,3.74
sh600613,2026-09-24,0.08681740652201422,8.25
sh688011,2026-09-24,0.08679636802503023,66.36
sz002330,2026-09-24,0.08676517628982043,4.05
sh688218,2026-09-24,0.08676429577814644,38.69
sz002793,2026-09-24,0.08669576631635088,4.66
sz002567,2026-09-24,0.08666951209898907,3.58
sh688168,2026-09-24,0.08664636452000865,44.78
sh601798,2026-09-24,0.08663890094979698,7.59
sz002548,2026-09-24,0.08660488684189026,3.82
sz000811,2026-09-24,0.08656163043618581,39.45
sz002196,2026-09-24,0.08644141960765479,10.13
sh601000,2026-09-24,0.0864110958462063,4.39
sh600560,2026-09-24,0.08637558954380264,11.39
sh600336,2026-09-24,0.08630635182046695,6.35
sz002337,2026-09-24,0.08623583535024372,4.79
bj920781,2026-09-24,0.08617172926583472,5.61
sz300382,2026-09-24,0.08615646909909543,15.69
sz300787,2026-09-24,0.0861425217603341,11.7
sz300244,2026-09-24,0.08609243937627638,20.79
sz002721,2026-09-24,0.0860640077216436,2.66
sh603888,2026-09-24,0.08599455899044742,17.58
sh600808,2026-09-24,0.08597532779404002,2.43
sh603177,2026-09-24,0.08580551411658019,11.11
sz002762,2026-09-24,0.08580503126571516,10.25
bj920810,2026-09-24,0.08580283203033666,8.6
sz000721,2026-09-24,0.08579961227961343,6.13
sh603041,2026-09-24,0.08575937231790566,11.71
sh603928,2026-09-24,0.08574379736540017,12.32
sz301353,2026-09-24,0.08569900965310397,20.53
sh603959,2026-09-24,0.08562913740737696,4.31
sz300717,2026-09-24,0.08559604927287882,19.32
sh600682,2026-09-24,0.08554170575849228,5.76
sz000564,2026-09-24,0.08552508694447385,1.48
sh600992,2026-09-24,0.08551548366778007,10.27
sh688055,2026-09-24,0.08551393667377065,3.71
sh600266,2026-09-24,0.08551029569184661,4.27
sz002937,2026-09-24,0.08537710227713266,30.25
sh600638,2026-09-24,0.08536663710070373,5.06
sh603266,2026-09-24,0.08534605390620913,18.06
sz002717,2026-09-24,0.08524955264832744,0.85
sh688001,2026-09-24,0.08511952201983279,67.57
sh603139,2026-09-24,0.08508027615899867,36.3
bj920003,2026-09-24,0.08507224108085064,16.5
bj920090,2026-09-24,0.08492281011178089,3.34
sh603066,2026-09-24,0.08491574313724626,9.35
sz301063,2026-09-24,0.08487004816191347,18.43
sz002827,2026-09-24,0.0846628932349558,76.59
sz301222,2026-09-24,0.08465037372396682,25.13
sz300845,2026-09-24,0.08460574597467468,14.2
sz003033,2026-09-24,0.08458291797481361,91.74
sh603108,2026-09-24,0.08455207577676645,9.98
sh603773,2026-09-24,0.08454709175971653,97.7
sh600776,2026-09-24,0.08453820549744427,12.91
sh600234,2026-09-24,0.08451258921703646,21.39
sh605088,2026-09-24,0.08448230896626754,24.6
sz300381,2026-09-24,0.084476793271999,5.68
sh688597,2026-09-24,0.08446539327673049,6.26
sz000720,2026-09-24,0.08446515345476244,3.62
sh688656,2026-09-24,0.08443929907597063,132.15
bj920167,2026-09-24,0.08432630438186584,13.44
sz002681,2026-09-24,0.08431684641900526,4.49
sz000430,2026-09-24,0.08429495912124163,6.84
sh601963,2026-09-24,0.08425209990417505,11.03
sh688007,2026-09-24,0.08420054632700938,11.23
sh603900,2026-09-24,0.08418106260310139,6.36
sz300451,2026-09-24,0.08401736746995078,3.45
sz000566,2026-09-24,0.0840013168412709,4.69
sh688373,2026-09-24,0.08399916813383168,5.86
sh600919,2026-09-24,0.08398703656153068,12.26
sh603439,2026-09-24,0.08392622341384012,13.48
sz002329,2026-09-24,0.08392615214402475,3.6
sz002886,2026-09-24,0.08384275433632368,25.51
sh688381,2026-09-24,0.08381833435879477,45.1
sh600500,2026-09-24,0.08381628755817801,5.55
sz301155,2026-09-24,0.08379426255811316,43.1
sz300315,2026-09-24,0.08375955099096372,3.96
sz301369,2026-09-24,0.08365663688437097,149.41
sz300016,2026-09-24,0.08364517637862535,9.84
sz002552,2026-09-24,0.08353628017893772,49.88
sz300808,2026-09-24,0.08346041097309466,20.84
sz002674,2026-09-24,0.08338289573321743,20.42
sz300843,2026-09-24,0.0832634730001471,122.91
sz300123,2026-09-24,0.08316398603213285,4.36
sz002027,2026-09-24,0.08309129453031763,4.66
sh688191,2026-09-24,0.0829493088683885,22.05
sz301182,2026-09-24,0.08288382627040729,68.91
sh688046,2026-09-24,0.08284873082314087,35.92
sz002757,2026-09-24,0.08282705235464859,19.4
sz000151,2026-09-24,0.0827859105069623,10.01
sh603077,2026-09-24,0.08275156790934544,2.22
sz301289,2026-09-24,0.08274699192173886,44.89
sh688312,2026-09-24,0.08265649769933252,57.79
sz002221,2026-09-24,0.08263448879258187,5.71
sz002069,2026-09-24,0.08263365968644443,3.67
sz300013,2026-09-24,0.08262915878591626,4.33
sz300993,2026-09-24,0.08260361415737509,9.94
sz300183,2026-09-24,0.08247836053709927,11.12
sz300393,2026-09-24,0.08247788540888672,5.98
sz002137,2026-09-24,0.08245287414397066,7.98
sh605580,2026-09-24,0.08243533821238441,21.89
sz002397,2026-09-24,0.08238195554248715,3.62
sz000159,2026-09-24,0.08236262227397921,5.46
sh688660,2026-09-24,0.08234393062478179,8.85
sh600996,2026-09-24,0.08225059325322427,6.82
sh688082,2026-09-24,0.08221686226611728,304.11
sz301382,2026-09-24,0.08221267471771092,38.95
sh603528,2026-09-24,0.08209945195461289,6.5
sh603162,2026-09-24,0.08197315833711437,13.43
sz002168,2026-09-24,0.08194823746842433,3.59
sz300825,2026-09-24,0.08192167112620277,11.93
sz002094,2026-09-24,0.08191288524255975,5.07
sz002612,2026-09-24,0.08183179023677803,17.14
sh603776,2026-09-24,0.08176570459694707,21.15
sz300072,2026-09-24,0.08173875196287278,3.41
bj920119,2026-09-24,0.08171679331833781,52.83
sz300500,2026-09-24,0.08162709176404863,9.65
sh600800,2026-09-24,0.08157450210935915,3.2
sz301595,2026-09-24,0.08156484877926572,49.53
sz002134,2026-09-24,0.08146953166524828,26.31
sh600025,2026-09-24,0.08146385734816704,9.75
sh603168,2026-09-24,0.08144104540283992,5.85
sz301500,2026-09-24,0.08123402565835784,25.24
sh605068,2026-09-24,0.0811249345500864,20.8
sh600179,2026-09-24,0.08110472568985072,4.45
sz000731,2026-09-24,0.08110062394664114,7.94
sz300242,2026-09-24,0.08106071830727363,3.83
sz002386,2026-09-24,0.08098929265469894,5.95
sz000937,2026-09-24,0.0809791398414587,4.42
sh600185,2026-09-24,0.08096671513120152,4.7
sz301321,2026-09-24,0.08093485849954586,51.28
bj920275,2026-09-24,0.08085341198561025,6.61
sz002650,2026-09-24,0.0808111204619118,6.54
sh600824,2026-09-24,0.08076498103603048,3.66
sz002963,2026-09-24,0.08072804244771223,23.51
sh603208,2026-09-24,0.08072781574414471,11.34
sz301057,2026-09-24,0.08065661601029994,24.48
sh688538,2026-09-24,0.08058903623276341,2.05
sh600751,2026-09-24,0.0805736459327953,2.87
sh603123,2026-09-24,0.08046601186624157,9.37
sh600081,2026-09-24,0.0804350444118214,10.7
sh688225,2026-09-24,0.08040903055522079,14.73
sz300767,2026-09-24,0.08032044282387343,21.16
sz000709,2026-09-24,0.08031813394777831,2.01
sz002476,2026-09-24,0.08024485961844265,5.02
sz300441,2026-09-24,0.08020409394427597,7.14
sz300570,2026-09-24,0.08013294986735925,219.11
sz000510,2026-09-24,0.08010515418753103,18.55
sz301265,2026-09-24,0.07993175770979433,21.82
sz002160,2026-09-24,0.07988648328380432,3.85
sh600391,2026-09-24,0.07986759857334358,40.98
sz000788,2026-09-24,0.07977345375547117,5.38
sz300101,2026-09-24,0.0796872288401606,14.51
sh688479,2026-09-24,0.07965095325256875,37.22
bj920571,2026-09-24,0.07964204192237126,9.53
sz301075,2026-09-24,0.07960218591872925,66.26
sh603801,2026-09-24,0.07959506294588262,6.2
sz300008,2026-09-24,0.07957032844244744,6.33
sz001322,2026-09-24,0.07940444212831144,6.51
sh688548,2026-09-24,0.07934614808943667,33.32
sz300143,2026-09-24,0.07931226651247816,7.81
sz001299,2026-09-24,0.0792659689922004,10.16
bj920510,2026-09-24,0.07914373038646215,21.01
sz301008,2026-09-24,0.07911436662469302,58.14
sz002226,2026-09-24,0.0790580664999457,4.99
sh603175,2026-09-24,0.07891043392307509,110.39
sh688531,2026-09-24,0.07889338781894495,138.5
sz300395,2026-09-24,0.07877992880575828,95.56
sh600719,2026-09-24,0.07869761490422947,7.39
sz301028,2026-09-24,0.07862648040112319,13.86
sz002167,2026-09-24,0.07860251842372813,16.19
sh688320,2026-09-24,0.07858293693129759,37.38
sz300043,2026-09-24,0.07854091242610434,4.35
sz001896,2026-09-24,0.07850769126816508,10.79
sz002796,2026-09-24,0.07845237848031675,29.16
sh600470,2026-09-24,0.07836124939605696,5.61
sz300025,2026-09-24,0.07835306127393733,5.85
sz000011,2026-09-24,0.07834984728960745,9.2
sz002587,2026-09-24,0.07832841311886397,5.25
sz002016,2026-09-24,0.0783273846864765,4.67
sh688800,2026-09-24,0.0782859660431662,61.65
sh603226,2026-09-24,0.07818804095849827,31.0
sh600155,2026-09-24,0.07817452721265934,5.94
sh688584,2026-09-24,0.07810724643799649,29.05
sz300488,2026-09-24,0.0780989695440414,37.51
sh603838,2026-09-24,0.07805904767275434,13.24
sz002858,2026-09-24,0.07800216750294604,11.66
bj920263,2026-09-24,0.07798471819689448,6.26
sz002038,2026-09-24,0.07793433421077892,5.65
sz002899,2026-09-24,0.07792953267614273,21.14
sz002004,2026-09-24,0.07791726493286588,4.3
sh688528,2026-09-24,0.0779129718196602,10.31
sz001282,2026-09-24,0.07788045475635323,16.74
sz002225,2026-09-24,0.07783486425286454,3.44
sh603258,2026-09-24,0.07782814944867546,13.92
bj920363,2026-09-24,0.07782223170727208,9.85
sh600084,2026-09-24,0.07781133679881026,4.38
sh601665,2026-09-24,0.07780276704804148,6.97
bj920942,2026-09-24,0.07778676635374332,17.37
sh600433,2026-09-24,0.07769962230068346,3.26
sz000672,2026-09-24,0.07764909219415067,15.56
sz000692,2026-09-24,0.07764222009811989,4.12
sh603255,2026-09-24,0.07761620198469661,32.57
sh600617,2026-09-24,0.07753836741951646,3.24
sh603170,2026-09-24,0.07749242714202746,12.32
sh603011,2026-09-24,0.07742536191709008,25.99
sh688418,2026-09-24,0.07738875907845515,32.0
bj920837,2026-09-24,0.07738748726260279,10.16
sh600410,2026-09-24,0.07738374634902097,15.5
sh603608,2026-09-24,0.07734297742320943,20.34
bj920478,2026-09-24,0.07729784911500526,11.37
sz300135,2026-09-24,0.07729136890282355,3.46
sz002620,2026-09-24,0.07728809990944503,5.72
sh600838,2026-09-24,0.0772230926295089,8.31
sh600738,2026-09-24,0.07719020096183096,4.2
sz300477,2026-09-24,0.07716539618540866,2.64
sz300725,2026-09-24,0.07706012167721496,52.08
sz300649,2026-09-24,0.07696397886638214,27.63
sh603681,2026-09-24,0.07687139577853488,19.86
sz301096,2026-09-24,0.07686160750297169,48.23
sh688690,2026-09-24,0.07682990434056819,46.99
sz000605,2026-09-24,0.0767642553030004,5.95
sh688141,2026-09-24,0.07668540126778423,112.4
sh603082,2026-09-24,0.07659534070171853,46.74
sh688119,2026-09-24,0.07656677132160707,3.84
sz002367,2026-09-24,0.07652620110832092,5.97
sz000717,2026-09-24,0.07649112045341695,2.13
sh601766,2026-09-24,0.07645722289465887,5.97
sz000679,2026-09-24,0.07643544836362097,6.48
sz300942,2026-09-24,0.07640822983618528,6.55
sz002527,2026-09-24,0.07638846089636096,10.75
sh603533,2026-09-24,0.07638399572215189,22.37
sh603938,2026-09-24,0.07632276675107612,48.03
sz300182,2026-09-24,0.07630694520325106,4.91
sz000410,2026-09-24,0.07629156938883372,5.23
sh603778,2026-09-24,0.07623211670231912,8.36
sz000415,2026-09-24,0.07621616233356951,4.11
sh688293,2026-09-24,0.07616416399587521,77.45
sz300870,2026-09-24,0.07609672674990701,202.1
sz001268,2026-09-24,0.07608224009361977,25.99
sz000532,2026-09-24,0.07604139088907232,12.87
sz301630,2026-09-24,0.07603369460248816,215.4
sz301052,2026-09-24,0.07602562930722014,24.31
sz001380,2026-09-24,0.07599709192800189,19.13
sz000932,2026-09-24,0.07599116587928183,3.45
sh601789,2026-09-24,0.07595312111894369,4.19
sh603798,2026-09-24,0.0759098944641874,13.82
sh600183,2026-09-24,0.07590652594754599,137.33
sz301187,2026-09-24,0.0758517026069469,15.72
sz002745,2026-09-24,0.07583797335400128,11.87
sz300257,2026-09-24,0.07573429706895415,18.65
sz300196,2026-09-24,0.07572489708920817,18.84
sz300256,2026-09-24,0.07570754601095309,2.63
sz000012,2026-09-24,0.07562490623459175,3.7
sz301628,2026-09-24,0.07550358546061092,113.5
sz300263,2026-09-24,0.07544502027252514,10.64
sh603159,2026-09-24,0.07538379270264665,23.03
sz300597,2026-09-24,0.0753499981257474,7.95
sz300247,2026-09-24,0.07530329578762131,3.75
sz301011,2026-09-24,0.07526766656248945,15.96
sz002668,2026-09-24,0.07526639836741475,8.93
sz002198,2026-09-24,0.07525443139100195,3.61
sh605399,2026-09-24,0.07525388053835334,11.59
sz002676,2026-09-24,0.07520247331366509,5.26
sz002036,2026-09-24,0.07516659271113214,6.16
sh688202,2026-09-24,0.07515499295156237,107.91
sh603119,2026-09-24,0.07515007945154678,56.42
sz003036,2026-09-24,0.07512195785186576,56.56
sz002356,2026-09-24,0.0749790648253455,2.67
sh600136,2026-09-24,0.0749725797689818,1.48
sz300685,2026-09-24,0.07491261750144024,20.81
sz300835,2026-09-24,0.0749083956664072,189.93
sz000739,2026-09-24,0.07490340048840188,25.3
sz000983,2026-09-24,0.07488860372083567,6.53
sh601778,2026-09-24,0.0748777232783917,3.42
sh688291,2026-09-24,0.07475513623910404,42.3
sz002655,2026-09-24,0.07475492591267198,37.43
sz300403,2026-09-24,0.07472500661085663,8.93
sz300489,2026-09-24,0.07471488262153102,271.15
sz301178,2026-09-24,0.07471075906198987,35.88
sz300878,2026-09-24,0.0746322821881058,30.9
sz300153,2026-09-24,0.07454032581132171,26.69
sh600736,2026-09-24,0.07443302997630885,6.56
sh688559,2026-09-24,0.07441866925762403,58.33
sh688248,2026-09-24,0.07432145535117915,47.47
sz002286,2026-09-24,0.07427602208430692,8.46
sz000931,2026-09-24,0.07427134123755413,4.52
sh601872,2026-09-24,0.07423851805955166,20.93
sz301683,2026-09-24,0.07414585339893581,102.79
sz000530,2026-09-24,0.07399829447232568,5.2
sh600525,2026-09-24,0.07398735732467339,4.88
sh688719,2026-09-24,0.07380530423306693,59.32
sz300420,2026-09-24,0.07378906151660601,7.92
sz002856,2026-09-24,0.07361275723600778,17.79
sz000034,2026-09-24,0.07357740061304971,24.15
sz300936,2026-09-24,0.07355022317720752,78.94
sz002515,2026-09-24,0.07354321838522941,7.4
sz002581,2026-09-24,0.0735381541279521,4.97
sz003040,2026-09-24,0.07352390806249351,14.5
sh601008,2026-09-24,0.07348134645047662,4.4
sh601880,2026-09-24,0.07347719922376225,1.45
sz000635,2026-09-24,0.07346663138447256,7.49
sz301060,2026-09-24,0.07339854506732273,11.86
sz300817,2026-09-24,0.07333379307857944,16.52
sh603093,2026-09-24,0.07330817232609065,13.4
sh600894,2026-09-24,0.07329301853378073,7.77
bj920807,2026-09-24,0.07317663024138545,9.51
sz300230,2026-09-24,0.07316967332390001,4.35
sz000058,2026-09-24,0.07310477894147092,7.04
sh688279,2026-09-24,0.07307621303675013,213.56
sz300607,2026-09-24,0.07304627158954231,32.22
sz000703,2026-09-24,0.07297937361325157,17.24
sz300100,2026-09-24,0.07297471086591333,21.14
sh688670,2026-09-24,0.07295952288683985,18.21
sh603203,2026-09-24,0.07291525907621124,47.1
sz002481,2026-09-24,0.07288316562281506,4.16
sz300271,2026-09-24,0.07286690345829734,5.69
bj920578,2026-09-24,0.07281383285686041,17.35
sh688478,2026-09-24,0.07278561319840246,50.64
sz002742,2026-09-24,0.07273939893668488,4.14
sz001260,2026-09-24,0.07273778299938757,19.24
sz300310,2026-09-24,0.07258499361111236,4.23
sh688138,2026-09-24,0.07255551985071766,40.15
sz000966,2026-09-24,0.07254159114994452,3.9
sz300759,2026-09-24,0.0725409773058876,43.5
sh600982,2026-09-24,0.07247048748831457,4.86
sh603083,2026-09-24,0.07239264552552589,209.63
sh688806,2026-09-24,0.07236909705088213,25.5
sz001217,2026-09-24,0.07236696954854817,11.03
sh603466,2026-09-24,0.07236456237787205,12.11
sh605388,2026-09-24,0.07233957648239947,6.05
sh600067,2026-09-24,0.0723066786186474,2.63
sz300718,2026-09-24,0.07227590855012181,54.38
sz300157,2026-09-24,0.0722718079272931,3.65
sz002048,2026-09-24,0.07224678552645454,18.36
sz002811,2026-09-24,0.07223232042219807,16.36
sz301107,2026-09-24,0.07201316606820932,25.29
sz300177,2026-09-24,0.07199798219764132,6.15
sh605122,2026-09-24,0.07188050594140945,12.39
sz300798,2026-09-24,0.0718662789852659,8.38
sz000875,2026-09-24,0.07185940594301013,4.62
sh603709,2026-09-24,0.07180764299353651,12.81
sh600707,2026-09-24,0.07175918799361465,9.49
sh688626,2026-09-24,0.07174036374434506,44.06
sz300165,2026-09-24,0.0717379271167531,5.07
sh601616,2026-09-24,0.0717264947076572,3.77
sh603015,2026-09-24,0.07171065654285805,10.54
sh688382,2026-09-24,0.07166903324397704,18.75
sz300478,2026-09-24,0.07166705664772484,34.77
sh688035,2026-09-24,0.07164347631820839,78.54
sh603823,2026-09-24,0.07164019664499473,45.42
sh600866,2026-09-24,0.07163665313786842,4.12
sh688339,2026-09-24,0.07152121327416969,18.1
sz000534,2026-09-24,0.0714790766886477,22.64
sz001389,2026-09-24,0.07147624199361965,181.16
sh688290,2026-09-24,0.07134942058968903,61.0
sz001232,2026-09-24,0.07134777911212131,199.48
sz300195,2026-09-24,0.07132369892580259,6.3
sz300449,2026-09-24,0.07132271387491926,6.73
sz301355,2026-09-24,0.07131967677730672,11.98
sh688280,2026-09-24,0.07131018648714349,4.88
sz301160,2026-09-24,0.07121084079364369,45.11
sh688573,2026-09-24,0.07118505864465097,15.9
sz003002,2026-09-24,0.07115097399565222,15.4
sz300834,2026-09-24,0.07114403165846363,40.66
sz000917,2026-09-24,0.07111899427840097,6.84
sh688388,2026-09-24,0.0710973001520944,30.0
sz002385,2026-09-24,0.07107238590749723,3.09
sh603558,2026-09-24,0.07104729671559182,13.31
sz002295,2026-09-24,0.07104051505080353,9.88
sz300141,2026-09-24,0.07096380149713254,9.93
sz002863,2026-09-24,0.07094052793537664,4.76
sh600714,2026-09-24,0.07085678404733056,18.51
sh688429,2026-09-24,0.0706048842044207,10.09
sh688090,2026-09-24,0.07060256533816205,83.31
sz001227,2026-09-24,0.0705741764390887,2.07
sh600567,2026-09-24,0.07048829510494088,1.32
sh688523,2026-09-24,0.07037842912333962,39.52
sh600226,2026-09-24,0.07036548714104991,5.78
sz300532,2026-09-24,0.07035572172237013,7.41
sz300333,2026-09-24,0.07031030650570654,11.6
sz300150,2026-09-24,0.07030913886825395,4.17
sh600339,2026-09-24,0.0702746791607977,3.23
sh600596,2026-09-24,0.0702513176161858,11.2
sh600805,2026-09-24,0.0701390403477176,4.56
sz000529,2026-09-24,0.07013642480116543,4.97
sz300772,2026-09-24,0.07011388727932054,9.47
sz301085,2026-09-24,0.0700926084320501,83.99
sz301071,2026-09-24,0.07007346360497758,69.04
sz000652,2026-09-24,0.07005077689607891,3.31
sz300149,2026-09-24,0.07004555450461089,9.65
sh601226,2026-09-24,0.07002840485539173,6.53
sz301201,2026-09-24,0.07000608775403368,30.15
sz002165,2026-09-24,0.06992738169558474,6.89
sz002607,2026-09-24,0.06992729965479914,1.88
sz002646,2026-09-24,0.06992396314741929,7.08
sh600778,2026-09-24,0.06977380802502597,5.75
sh688020,2026-09-24,0.06976814585889762,150.05
sz300802,2026-09-24,0.06976222465847108,26.26
sh688152,2026-09-24,0.06969481786408774,35.23
sh601288,2026-09-24,0.06969145821337705,6.87
sh600841,2026-09-24,0.06965046676084664,5.63
sz300160,2026-09-24,0.0696479132654901,4.46
sh601360,2026-09-24,0.06964773642497012,8.95
sh603826,2026-09-24,0.06958671096949809,17.02
sz000008,2026-09-24,0.06957991402918484,2.38
sh688079,2026-09-24,0.06948491211438201,17.51
sz300407,2026-09-24,0.06947502877516876,10.58
sz001259,2026-09-24,0.06946748006849261,45.88
sh600561,2026-09-24,0.06944838131991,5.88
sz300215,2026-09-24,0.06942783391133332,6.45
sz002244,2026-09-24,0.06942699482198468,8.32
sh688126,2026-09-24,0.06940081589375378,24.8
sz003010,2026-09-24,0.06937166875772387,28.45
sh603336,2026-09-24,0.06931235053816666,10.3
sz002105,2026-09-24,0.06926108362388333,6.06
sz001331,2026-09-24,0.06923991212697311,40.89
sh603261,2026-09-24,0.06918779039429225,53.0
sz002123,2026-09-24,0.06918208137347606,7.74
sh600785,2026-09-24,0.06915101726047877,10.54
sh600168,2026-09-24,0.06906116826407656,4.38
sz301171,2026-09-24,0.06893874756545265,33.51
sh600604,2026-09-24,0.06889186308484212,4.81
sh603960,2026-09-24,0.06882228566461408,17.88
sh600233,2026-09-24,0.06877114908453193,17.92
sh605089,2026-09-24,0.06873319828454402,21.26
sz301025,2026-09-24,0.06872240491189513,9.99
sz000767,2026-09-24,0.0687155455548329,3.29
sz002897,2026-09-24,0.06869061076843196,65.71
sz002370,2026-09-24,0.06868219616794903,5.12
bj920237,2026-09-24,0.06861123355413373,10.86
sz000889,2026-09-24,0.06860632145957243,3.7
sz300868,2026-09-24,0.06854111464923505,82.84
bj920682,2026-09-24,0.06849232483674686,5.77
sh603728,2026-09-24,0.0683774852483049,51.07
sz301220,2026-09-24,0.06826207088909979,31.24
sh600367,2026-09-24,0.06825543176150634,36.55
sh688135,2026-09-24,0.06819863265880831,39.55
sz000723,2026-09-24,0.06819409205887932,3.52
sz000050,2026-09-24,0.06817244442585571,6.36
sz002405,2026-09-24,0.06816396057643255,5.95
bj920089,2026-09-24,0.06816048301836661,10.09
bj920002,2026-09-24,0.06809517118744819,51.03
sh600478,2026-09-24,0.06804665878910067,4.41
sz002148,2026-09-24,0.0680347549359075,6.27
sz300063,2026-09-24,0.06798619203987652,8.5
sh603268,2026-09-24,0.06798235972932881,215.9
sh601118,2026-09-24,0.06792101753675632,6.48
sz301446,2026-09-24,0.0679113423779232,39.44
sz300692,2026-09-24,0.06789252056719647,9.11
sh688638,2026-09-24,0.06786143707006922,34.69
sz300265,2026-09-24,0.06784821130885496,12.91
sh600864,2026-09-24,0.06783270233041701,5.7
sz301392,2026-09-24,0.06783264492282455,169.51
sz300238,2026-09-24,0.0677899388527416,11.99
sz000722,2026-09-24,0.06778641785608928,13.29
sh688583,2026-09-24,0.06777659066619943,84.38
sz300120,2026-09-24,0.06769792283162741,7.2
sh600405,2026-09-24,0.06769367984177782,5.05
sh603289,2026-09-24,0.06767771354691031,10.87
sz300322,2026-09-24,0.06764090518939515,17.73
sh600418,2026-09-24,0.0676024015204517,22.93
sz000793,2026-09-24,0.06758241809684805,2.03
sz000100,2026-09-24,0.06752752159528069,4.87
sh603188,2026-09-24,0.06752322846456353,4.5
sh600619,2026-09-24,0.06751697980442051,13.18
sz300553,2026-09-24,0.06749058979145034,65.71
sh603113,2026-09-24,0.06748718008595657,4.83
sz300964,2026-09-24,0.06744697173992313,76.26
sz300162,2026-09-24,0.06740801122521964,7.68
sz002928,2026-09-24,0.06737548150991883,6.2
sz000736,2026-09-24,0.06733368549669837,4.6
sz300323,2026-09-24,0.06726125189162165,11.56
sz000565,2026-09-24,0.06715076139422284,6.43
sh688569,2026-09-24,0.0671008612347041,18.75
sz002384,2026-09-24,0.06704732701975868,185.99
sz002999,2026-09-24,0.06696207064930822,6.35
sz300320,2026-09-24,0.06695494847382726,8.36
sz002761,2026-09-24,0.06689793142562515,7.23
sz301607,2026-09-24,0.06689781297709889,43.46
sh600726,2026-09-24,0.06687072116109877,5.03
sz301551,2026-09-24,0.06683756093469874,22.5
sh600879,2026-09-24,0.06679823436193558,14.31
sh600422,2026-09-24,0.06673356130443998,8.04
sh600496,2026-09-24,0.06672787155350807,3.36
bj920230,2026-09-24,0.0666992736894578,11.05
sh688602,2026-09-24,0.06661747361074412,6.9
sz300133,2026-09-24,0.06659893591727725,7.47
sz002045,2026-09-24,0.06658328608723676,8.89
sz002008,2026-09-24,0.06657484130774823,89.09
sh600624,2026-09-24,0.06652601748024467,4.62
sz300550,2026-09-24,0.06652069983813613,14.06
sz001270,2026-09-24,0.06647872022233735,99.26
sz001339,2026-09-24,0.0664128904000736,76.18
sz300836,2026-09-24,0.06640212621980011,57.4
sh605056,2026-09-24,0.06636704573833012,14.01
sz002973,2026-09-24,0.06633585108368364,12.35
sz300992,2026-09-24,0.0663325341653499,28.44
sz002697,2026-09-24,0.06626293749741544,4.61
sz002284,2026-09-24,0.06621575730459475,9.51
sz301083,2026-09-24,0.06620998379012787,14.6
sh600744,2026-09-24,0.06620208691777171,6.08
sh601696,2026-09-24,0.06618369122844177,11.18
sz002072,2026-09-24,0.06614539877445573,7.36
sh600390,2026-09-24,0.06606857504714092,4.79
sz300176,2026-09-24,0.0660293301725026,4.38
sh600123,2026-09-24,0.0659844371949469,6.98
sh688378,2026-09-24,0.06597601695343847,50.72
sz000729,2026-09-24,0.06596936953530955,10.78
sz300889,2026-09-24,0.06589560247715581,22.75
sz300227,2026-09-24,0.06579220145795608,10.56
sh600791,2026-09-24,0.06576488528724485,6.92
sz000798,2026-09-24,0.0657398247027417,9.98
sh600375,2026-09-24,0.06573345883452558,3.62
sh600644,2026-09-24,0.06571598711589328,8.82
sz000035,2026-09-24,0.06569848565785232,4.79
sh603296,2026-09-24,0.06567701650815962,79.11
sh600379,2026-09-24,0.06565313737156073,14.62
sh601515,2026-09-24,0.06563323634727784,3.21
sh603650,2026-09-24,0.06562086059288348,68.68
sz002955,2026-09-24,0.06551455703899174,37.46
sz002813,2026-09-24,0.06550609914864824,23.1
sh600706,2026-09-24,0.065481997892197,8.17
sz301357,2026-09-24,0.06542174814628403,93.6
sh688621,2026-09-24,0.06541646632374513,72.75
sh600793,2026-09-24,0.0653998287511356,17.0
sh600256,2026-09-24,0.06539347654906798,6.82
sh603176,2026-09-24,0.0653727491441437,5.29
sh601198,2026-09-14,0.06536942555802183,13.06
sz301086,2026-09-24,0.06535911471333396,166.89
sz301396,2026-09-24,0.06535730789665596,176.85
sh601678,2026-09-24,0.06534911155129688,5.76
sz000959,2026-09-24,0.06528649452908931,3.42
sz300716,2026-09-24,0.06528595438415344,17.85
sz301536,2026-09-24,0.06528129514166578,130.6
sh603727,2026-09-24,0.06526580480506142,18.24
sh688131,2026-09-24,0.06522983634281682,103.54
sh603880,2026-09-24,0.06519430143758717,9.12
sz301301,2026-09-24,0.06515690758388622,8.02
sh601636,2026-09-24,0.06507268569052088,5.45
sh600235,2026-09-24,0.06506482314520544,5.86
sh603619,2026-09-24,0.06506423347526281,21.35
sz300009,2026-09-24,0.0650374217587543,8.28
sz300923,2026-09-24,0.06503728768142222,24.14
sh600629,2026-09-24,0.06502080946249664,16.35
sz301393,2026-09-24,0.06501701043871196,66.98
sh600126,2026-09-24,0.06501252433229958,6.06
sh603588,2026-09-24,0.06500115265842522,17.22
sh603958,2026-09-24,0.06499996529662487,18.7
sz300865,2026-09-24,0.06499461058171961,32.8
sz001208,2026-09-24,0.06496183709156718,13.62
sz300401,2026-09-24,0.06495741523764885,15.96
bj920717,2026-09-24,0.0648875366109978,6.76
sz002281,2026-09-24,0.06484824783589746,181.99
sz300429,2026-09-24,0.06480240742666188,11.51
sz002203,2026-09-24,0.0647877686537353,17.78
sh688228,2026-09-24,0.06472694782241586,84.44
sz301210,2026-09-24,0.06472672732637687,30.2
sz002537,2026-09-24,0.06470468342658971,5.62
sz002609,2026-09-24,0.06466976320967027,7.81
sh688509,2026-09-24,0.06466413480818531,4.15
sz000019,2026-09-24,0.06466140489623853,6.78
sh603559,2026-09-24,0.06451875959419949,9.09
sh605299,2026-09-24,0.06450785222319708,12.62
sz000952,2026-09-24,0.06450781458833682,6.48
sh600246,2026-09-24,0.06446051106043665,14.34
sz002131,2026-09-24,0.06445132626416489,4.31
sz000423,2026-09-24,0.06439824156634032,45.15
sh603331,2026-09-24,0.06437702994345149,12.46
sz300593,2026-09-24,0.06437559227410132,33.42
sz301505,2026-09-24,0.06437401574926019,18.28
sh600958,2026-09-24,0.06425130251949103,8.71
sh605055,2026-09-24,0.0640829800583306,8.83
sz301338,2026-09-24,0.06403869760352783,99.92
sz300952,2026-09-24,0.06403378317504567,16.95
sz002191,2026-09-24,0.0640224793980625,3.58
sz002041,2026-09-24,0.06402234295187476,9.94
sz002915,2026-09-24,0.06400202827329693,16.82
sh600655,2026-09-24,0.06399699898715001,4.47
sh603112,2026-09-24,0.06399413618236485,17.56
sh688679,2026-09-24,0.06398322634455751,39.6
sh688289,2026-09-24,0.06396564540470324,16.65
sz300626,2026-09-24,0.06384534641015445,29.12
sh600588,2026-09-24,0.06382941541104042,9.3
sh688319,2026-09-24,0.06377360869794087,31.52
sh600552,2026-09-24,0.06376135212098309,18.2
sz301285,2026-09-24,0.06373501350623739,98.24
sh688629,2026-09-24,0.06371862666929037,116.8
sz300131,2026-09-24,0.06369103876408311,14.51
sh688216,2026-09-24,0.06368393012465598,40.29
sz300922,2026-09-24,0.06364845069996128,17.7
sh600727,2026-09-24,0.06364605082923921,7.61
sh601366,2026-09-24,0.06364481795502268,3.58
sz000698,2026-09-24,0.06364467197524999,3.66
sz002302,2026-09-24,0.06359987193513557,4.69
sh688505,2026-09-24,0.06359077441803442,8.36
sz002526,2026-09-24,0.06358062277810882,2.6
sz002174,2026-09-24,0.06356320417616361,14.01
sz002554,2026-09-24,0.06352088045888642,2.76
sz301100,2026-09-24,0.06348712410931262,15.77
sz300299,2026-09-24,0.06340155727833242,5.42
sz300727,2026-09-24,0.06339691862419779,34.78
sh603879,2026-09-24,0.06333130172695106,4.9
sz002439,2026-09-24,0.06331669241845607,14.35
sh688030,2026-09-24,0.06330558539838646,19.0
sz000636,2026-09-24,0.06329689510525709,56.02
sz300670,2026-09-24,0.06329593991900791,7.41
sz300620,2026-09-24,0.0632943804001702,278.0
sh603322,2026-09-24,0.06328440655721046,29.12
sh688073,2026-09-24,0.06325945832352224,74.55
sh601609,2026-09-24,0.06323860867102372,11.86
sh600267,2026-09-24,0.0631921838246023,11.43
sh600199,2026-09-24,0.06315294280246757,6.94
sh605189,2026-09-24,0.06314006365154612,14.24
sh600827,2026-09-24,0.06313954581371387,7.73
sh688288,2026-09-24,0.06312379180687232,19.9
sz300065,2026-09-24,0.06311341717508445,15.2
bj920932,2026-09-24,0.06311165924972029,10.3
sz001311,2026-09-24,0.0630506186153768,17.14
sh688609,2026-09-24,0.06298289878699447,9.24
sh603648,2026-09-24,0.06293500909867482,9.7
sh688360,2026-09-24,0.06286121302752162,16.4
sh603319,2026-09-24,0.06284319185188102,30.85
sz000153,2026-09-24,0.06283456843310158,6.09
sz001306,2026-09-24,0.06281706348276594,57.19
sz300400,2026-09-24,0.06273606788801918,34.92
sh605138,2026-09-24,0.06273489005808647,6.16
sz300376,2026-09-24,0.06268683403514101,4.13
sz300563,2026-09-24,0.06262857725530303,25.77
bj920926,2026-09-24,0.06260985599361672,9.83
sh688301,2026-09-24,0.06260668499831915,89.1
sh600137,2026-09-24,0.06256168702582382,17.93
sh688519,2026-09-24,0.06255605814690478,295.08
sh603678,2026-09-24,0.06253747740664943,48.05
bj920175,2026-09-24,0.06252993349072633,7.64
sz002188,2026-09-24,0.06252139305506961,5.59
sh600640,2026-09-24,0.06248295380904187,12.16
sz301600,2026-09-24,0.06245005639241451,78.5
bj920640,2026-09-24,0.062446873558605516,27.8
sz002274,2026-09-24,0.06243768318379328,5.95
sz001212,2026-09-24,0.062382162490577785,38.27
bj920553,2026-09-24,0.06228432711069098,6.72
sz300210,2026-09-24,0.06222967558173784,7.13
sh600784,2026-09-24,0.0621965612849658,7.14
sz000048,2026-09-24,0.06210745694630399,18.66
sz301225,2026-09-24,0.062090179085534,60.1
sz300332,2026-09-24,0.06202948541695392,4.82
sz300659,2026-09-24,0.06192510712209878,10.71
sh605001,2026-09-24,0.061909046656316254,5.84
sh603038,2026-09-24,0.06190364413352997,16.75
sz002705,2026-09-24,0.06188176280413623,11.77
sz301205,2026-09-24,0.0618138622806062,308.0
sh603787,2026-09-24,0.06178212471663282,10.46
sz301223,2026-09-24,0.06176681751463542,18.63
sz300374,2026-09-24,0.06176252404897635,10.05
sh688755,2026-09-24,0.0617529663190314,29.83
sh603903,2026-09-24,0.061721276268459885,14.97
sh603031,2026-09-24,0.0617181245126427,39.54
sh600515,2026-09-24,0.06171668367407453,2.69
sz301314,2026-09-24,0.06167868419946442,48.7
sz301296,2026-09-24,0.061659205056587736,6.38
sh688789,2026-09-24,0.06158544453916988,49.72
sh600789,2026-09-24,0.061583924590983406,7.54
sz002075,2026-09-24,0.06157905011307115,3.47
sz300005,2026-09-24,0.06156587490769741,10.86
sh603257,2026-09-24,0.06156173774087037,66.91
sz002809,2026-09-24,0.0614992294355273,8.49
sh603966,2026-09-24,0.06148571276065038,7.54
sh603759,2026-09-24,0.061426591474382515,7.81
sh688071,2026-09-24,0.06142189196640534,35.65
sz300749,2026-09-24,0.061407929981895815,23.97
bj920123,2026-09-24,0.061361205310733476,10.93
sz300045,2026-09-24,0.06134119749369906,11.66
sz300134,2026-09-24,0.061338341772154546,8.42
sz002780,2026-09-24,0.06126236394731575,14.91
sz301281,2026-09-24,0.0612621599362652,49.32
sz002518,2026-09-24,0.06124476406256075,37.12
sh600249,2026-09-24,0.06121510326094489,5.36
sh603418,2026-09-24,0.06120020893995972,45.11
sz300220,2026-09-24,0.06119806042826118,11.21
sh688269,2026-09-24,0.061193799935382875,27.69
sh600962,2026-09-24,0.06119061626663081,26.15
sz000561,2026-09-24,0.06118029799662449,7.68
sz300098,2026-09-24,0.06111966518292004,4.24
sz300667,2026-09-24,0.061115913573336636,15.15
sz002437,2026-09-24,0.061104923331074645,3.5
sz002840,2026-09-24,0.061060511918422204,7.75
sh603536,2026-09-24,0.06103089282184663,9.91
sh688786,2026-09-24,0.06101460763634824,28.59
sz300180,2026-09-24,0.060984007918575285,4.34
sz002693,2026-09-24,0.06095184108728061,8.98
sz300413,2026-09-24,0.06093526148645699,19.0
sz002831,2026-09-24,0.060901210609727384,29.0
sz301229,2026-09-24,0.060880303331201556,11.98
sh688696,2026-09-24,0.06082087163810108,83.58
sz002848,2026-09-24,0.06078377812635946,15.44
sz300975,2026-09-24,0.06074041721657926,26.03
sh688367,2026-09-24,0.060711512099033256,30.9
sh688207,2026-09-24,0.06068626299989276,19.72
sz000949,2026-09-24,0.06065249375191541,6.86
sh688031,2026-09-24,0.06059074408358387,103.7
sh688698,2026-09-24,0.06056294546462673,43.87
sh601231,2026-09-24,0.06054209349791129,25.45
sh600223,2026-09-24,0.06052229090918599,5.6
sz001211,2026-09-24,0.06050038867511217,25.68
sh603016,2026-09-24,0.060482464217627735,32.52
sh688683,2026-09-24,0.06046666151398846,31.86
sh601933,2026-09-24,0.060458659660007324,3.0
sh688329,2026-09-24,0.060447411622864544,23.32
sz002641,2026-09-24,0.06042835405994145,3.78
sz002791,2026-09-24,0.06041164158336046,15.48
sh603867,2026-09-24,0.06033812776653895,34.97
sh600119,2026-09-24,0.060295753487489265,5.0
sz301468,2026-09-24,0.06026800087972321,32.11
sh600118,2026-09-24,0.060237055127026935,57.91
sh603866,2026-09-24,0.060187307490338314,4.15
sz300175,2026-09-24,0.06016843017959828,5.35
sh603893,2026-09-24,0.060131662571852026,219.05
sz002611,2026-09-24,0.06013097416635567,14.44
sz300375,2026-09-24,0.06011297879367425,4.07
bj920122,2026-09-24,0.060069562571078886,24.2
sh605188,2026-09-24,0.06003875348112212,12.71
sz000525,2026-09-24,0.05994237199135952,4.47
sz000597,2026-09-24,0.05993856336515727,4.71
sz300720,2026-09-24,0.05988986203669689,61.8
sh603276,2026-09-24,0.05986999229150018,17.91
sh600010,2026-09-24,0.059867501889386644,2.09
sz300545,2026-09-24,0.05985160272906799,27.72
sz300044,2026-09-24,0.05982059519772373,6.14
sz002104,2026-09-24,0.05979676775345522,10.54
sh603628,2026-09-24,0.059786371207834275,10.33
sh600001,2009-12-15,0.059769369345294,5.29
sz000007,2026-09-24,0.0597643838822802,11.64
sz002661,2026-09-24,0.05973177139111158,7.55
sh600579,2026-09-24,0.05972848608295553,7.16
sz300132,2026-09-24,0.05966862254296769,6.24
sz300605,2026-09-24,0.059644274020970084,10.24
sz002324,2026-09-24,0.05963187415149231,8.99
sh600072,2026-09-24,0.059595699286479134,8.77
sh688710,2026-09-24,0.05955394554722581,96.0
bj920108,2026-09-24,0.059545542081912345,8.52
sh603306,2026-09-24,0.05951027465628404,79.92
sh688013,2026-09-24,0.05943845094559977,25.22
sh603909,2026-09-24,0.05941869277825709,9.88
sh600979,2026-09-24,0.05941847087934421,3.86
sz002132,2026-09-24,0.05935779739502159,4.09
sz301079,2026-09-24,0.05933412285940013,27.64
sh688199,2026-09-24,0.059320870060876864,25.51
sz301018,2026-09-24,0.05930901855489245,97.6
sz300846,2026-09-24,0.059266384045608314,19.79
sz300600,2026-09-24,0.05923669344903797,10.27
sh600589,2026-09-24,0.0592325849913107,7.66
sz000630,2026-09-24,0.05922732612616993,5.89
sh688259,2026-09-24,0.05922569995214812,33.34
sz300444,2026-09-24,0.05922559156572413,8.64
sz002046,2026-09-24,0.05922477414460532,63.9
sz301388,2026-09-24,0.05920002034664602,25.46
bj920271,2026-09-24,0.059194661788275565,8.96
sz002989,2026-09-24,0.05917057016513997,25.83
bj920247,2026-09-24,0.05912924381623915,14.52
sz001360,2026-09-24,0.059094816497607686,19.79
sz300916,2026-09-24,0.05909147693369532,27.76
sh600287,2026-09-24,0.059088022167605454,4.97
sz002092,2026-09-24,0.05908187218856798,4.35
sz300458,2026-09-24,0.0590370014968504,33.41
sz000020,2026-09-24,0.05903432052971783,13.31
sh601117,2026-09-24,0.059015837815496824,7.22
sz000626,2026-09-24,0.05901244961506012,8.96
sz002173,2026-09-24,0.058990190977784226,17.66
sz300022,2026-09-24,0.0589694278242585,7.87
sh688395,2026-09-24,0.05894639180559318,26.35
sh600737,2026-09-24,0.05894179138612895,14.75
sh600975,2026-09-24,0.05893425265391613,5.08
sz002902,2026-09-24,0.05893356503662706,27.86
sh600810,2026-09-24,0.0588949925423889,6.25
sh688196,2026-09-24,0.058874754331446025,33.56
sz301126,2026-09-24,0.058868679634116725,10.36
sz003037,2026-09-24,0.05882414535144585,5.8
sz002506,2026-09-24,0.05880505262048848,2.36
sz300694,2026-09-24,0.05879629229893625,10.69
sz300173,2026-09-24,0.058793179107091,3.31
sz000612,2026-09-24,0.05879226730595601,10.71
sz002888,2026-09-24,0.05879085177754087,19.03
sz002513,2026-09-24,0.058735605552347275,5.31
sz002632,2026-09-24,0.05872207669969497,9.59
sh601222,2026-09-24,0.05870839650739014,5.88
sh600351,2026-09-24,0.058702948621880635,6.67
bj920579,2026-09-24,0.058695647596382336,13.9
sh600603,2026-09-24,0.05865500115865701,4.62
sh601908,2026-09-24,0.05863128798810247,2.89
sh688332,2026-09-24,0.058600464977807645,93.84
sh688510,2026-09-24,0.05859868418554612,23.98
sz300269,2026-09-24,0.058594277653967464,4.54
sz002763,2026-09-24,0.058571039221532395,7.39
bj920925,2026-09-24,0.05840897781510442,11.16
sz003031,2026-09-24,0.05839549518321942,129.35
sz300079,2026-09-24,0.05839004537080832,4.79
sz300209,2026-09-24,0.058342776952340025,36.35
bj920211,2026-09-24,0.05833734300961047,95.0
sh688266,2026-09-24,0.05833558286745018,108.95
sh601088,2026-09-24,0.05833231893449411,48.03
sh600463,2026-09-24,0.058267432749798856,8.15
sh600460,2026-09-24,0.05818882949676106,32.72
sh603270,2026-09-24,0.05818878613709765,35.71
sz002861,2026-09-24,0.05817548676938031,14.73
bj920000,2026-09-24,0.058125418650676955,14.27
sh688123,2026-09-24,0.05811034776492933,159.55
sz301039,2026-09-24,0.058110326483966135,7.19
sz002773,2026-09-24,0.058083828848108116,20.42
sz002204,2026-09-24,0.05808288201348893,5.41
sz300151,2026-09-24,0.057991298704598376,20.63
sh601169,2026-09-24,0.05795661114296995,5.49
bj920222,2026-09-24,0.05795632944567608,24.94
sh603655,2026-09-24,0.057945639976720566,32.66
sz301290,2026-09-24,0.0578889444956333,29.5
sh600683,2026-09-24,0.05787946027694206,9.32
sz300778,2026-09-24,0.057806417428697424,10.85
sz300648,2026-09-24,0.057762441430652324,39.19
sz300002,2026-09-24,0.057747147009850765,7.98
sz301049,2026-09-24,0.057735016808925156,20.63
sz300869,2026-09-24,0.05771989570737876,11.46
sz002930,2026-09-24,0.05771262172620654,9.17
sh600686,2026-09-24,0.05767535691966347,10.88
sh603035,2026-09-24,0.05765704833207891,10.54
sz002735,2026-09-24,0.057623028638936986,11.38
sz002755,2026-09-24,0.05759150243411679,12.6
sz002540,2026-09-24,0.05759112415238956,4.98
sz002541,2026-09-24,0.05755872560507764,18.26
bj920126,2026-09-24,0.05749189241296676,9.86
sz301331,2026-09-24,0.0574549831495438,21.61
sz300756,2026-09-24,0.05744704100300087,32.39
sz301252,2026-09-24,0.0574198148120322,40.72
bj920039,2026-09-24,0.05740847717866343,7.59
sz300780,2026-09-24,0.0573793916956565,20.13
sz000156,2026-09-24,0.0573764190166729,7.02
sz001215,2026-09-24,0.05736649047267777,33.36
sh605066,2026-09-24,0.057360035544307714,6.71
sh600869,2026-09-24,0.05734977943891125,19.83
sz002457,2026-09-24,0.057337129422043075,11.09
sh600577,2026-09-24,0.057332676350085994,8.62
sh688098,2026-09-24,0.05731780433529282,8.37
sh688820,2026-09-24,0.05729313560851066,128.02
bj920806,2026-09-24,0.057288441618353114,9.95
sh600868,2026-09-24,0.057283360230933916,2.72
sz000950,2026-09-24,0.05727498925091324,5.19
sh600066,2026-09-24,0.05723965393960784,26.01
sz300317,2026-09-24,0.0572235641568878,3.98
sh603506,2026-09-24,0.05716430688020315,12.08
sh603725,2026-09-24,0.05713897810197053,11.39
sz002130,2026-09-24,0.05712521325950253,16.09
sz001225,2026-09-24,0.057106637339246265,34.6
sz002012,2026-09-24,0.05710253060075113,7.05
sz300253,2026-09-24,0.05705710969602694,6.9
sz301337,2026-09-24,0.05704838771161792,27.85
sh688371,2026-09-24,0.0570442149203309,24.84
bj920436,2026-09-24,0.05703224170858125,10.68
sh688781,2026-09-24,0.0570123184699369,45.02
bj920541,2026-09-24,0.05701162885394219,9.44
sh603096,2026-09-24,0.056998903855905385,15.96
bj920580,2026-09-24,0.056981331735147835,10.94
sz000702,2026-09-24,0.05698084146816451,5.69
sh605196,2026-09-24,0.056957508562821835,34.7
sh600120,2026-09-24,0.0569406243418757,4.64
sz300867,2026-09-24,0.056920158508083234,17.62
sz301349,2026-09-24,0.05688539847512799,46.15
sz002803,2026-09-24,0.0568432549861632,19.42
sz300877,2026-09-24,0.05683139808006809,27.45
sz002678,2026-09-24,0.05679900257107421,4.39
sz002053,2026-09-24,0.05679433304593809,9.44
sh688047,2026-09-24,0.05673893437486015,104.7
sh688139,2026-09-24,0.05673561254969159,34.6
sh688511,2026-09-24,0.0567264382899928,23.06
sz002108,2026-09-24,0.056717457187986466,4.36
sh688247,2026-09-24,0.0567134350069386,9.88
sh600330,2026-09-24,0.05668584256391569,28.6
sh688556,2026-09-24,0.05658768420360355,7.85
sz300412,2026-09-24,0.05653041653262352,4.5
sh600730,2026-09-24,0.056520665564964045,8.91
sz301312,2026-09-24,0.05651966002003185,87.0
sh603507,2026-09-24,0.05649624546225535,26.75
bj920974,2026-09-24,0.05645143493599687,6.24
sh600971,2026-09-24,0.056438415084873475,8.46
sz002900,2026-09-24,0.05641520573875158,12.61
sh600105,2026-09-24,0.056394671220591726,42.53
sh688352,2026-09-24,0.056393323061907516,19.09
sz300905,2026-09-24,0.05637968587253298,37.5
sh688003,2026-09-24,0.056292503929182475,79.3
sz003030,2026-09-24,0.05625259533241848,26.87
sz001266,2026-09-24,0.05624656057202694,35.6
sz301053,2026-09-24,0.05622003212283526,36.13
sh600986,2026-09-24,0.05620331104570558,6.88
sh600380,2026-09-24,0.056186814475591755,9.25
sh601619,2026-09-24,0.05616750290914797,3.91
sh688685,2026-09-24,0.05614538895659193,34.52
sh600063,2026-09-24,0.05614398026589559,5.54
sz300644,2026-09-24,0.05610849417993574,21.44
sh603158,2026-09-24,0.05610656805374851,10.51
sh688619,2026-09-24,0.056099846585440254,14.47
sz300171,2026-09-24,0.05608663660630339,15.93
sz300700,2026-09-24,0.05600970116493265,17.42
sh600187,2026-09-24,0.05600334135342924,1.27
sh600746,2026-09-24,0.055969591511100016,6.85
sh600821,2026-09-24,0.05595687274853691,5.77
sz000901,2026-09-24,0.055952785418152455,14.06
sh605183,2026-09-24,0.05594455396744868,16.51
sh688078,2026-09-24,0.05594234659243115,30.92
sh688393,2026-09-24,0.05593502777071574,22.21
sz300862,2026-09-24,0.05592941771132823,56.23
sz301391,2026-09-24,0.05589305374366429,45.52
sz002333,2026-09-24,0.055880212201334566,5.47
sz002656,2026-09-24,0.055852497345603346,2.76
sh688217,2026-09-24,0.05582711499092717,25.65
sz300806,2026-09-24,0.05580934696293729,53.45
bj920971,2026-09-24,0.055723609241084826,28.67
sh600724,2026-09-24,0.05571998809285875,4.96
sz002925,2026-09-24,0.055719230322949516,23.02
sz300221,2026-09-24,0.05569178425987172,14.25
sz300419,2026-09-24,0.055680259933242014,7.44
sz002949,2026-09-24,0.05566094683377919,13.08
sz300128,2026-09-24,0.05565485526736696,4.88
sz300255,2026-09-24,0.055594863054125976,23.11
sh600219,2026-09-24,0.05553518798570467,4.61
sh688233,2026-09-24,0.05552370125021558,100.36
sz300673,2026-09-24,0.05549930184987407,14.82
sz002779,2026-09-24,0.05549524556853644,82.86
bj920642,2026-09-24,0.05547695854176395,9.74
bj920407,2026-09-24,0.0554755916046836,10.58
sz300927,2026-09-24,0.055413514594067396,27.18
sz300860,2026-09-24,0.05540856348288836,29.3
sz000822,2026-09-24,0.05540157212841773,4.22
bj920896,2026-09-24,0.05536528149009059,12.13
sz300951,2026-09-24,0.05533988604353109,90.72
sh688593,2026-09-24,0.055316946690892536,31.01
sh688779,2026-09-24,0.05530384003698901,7.44
sz301016,2026-09-24,0.05527104967899312,15.27
sz002420,2026-09-24,0.05525164855759428,6.08
sz002869,2026-09-24,0.05524966012544048,16.81
sh605118,2026-09-24,0.05523686766180465,33.24
sz002468,2026-09-24,0.055168006213801746,14.87
sh600759,2026-09-24,0.05516589736267865,2.31
sh601399,2026-09-24,0.05514130209163804,3.07
sz301636,2026-09-24,0.05513065211865116,41.42
sh688711,2026-09-24,0.05507289342401345,28.58
sh688313,2026-09-24,0.05499966371266034,157.3
sh603538,2026-09-24,0.05499212758673169,26.76
bj920145,2026-09-24,0.05499143642621796,9.57
sh600051,2026-09-24,0.054982126990155714,6.22
bj920454,2026-09-24,0.05496590917747854,11.47
sz301588,2026-09-24,0.054950964910390386,26.72
bj920030,2026-09-24,0.05493164798024707,4.75
sz300102,2026-09-24,0.0549022233964044,16.57
bj920768,2026-09-24,0.054891636310313886,7.17
sh600110,2026-09-24,0.05488344910196902,11.89
sz002728,2026-09-24,0.054882240314836774,9.61
sh600498,2026-09-24,0.0548822305081858,41.08
sh603021,2026-09-24,0.05486597997899398,5.19
sz301093,2026-09-24,0.05484206756280483,67.75
sh600218,2026-09-24,0.05483178338678058,7.87
sz300938,2026-09-24,0.05481714526429411,31.4
bj920132,2026-09-24,0.05471799940745023,9.07
sz002232,2026-09-24,0.05470780164439613,14.8
sz301231,2026-09-24,0.05470606506786934,29.92
sh688059,2026-09-24,0.05470437789130065,88.99
sz300460,2026-09-24,0.054698956972426535,9.06
sz301092,2026-09-24,0.054684985713138234,44.9
sz300366,2026-09-24,0.054674726706696965,5.45
sh600481,2026-09-24,0.05467142229371603,3.98
sh688178,2026-09-24,0.05464954812283767,30.11
sz000890,2026-09-24,0.0546480314435457,7.35
sz002786,2026-09-24,0.05464217353117136,7.7
sh688793,2026-09-24,0.05463494132261707,18.25
sz001316,2026-09-24,0.054590621111464475,27.71
sh603326,2026-09-24,0.05458765558534206,7.56
sz002516,2026-09-24,0.05456291002028011,5.76
sh688658,2026-09-24,0.05453934407265781,13.17
sh605011,2026-09-24,0.05453055231152388,17.3
sz003022,2026-09-24,0.05451798944641663,19.18
bj920021,2026-09-24,0.05450658879782803,7.87
sh600055,2026-09-24,0.054451217116883,10.52
bj920266,2026-09-24,0.05445038407029124,7.12
sh600173,2026-09-24,0.05440690282379596,5.78
sz300793,2026-09-24,0.05438744914493168,11.92
sz301197,2026-09-24,0.05431599411444742,27.56
sz300658,2026-09-24,0.05431261793092474,10.56
sz002175,2026-09-24,0.05430679598076046,2.5
sh601519,2026-09-24,0.05427646576044704,8.52
sz000969,2026-09-24,0.054233932106197945,16.86
sz301387,2026-09-24,0.05423323654828315,55.67
sh600468,2026-09-24,0.054201102983033086,6.05
sz300981,2026-09-24,0.054184420389940424,17.61
sz000919,2026-09-24,0.05415003945397207,6.42
sh688136,2026-09-24,0.054146897577429826,23.27
sh688309,2026-09-24,0.0540952617300872,77.2
sh603407,2026-09-24,0.05408383569042853,61.5
sh688061,2026-09-24,0.05405162887439409,46.49
sh688486,2026-09-24,0.054030352051621384,49.0
sh688591,2026-09-24,0.05395047105714469,32.45
sz002381,2026-09-24,0.05393371799836544,5.55
sz300560,2026-09-24,0.05391761353869973,17.19
sh600169,2026-09-24,0.053911247076653,2.18
sz002418,2026-09-24,0.05388757099291144,4.47
sh603007,2026-09-24,0.05387216217625315,4.55
sz301568,2026-09-24,0.053757579047740714,76.3
sh600731,2026-09-24,0.053689477982343865,5.89
sh688387,2026-09-24,0.053675053197909314,12.31
sz300258,2026-09-24,0.053653793082703745,8.95
sz002798,2026-09-24,0.05364922576233198,6.6
sz003035,2026-09-24,0.053624711389989387,5.31
sz300540,2026-09-24,0.05362306990248217,26.49
sz002256,2026-09-24,0.053617207364762554,3.14
sz000548,2026-09-24,0.0535781669734646,4.58
sz300559,2026-09-24,0.05349607975863124,12.72
sh600728,2026-09-24,0.053474806990059624,4.39
sz300511,2026-09-24,0.05347161895388202,4.84
sz301567,2026-09-24,0.0534619943859626,38.23
sh600300,2026-09-24,0.05345453745050799,3.06
sz001226,2026-09-24,0.05344904465477604,46.69
sh600368,2026-09-24,0.053431048326768635,4.15
sh603130,2026-09-24,0.05339614059908019,38.68
sh603218,2026-09-24,0.053380952367742714,9.31
sh688227,2026-09-24,0.05336864651088374,77.0
sz002792,2026-09-24,0.053362948912220445,33.05
sh600711,2026-09-24,0.0533577858303778,10.43
sz000880,2026-09-24,0.05335375367486663,25.19
sh600835,2026-09-24,0.0533450513026372,18.77
sz300606,2026-09-24,0.053323690745683584,35.98
sz300752,2026-09-24,0.05332150549534549,13.12
sh600688,2026-09-24,0.05330995753049019,2.75
sh601238,2026-09-11,0.05330934717875837,5.09
sz300030,2026-09-24,0.053308144630454246,6.81
sz002307,2026-09-24,0.053289522150292125,2.93
sz300548,2026-09-24,0.05328720024427592,231.02
sz300240,2026-09-24,0.053276956150975344,6.1
sh601952,2026-09-24,0.053239073669838585,9.11
sz002327,2026-09-24,0.05323298241823376,6.14
sh688553,2026-09-24,0.05322765535098268,12.26
sz001356,2026-09-24,0.053185073481554296,9.5
sz301310,2026-09-24,0.05318334193411873,55.47
sz000995,2026-09-24,0.05312156921717975,11.44
sz002050,2026-09-24,0.05310069619911297,36.08
sz301591,2026-09-24,0.05309951149195711,43.08
sz300729,2026-09-24,0.053091116797113,11.3
sz001378,2026-09-24,0.05307522340053318,23.17
sh603327,2026-09-24,0.053064788180934346,8.27
bj920180,2026-09-24,0.05306327602612647,11.74
sh688192,2026-09-24,0.053035472923199864,56.45
sz002960,2026-09-24,0.053030785082411526,8.78
sz002957,2026-09-24,0.05292760511240447,41.4
sz300665,2026-09-24,0.05292506247686206,8.86
sz002807,2026-09-24,0.05290034902269713,4.16
sh688197,2026-09-24,0.05287361624440975,37.72
sh600774,2026-09-24,0.05281242961737052,7.7
sz301090,2026-09-24,0.052793322869268466,7.08
sz002144,2026-09-24,0.052769244003899304,10.9
sz002103,2026-09-24,0.052764566043780985,6.69
sz002873,2026-09-24,0.052764204111751395,8.38
sz000539,2026-09-24,0.052662932692323416,4.95
sh600697,2026-09-24,0.052655060475569435,11.38
sz002918,2026-09-24,0.05264709581041989,10.56
sz300281,2026-09-24,0.0526337074896442,7.13
sz002529,2026-09-24,0.05262914384193273,6.59
sz300454,2026-09-24,0.052628239671638315,141.99
bj920523,2026-09-24,0.05260422730958001,14.55
sh600177,2026-09-24,0.052602336597012384,8.29
bj920061,2026-09-24,0.05256915493683709,17.28
sz300567,2026-09-24,0.05256443321280476,202.7
sh603118,2026-09-24,0.052533396092838976,17.76
sz000032,2026-09-24,0.05252293508132182,14.17
sz301372,2026-09-24,0.05247977045315035,34.48
sz301362,2026-09-24,0.05245493247061091,114.79
sh688768,2026-09-24,0.052425740998033224,46.92
sh688070,2026-09-24,0.05242549931629518,36.43
sh603269,2026-09-24,0.05241404412495687,26.03
sh603602,2026-09-24,0.05239114644661608,11.63
bj920415,2026-09-24,0.052381767929524585,8.75
sh688185,2026-09-24,0.052322959282328,81.61
sz000042,2026-09-24,0.05231579369268292,8.25
sh600573,2026-09-24,0.052315176988945,10.0
sh601375,2026-09-24,0.052309788162258154,3.95
sz001223,2026-09-24,0.05230074798648471,43.05
sz002376,2026-09-24,0.052289027869594135,6.75
sz301192,2026-09-24,0.052273939350861706,19.81
sz002436,2026-09-24,0.05224678018419967,43.31
sz301190,2026-09-24,0.05223499980854446,20.79
sz301040,2026-09-24,0.052234085574727473,26.42
sz002215,2026-09-24,0.05217894028458487,9.62
sz000633,2026-09-24,0.05216381817122048,5.25
sz300876,2026-09-24,0.05215401108068653,15.19
sh600997,2026-09-24,0.052150630558791135,5.14
sh603300,2026-09-24,0.05212511042951741,4.55
sz000929,2026-09-24,0.052110885395334636,9.17
sz300551,2026-09-24,0.052103075926628,11.71
sh603613,2026-09-24,0.05209736722799479,19.66
bj920703,2026-09-24,0.05207230311305999,9.53
sh603387,2026-09-24,0.052062913300943245,9.82
sh688272,2026-09-24,0.05205878996249466,29.46
sz300636,2026-09-24,0.05205049953676252,7.04
sh601718,2026-09-24,0.05204745451111848,1.92
sz300755,2026-09-24,0.05203153878704312,11.38
sh688618,2026-09-24,0.052026198663724196,29.06
sz300894,2026-09-24,0.052020261941939684,10.26
sz000716,2026-09-24,0.051985873567304074,4.97
sz300321,2026-09-24,0.05194838963814579,34.43
sz301360,2026-09-24,0.05193419788640436,65.65
sh603103,2026-09-24,0.051930312476543374,16.01
sh600490,2026-09-24,0.05189437930904166,6.79
sh605589,2026-09-24,0.05186299409651111,40.08
sz301669,2026-09-24,0.051856919865198615,26.13
sz000925,2026-09-24,0.05185177534108143,7.93
sz000029,2026-09-24,0.05183304930846768,22.15
sz002313,2026-09-24,0.05180509161444624,8.98
sh600382,2026-09-24,0.05180492935935304,5.64
bj920504,2026-09-24,0.05178366353914115,18.15
sz000856,2026-09-24,0.05177187314519244,8.81
sz001258,2026-09-24,0.05177012286141093,10.44
sz000737,2026-09-24,0.0517179483082204,13.96
bj920012,2026-09-24,0.05171177643129045,54.7
sz002408,2026-09-24,0.051695993139347175,5.32
sz300404,2026-09-24,0.051695989517292394,14.44
sz301317,2026-09-24,0.05166633759849867,48.69
sz300225,2026-09-24,0.05165231963713506,8.08
sz300864,2026-09-24,0.05162165461689109,25.7
sz301191,2026-09-24,0.051604015524269936,84.73
bj920976,2026-09-24,0.05158853795572902,21.65
bj920718,2026-09-24,0.05156580910704058,10.3
sz002654,2026-09-24,0.051518169402185086,13.21
bj920220,2026-09-24,0.05151330784026942,40.5
sz002965,2026-09-24,0.05151000857449694,31.79
sz300887,2026-09-24,0.05150544682408839,7.02
sh600257,2026-09-24,0.051489821524772224,5.48
sh600064,2026-09-24,0.05144438492085216,7.62
sh603032,2026-09-24,0.051440659037109225,18.25
sh603918,2026-09-24,0.05143079100444017,10.41
sh603577,2026-09-24,0.051426754122378994,9.7
sh688469,2026-09-24,0.0514215477497349,8.59
sh688503,2026-09-24,0.05137384519253683,76.01
sh603022,2026-09-24,0.05135568962966274,8.95
sz001914,2026-09-24,0.05131781279729946,8.87
sh605289,2026-09-24,0.05131665187472044,102.05
sh600053,2026-09-24,0.0512855955386768,7.26
sh603009,2026-09-24,0.051276779340753816,47.14
sz002213,2026-09-24,0.05124273849452973,29.2
sz300789,2026-09-24,0.05124262461579308,16.39
sh603229,2026-09-24,0.051087814941561366,8.15
sz000848,2026-09-24,0.051071615448772575,8.06
sh603595,2026-09-24,0.051039697255009994,32.55
sh600663,2026-09-24,0.05103748695586773,8.71
bj920699,2026-09-24,0.05101566610979958,66.18
bj920405,2026-09-24,0.05099689389390483,16.4
sh600186,2026-09-24,0.05098946345998031,13.04
sz300055,2026-09-24,0.05097305680553647,5.73
sh688392,2026-09-24,0.05093618451536153,167.0
sh688160,2026-09-24,0.050935963259755045,97.36
sh601901,2026-09-24,0.05093485839105887,6.74
sz002214,2026-09-24,0.05092073745800283,18.22
sh688201,2026-09-24,0.0508952700101289,7.71
sz300136,2026-09-24,0.050887242398516844,57.3
sz300990,2026-09-24,0.05086528272056985,104.53
sh600999,2026-09-24,0.05085879949998594,17.44
sh600075,2026-09-24,0.050820330287269684,4.53
sz001236,2026-09-24,0.05081007901469724,7.77
sz002272,2026-09-24,0.05079859209462288,15.55
sz300820,2026-09-24,0.05078482346849874,71.94
sz002428,2026-09-24,0.050781996627837986,91.63
bj920260,2026-09-24,0.05078151141020235,8.2
sz001359,2026-09-24,0.05077701204017093,87.89
sz002258,2026-09-24,0.05077245964106015,14.23
sh688499,2026-09-24,0.05076999606876768,37.75
sh600605,2026-09-24,0.0507605967824301,30.25
sh688109,2026-09-24,0.050756619195612425,72.29
sh688566,2026-09-24,0.05069950829362817,27.72
sh600316,2026-09-24,0.05068978657379417,32.91
sz002905,2026-09-24,0.05068653102015923,8.78
sz300679,2026-09-24,0.05068054482771711,44.72
sz000990,2026-09-24,0.050648367989050855,6.34
sz300485,2026-09-24,0.05064479574933398,8.51
sh600217,2026-09-24,0.050591903964769716,3.24
sh601568,2026-09-24,0.05054478238921063,3.59
sh600692,2026-09-24,0.05054463291308622,6.44
sz300421,2026-09-24,0.050508811704053205,17.3
sz002561,2026-09-24,0.050505294753615836,7.33
sz300782,2026-09-24,0.050504027329986025,75.78
sz002498,2026-09-24,0.05045338694903687,6.3
sz002277,2026-09-24,0.050432146404425546,5.25
sz000601,2026-09-24,0.05043208044400833,6.0
sz300076,2026-09-24,0.05039621877608552,4.22
sh603687,2026-09-24,0.050389559737504405,14.97
sh601608,2026-09-24,0.05038659438380721,4.6
sz300246,2026-09-24,0.050372889768446345,15.71
sh600345,2026-09-24,0.05036434272864483,51.89
sh688539,2026-09-24,0.05034654916645369,24.85
bj920556,2026-09-24,0.05032768502770152,6.55
sh603889,2026-09-24,0.05028172256782236,6.03
sz001229,2026-09-24,0.050269703170906406,38.68
sz301123,2026-09-24,0.05025191775021973,76.8
sz000862,2026-09-24,0.05024915304465529,5.23
sz002700,2026-09-24,0.050245951474852356,6.36
sz000886,2026-09-24,0.050164308980209335,4.61
sz300353,2026-09-24,0.050147625507086416,16.86
sz300523,2026-09-24,0.050086744867044945,22.01
sz301368,2026-09-24,0.050069660020807996,38.95
sh600510,2026-09-24,0.05004776933996375,6.67
sz002943,2026-09-24,0.05004704629045839,31.05
sz002707,2026-09-24,0.05000382878102453,5.09
bj920879,2026-09-24,0.05000306594902276,12.33
sh603335,2026-09-24,0.04999956935467096,6.13
sh688668,2026-09-24,0.049998793769934415,232.0
sz301291,2026-09-24,0.04996830709580705,35.11
sh601155,2026-09-24,0.04994303337526485,12.56
sz301151,2026-09-24,0.04993535190492192,21.48
sh603661,2026-09-24,0.04991933538734842,35.05
sh603307,2026-09-24,0.04991212052205547,26.2
sh601216,2026-09-24,0.04990152181588093,4.47
sz301015,2026-09-24,0.0498992637277789,25.23
sz300814,2026-09-24,0.049881810266795445,138.43
sh688661,2026-09-24,0.04986406892855992,102.5
bj920378,2026-09-24,0.049857675269436616,7.06
sz002691,2026-09-24,0.049828565596138616,4.09
sh688302,2026-09-24,0.04980887739702988,32.89
sh600814,2026-09-24,0.049789986455331454,6.89
sh688608,2026-09-24,0.04978601878337814,108.88
sz301233,2026-09-24,0.04972642808949855,35.82
sz300140,2026-09-24,0.0497241467441033,5.26
sz300424,2026-09-24,0.049680321704220105,13.52
sh600884,2026-09-24,0.04966744551296777,11.54
sz002574,2026-09-24,0.049634704544947506,4.97
sh600399,2026-09-24,0.04962743702155405,4.31
sh600830,2026-09-24,0.049595974231804306,8.49
sz300675,2026-09-24,0.0495899255996802,13.1
sz300059,2026-09-24,0.04957917833517943,18.28
sh603308,2026-09-24,0.04957620166962046,38.95
sh600230,2026-09-24,0.04956282577988065,14.34
sz002100,2026-09-24,0.049559176103043064,7.58
sz300683,2026-09-24,0.04952900667840543,25.16
sh688399,2026-09-24,0.04951479685816525,27.63
sz002169,2026-09-24,0.04949607783594834,13.44
sz301130,2026-09-24,0.04946935383746534,28.19
sz300840,2026-09-24,0.049415333889933015,19.27
sh688435,2026-09-24,0.04940731284681642,30.11
sh603977,2026-09-24,0.049402791255963904,11.1
sz002797,2026-09-24,0.04939816105753083,6.21
sz000425,2026-09-24,0.049340639390582475,7.17
sh688513,2026-09-24,0.04933040460230238,50.0
sh688166,2026-09-24,0.0493260634132059,35.0
sz300383,2026-09-24,0.049317584782689335,11.07
sz301580,2026-09-24,0.04928959693497534,57.43
sh603109,2026-09-24,0.049262914504123324,17.72
sz002129,2026-09-24,0.04922549730305638,9.35
sh601700,2026-09-24,0.049221547541181285,6.25
sh600917,2026-09-24,0.04917906175648818,4.79
sz002543,2026-09-24,0.049161426250467856,7.11
sz002051,2026-09-24,0.0491371429645446,8.87
sz002881,2026-09-24,0.04913083092551772,45.53
sz003003,2026-09-24,0.049104302714849495,10.98
sh688653,2026-09-24,0.04909994655323371,15.39
sh603305,2026-09-24,0.049095471975678866,11.17
bj920339,2026-09-24,0.04908101579959161,10.56
sh601002,2026-09-24,0.04907165518629356,5.22
sh688726,2026-09-24,0.04906321357541933,46.55
sz300520,2026-09-24,0.04903676585815185,23.87
sz300948,2026-09-24,0.04899601628940359,19.63
sz300306,2026-09-24,0.048984446854252475,10.54
sh603777,2026-09-24,0.04892507148830125,14.31
sh603615,2026-09-24,0.04888343583285453,18.82
sz300984,2026-09-24,0.04887943045912053,31.91
sz300795,2026-09-24,0.04884399146529652,13.1
sh600157,2026-09-24,0.048843326007423415,1.47
sh603886,2026-09-24,0.04883695164809474,12.5
sz300589,2026-09-24,0.04883453210756865,13.6
sh688239,2026-09-24,0.04882390554866263,55.45
sh603616,2026-09-24,0.04882181565129329,5.6
sh601012,2026-09-24,0.048772626587201245,11.04
sz003004,2026-09-24,0.048729720249070664,58.06
sz002713,2026-09-24,0.048727982923049536,10.47
sz000953,2026-09-24,0.04871068595293891,6.02
sz300800,2026-09-24,0.048653459494809,10.55
sz300261,2026-09-24,0.048635057551313685,4.83
sz300730,2026-09-24,0.04862928267803822,11.38
sh603738,2026-09-24,0.04862814345166538,37.8
sz301128,2026-09-24,0.04859461608900003,117.7
sz002248,2026-09-24,0.04857230752498456,9.48
sz300224,2026-09-24,0.04855569061688017,12.07
sh603690,2026-09-24,0.048551621362197275,24.3
bj920575,2026-09-24,0.048533882679216524,5.11
sz300472,2026-09-24,0.04852435059435366,6.87
sh600396,2026-09-24,0.04843356819533512,12.75
bj920207,2026-09-24,0.04839053063553296,21.32
sz301102,2026-09-24,0.048386841810592725,9.5
sh601377,2026-09-24,0.04836857492825997,5.87
sh688177,2026-09-24,0.04825175657349981,20.83
sz301507,2026-09-24,0.04824928309408862,13.16
sz301188,2026-09-24,0.04815893312307447,35.45
sh601615,2026-09-24,0.048146401964144304,9.65
sz300638,2026-09-24,0.04813577445387227,20.38
sz300656,2026-09-24,0.04811344098282838,29.58
sz000906,2026-09-24,0.048103406055499995,6.18
sh688488,2026-09-24,0.04810134927715382,15.95
sz300655,2026-09-24,0.048099294282057156,13.34
sz301305,2026-09-24,0.04809182894861802,26.3
sz301196,2026-09-24,0.048073074826068374,87.2
sz002456,2026-09-24,0.04807112660735717,6.69
sh600517,2026-09-24,0.04805141571803422,4.84
sz000553,2026-09-24,0.04804430938009975,5.46
sz000061,2026-09-24,0.048017356191108994,5.95
sh688620,2026-09-24,0.04801486166215521,18.01
sh601058,2026-09-24,0.04798854213537014,13.56
sz300616,2026-09-24,0.047961402385697835,10.83
sz002591,2026-09-24,0.04794622795429773,6.37
sh603717,2026-09-24,0.04791402724302884,5.93
sz000421,2026-09-24,0.04791374163721577,5.69
sh600301,2026-09-24,0.047903576583779015,47.65
sh688368,2026-09-24,0.047897476005053174,140.21
sh688365,2026-09-24,0.047892436236456934,16.07
sz300966,2026-09-24,0.04786832067454445,25.48
bj920719,2026-09-24,0.04784867506119573,6.97
sz300504,2026-09-24,0.04783912687358436,18.64
sh688085,2026-09-24,0.04778277524127079,13.15
sz000533,2026-09-24,0.047762023937004384,10.34
sz002887,2026-09-24,0.04771705121892135,9.14
sh601061,2026-09-24,0.04770237804295793,10.83
sz300886,2026-09-24,0.04769908953443324,23.97
sz002542,2026-09-24,0.04766097027136434,1.63
sz300368,2026-09-24,0.04763944794532711,9.37
sh600775,2026-09-24,0.04762738351883252,9.51
sh688193,2026-09-24,0.047605136395184995,49.18
sz300935,2026-09-24,0.04760333470822901,27.61
sh688200,2026-09-24,0.047602255348361974,398.08
sz002488,2026-09-24,0.04760169166399856,7.34
sz300508,2026-09-24,0.047542356579796795,39.05
sh603370,2026-09-24,0.04754102827238847,27.97
sh600319,2026-09-24,0.04753899516977462,6.25
sz300335,2026-09-24,0.04753520516997823,5.44
sh688130,2026-09-24,0.04751111461891473,27.36
sz300997,2026-09-24,0.047494732447446134,15.4
sh688068,2026-09-24,0.04747711284307124,91.89
sh600615,2026-09-24,0.04744059823147858,9.43
sh603106,2026-09-24,0.04743773713466439,7.26
bj920395,2026-09-24,0.047399085636899506,6.66
sz300507,2026-09-24,0.047395728304068324,6.38
sz001210,2026-09-24,0.047392537661753956,28.77
sz000546,2026-09-24,0.04738117982356079,4.35
sz002235,2026-09-24,0.047376523551068056,7.77
sh603156,2026-09-24,0.04736164631925472,43.9
sh688273,2026-09-24,0.047345322494691346,29.43
sz000419,2026-09-24,0.04732603402901079,4.99
sz301398,2026-09-24,0.047325667946356065,38.52
sh688718,2026-09-24,0.047324222307911896,15.13
sh600487,2026-09-24,0.047300307745043006,67.38
sh603136,2026-09-24,0.04728283816922155,9.07
sz300307,2026-09-24,0.047254268881264695,7.23
sh605376,2026-09-24,0.04724728033674703,133.01
sz300965,2026-09-24,0.04720016529423421,43.09
sh600113,2026-09-24,0.04719216353396087,29.1
sz300437,2026-09-24,0.047189353114497165,10.73
bj920566,2026-09-24,0.04718723206025198,9.24
sz300582,2026-09-24,0.04718016840559421,10.6
sh603609,2026-09-24,0.04717708043982821,6.22
sz300746,2026-09-24,0.0471633865152631,15.0
sz300144,2026-09-24,0.047161437373425034,5.69
sh603878,2026-09-24,0.047142555708396656,4.86
sh600348,2026-09-24,0.047139854849856715,8.89
sz000088,2026-09-24,0.04713285262432987,4.5
sz300950,2026-09-24,0.0471195340510713,20.5
sz002752,2026-09-24,0.04711908331329111,6.15
sz002222,2026-09-24,0.04710360128958815,68.07
sh688385,2026-09-24,0.047092190074499655,59.78
sz002153,2026-09-24,0.04707750832875387,7.46
sh601236,2026-09-24,0.04707618797243352,6.89
sh603718,2026-09-24,0.04706258630244519,3.07
sh600933,2026-09-24,0.04703674827980583,13.67
sh603059,2026-09-24,0.04703562842620226,25.6
sh603390,2026-09-24,0.0470117164124232,10.58
sz003041,2026-09-24,0.046998478341048346,41.31
sz300398,2026-09-24,0.04699784447169573,37.77
sz002570,2026-09-24,0.04697979408732744,4.38
sh600446,2026-09-24,0.046961412942646004,10.37
sh603680,2026-09-24,0.04694106485670929,9.99
bj920414,2026-09-24,0.046936940337954244,7.85
sz002896,2026-09-24,0.0469093399638913,61.22
sz301662,2026-09-24,0.046898787246177666,65.38
sh600248,2026-09-24,0.04685878842611601,2.81
sh605151,2026-09-24,0.04685724282967105,18.7
sz001300,2026-09-24,0.04685400284410949,12.39
sz002838,2026-09-24,0.04682712865154439,25.65
sh600328,2026-09-24,0.046811670485654926,5.65
sh603677,2026-09-24,0.04680193129988406,14.44
sh600320,2026-09-24,0.046798527696251285,4.02
sz301598,2026-09-24,0.0467629115497595,51.83
sh603131,2026-09-24,0.04668699830808928,13.99
sz301509,2026-09-24,0.046679736982460564,31.19
sz300021,2026-09-24,0.046672965109192395,3.82
sz300498,2026-09-24,0.0466677963339512,14.51
sz301157,2026-09-24,0.0466591454886605,66.19
sz002603,2026-09-24,0.04663910446560879,15.14
sz002088,2026-09-24,0.046587144993226935,8.05
sz000650,2026-09-24,0.046571872238275865,5.13
sh600061,2026-09-24,0.04653310526337061,6.19
bj920058,2026-09-24,0.04651073516628878,23.29
bj920675,2026-09-24,0.04650999107280851,7.36
sh603811,2026-09-24,0.0464965677291229,6.87
sh688359,2026-09-24,0.046482538618267885,111.09
sz002485,2026-09-24,0.04647464227526493,5.88
sz000045,2026-09-24,0.046442736220244606,11.09
sz000586,2026-09-24,0.04643837106988855,13.41
sh603829,2026-09-24,0.04643617836704213,15.6
sh688508,2026-09-24,0.04639756496904867,84.29
sh603227,2026-09-24,0.04636683924021065,7.4
bj920028,2026-09-24,0.04632088799912096,15.16
sh600858,2026-09-24,0.046303497046435986,4.88
sz002615,2026-09-24,0.04628207656815694,6.35
bj920075,2026-09-24,0.046189433309021546,16.01
sz301323,2026-09-24,0.0461673642051911,77.58
sh603990,2026-09-24,0.04616665128057417,19.12
sz001387,2026-09-24,0.04614932883206149,12.18
sz002637,2026-09-24,0.04611194884678824,10.47
sz301408,2026-09-24,0.046096333989906285,14.85
sh688575,2026-09-24,0.046074462654128345,10.28
sh600635,2026-09-24,0.04606463608979249,4.43
sh600645,2026-09-24,0.04605645266174863,18.91
sz301031,2026-09-24,0.046051517943963345,99.48
sh688592,2026-09-24,0.04604585547834123,23.52
sh688298,2026-09-24,0.04604013776989364,19.18
sh603968,2026-09-24,0.04602131957832996,10.57
sz002109,2026-09-24,0.04601896551091273,2.77
sh600601,2026-09-24,0.04601406601087182,14.24
sz300891,2026-09-24,0.045968443879247985,7.6
sh600104,2026-09-24,0.04594676692353445,10.72
sz000026,2026-09-24,0.04594358703012164,19.75
sz300949,2026-09-24,0.0459302009010224,23.69
sh603606,2026-09-24,0.045920530447305166,35.56
sz001338,2026-09-24,0.045904470838467826,9.1
sz301111,2026-09-24,0.04590317744245172,22.38
sh600388,2026-09-24,0.04588756892572728,17.46
sh600582,2026-09-24,0.04587081578911168,4.83
sz301258,2026-09-24,0.04586244283625995,26.81
sh603348,2026-09-24,0.04585845909460859,14.48
sz002211,2026-09-24,0.04585326283123393,3.8
sz000825,2026-09-24,0.045828103482550266,3.34
bj920001,2026-09-24,0.045817515028144,11.69
sh603488,2026-09-24,0.045785207104627273,7.91
sh688757,2026-09-24,0.04578467826445031,31.7
bj920068,2026-09-24,0.04577431557279826,15.5
sh605218,2026-09-24,0.04576779964818744,14.51
sh688237,2026-09-24,0.04575517904848621,59.0
sh600769,2026-09-24,0.04575394592584593,15.72
sz002783,2026-09-24,0.04574987121605479,8.02
sz301098,2026-09-24,0.04574520232722191,8.9
sz301257,2026-09-24,0.04572867317370652,40.8
sh600128,2026-09-24,0.04572201639742218,8.55
sh603355,2026-09-24,0.04569900576536626,31.1
bj920931,2026-09-24,0.045697086454696285,9.82
sz300450,2026-09-24,0.04568540772570565,32.11
sz002463,2026-09-24,0.04567907990764255,124.05
sz000962,2026-09-24,0.04564320407873242,58.52
sz300096,2026-09-23,0.04559658143959504,9.02
sz300610,2026-09-24,0.04556347313199711,10.49
sh600497,2026-09-24,0.045554809244698666,9.26
sh688257,2026-09-24,0.04551832715114167,58.21
sz301024,2026-09-24,0.04550809739442474,33.96
bj920198,2026-09-24,0.04549574363871196,7.92
sz300007,2026-09-24,0.0454373672573291,31.36
sz002422,2026-09-24,0.04542224163327526,38.86
sh601326,2026-09-24,0.04539353196236893,3.47
sh600215,2026-09-24,0.045393509614121336,6.1
sh605167,2026-09-24,0.04537896658397534,16.4
sz300745,2026-09-24,0.04535218264237651,27.89
sz002817,2026-09-24,0.04534622375701672,6.73
sz300505,2026-09-24,0.04534294743932067,18.77
sh600883,2026-09-24,0.045333989657406135,8.11
sz002187,2026-09-24,0.04533250374452734,5.44
sz300088,2026-09-24,0.045292241965814,7.15
sz300254,2026-09-24,0.04527722595789819,8.85
sh688038,2026-09-24,0.04526102455118603,19.3
sh600241,2026-09-24,0.04519755736290566,7.31
sz300842,2026-09-24,0.04516698164022835,66.21
sh600783,2026-09-24,0.04515932008485646,15.3
sz301133,2026-09-24,0.04512689032665903,26.77
sz300213,2026-09-24,0.04511721389247125,6.45
sz301575,2026-09-24,0.04509261796259403,24.68
sh601991,2026-09-24,0.04508914917967738,5.36
sh688077,2026-09-24,0.045050327000322445,27.86
sz301418,2026-09-24,0.04498806195704455,35.22
sh600333,2026-09-24,0.04498251314575366,6.73
sz301617,2026-09-24,0.04497832321637792,52.92
sz002919,2026-09-24,0.04495101526612476,16.48
sh600326,2026-09-24,0.044949204592704156,6.97
sh603086,2026-09-24,0.04494750615959029,5.83
sh603917,2026-09-24,0.04494018749219229,14.3
sz000065,2026-09-24,0.04491804250987383,9.85
sh600195,2026-09-24,0.044905592540070274,6.64
sh605166,2026-09-24,0.04488889119708082,8.7
sz002317,2026-09-24,0.04488414080790495,23.35
bj920564,2026-09-24,0.044882025928632156,13.76
sz001390,2026-09-24,0.04487939948993377,17.78
sh688721,2026-09-24,0.04482377538543379,41.58
sh603698,2026-09-24,0.04480164292151161,20.95
sz300121,2026-09-24,0.04479985207216324,9.81
sz300049,2026-09-24,0.044798549372380383,47.02
bj920357,2026-09-24,0.04478434281110952,15.31
sz000998,2026-09-24,0.04474253592772205,8.68
sh601116,2026-09-24,0.04473544316625577,10.02
sz300385,2026-09-24,0.0447247138078315,13.36
sz000705,2026-09-24,0.04469412698461426,7.02
sh603155,2026-09-24,0.044693898813546046,15.25
sz001267,2026-09-24,0.0446907941935593,36.75
sz300703,2026-09-24,0.04462922074362672,13.7
sz300785,2026-09-24,0.04456983280876822,34.78
sh688615,2026-09-24,0.044554193022682376,87.11
sz002202,2026-09-24,0.044502425318659444,17.9
sh600888,2026-09-24,0.044465764208354415,9.72
sh600970,2026-09-24,0.04445901207173541,7.68
sz300296,2026-09-24,0.04444951913654697,4.8
sz002889,2026-09-24,0.04444317397583443,12.06
sz301070,2026-09-24,0.044406151490163574,65.6
sh600773,2026-09-24,0.044399520078822766,9.71
sz000715,2026-09-24,0.04437052124989742,5.3
bj920857,2026-09-24,0.04432757457528149,16.52
sh688765,2026-09-24,0.04431498483602592,41.05
sz002120,2026-09-24,0.04431279657086085,6.83
sh600435,2026-09-24,0.044312038747809666,11.16
sz301051,2026-09-24,0.04430816630292255,18.4
sh688051,2026-09-24,0.04430195611793924,25.0
sz002821,2026-09-24,0.044299832856746796,178.3
sz002993,2026-09-24,0.04429969319799367,34.28
sz002412,2026-09-24,0.04428593862724699,9.1
sz000521,2026-09-24,0.044196235796948355,4.33
sh601096,2026-09-24,0.04417592713089022,3.96
sz002566,2026-09-24,0.044174229629567935,6.96
sz002459,2026-09-24,0.04414424916998754,6.7
bj920856,2026-09-24,0.04412835090170002,11.37
sz300241,2026-09-24,0.044111208475391156,5.71
sh603169,2026-09-24,0.044087821972664365,6.02
bj920262,2026-09-24,0.04408203329247529,14.3
sh603683,2026-09-24,0.04407811023656306,16.19
sz002416,2026-09-24,0.04403878514503991,9.06
sh603489,2026-09-24,0.04403774012050495,29.63
sh688133,2026-09-24,0.04402796268488604,22.7
sz300879,2026-09-24,0.04402227327827935,17.71
sz300970,2026-09-24,0.04401047391824309,17.62
sh688156,2026-09-24,0.043987403876774835,22.87
sz301300,2026-09-24,0.043977448701308534,32.73
sh688501,2026-09-24,0.04396053458448741,15.4
sz300976,2026-09-24,0.04396052646986131,62.43
sz300721,2026-09-24,0.04394395435747232,22.21
sh601333,2026-09-24,0.04388564613986521,3.06
sz002903,2026-09-24,0.04388307623059281,29.99
sz002948,2026-09-24,0.04386514890235118,6.04
sh601298,2026-09-24,0.043854849565054796,9.75
sz300537,2026-09-24,0.04385468541248393,21.24
sz301055,2026-09-24,0.04384441897219769,31.51
sh688616,2026-09-24,0.04384385527045765,11.01
sh603039,2026-09-24,0.0438201210586741,35.68
sh688234,2026-09-24,0.043809968030491614,110.35
sz002931,2026-09-24,0.04380989578582138,40.48
sh600610,2026-09-24,0.043783623211819236,7.47
sh688102,2026-09-24,0.04378165437796937,30.9
sz002208,2026-09-24,0.04376920011824473,10.08
sh688317,2026-09-24,0.04375141373278707,18.75
sh603806,2026-09-24,0.04372228827905241,13.9
sz001312,2026-09-24,0.04371924361855557,18.35
sz300986,2026-09-24,0.04371527703450482,11.59
sz300212,2026-09-24,0.04363480968931767,7.7
sz000968,2026-09-24,0.04361961773949272,6.85
sz300747,2026-09-24,0.043552415512022574,39.36
sz301141,2026-09-24,0.04353810723758117,37.79
sh603779,2026-09-24,0.04351980714246438,8.15
sh600965,2026-09-24,0.04350854379064874,2.69
sz002025,2026-09-24,0.04348003859559006,71.35
sh603004,2026-09-24,0.04346300859291567,18.9
sh688008,2026-09-24,0.04344246497415816,214.5
sz300107,2026-09-24,0.043434723382020445,6.6
sz300457,2026-09-24,0.043423348454502304,20.87
sz000593,2026-09-24,0.04341236516238611,21.77
bj920685,2026-09-24,0.04339014149993142,12.53
sh601898,2026-09-24,0.04336748334254438,14.01
sz301389,2026-09-24,0.0433399740383605,59.01
sz300077,2026-09-24,0.04332035317001405,22.3
sh688728,2026-09-24,0.04331550456816043,14.39
sh600595,2026-09-24,0.04329998448452409,5.84
sz002855,2026-09-24,0.04329748650949595,12.91
sh603637,2026-09-24,0.043291121172760995,14.08
sh603166,2026-09-24,0.043264278636446475,10.99
sz000014,2026-09-24,0.04323897119648802,10.64
sz300994,2026-09-24,0.04322617367118717,11.23
sz301089,2026-09-24,0.043164470790538034,23.96
sz300174,2026-09-24,0.04316087413918654,18.55
sz002057,2026-09-24,0.043142559421675636,8.93
sh688380,2026-09-24,0.04313853775405494,42.28
sz000719,2026-09-24,0.043105907584650605,12.09
sz000609,2026-09-24,0.043087298745073194,9.94
sz300229,2026-09-24,0.0430871309761168,12.87
sz300252,2026-09-24,0.043084790837345864,12.2
sh601398,2026-09-24,0.04308257314142073,8.13
sh601133,2026-09-24,0.0430787523966169,25.05
sz300732,2026-09-24,0.04305425994386127,5.74
sz300953,2026-09-24,0.04303742763157363,96.8
sz301519,2026-09-24,0.04303309276308902,12.14
bj920729,2026-09-24,0.0430213349609037,6.55
sh600668,2026-09-24,0.0430153420693533,7.34
sz000567,2026-09-24,0.04300428106968742,5.9
sz300687,2026-09-24,0.04297884869604622,29.45
sh605398,2026-09-24,0.04296888250282396,22.3
sz300663,2026-09-24,0.04296609754601852,7.49
bj920720,2026-09-24,0.04294406087953573,7.81
bj920245,2026-09-24,0.04294107584390196,13.4
sh603660,2026-09-24,0.04292677032108127,9.64
sh688021,2026-09-24,0.04289313136011362,20.22
sh600363,2026-09-24,0.042886484611140786,14.55
sh603711,2026-09-24,0.042861437584988324,11.74
sh688651,2026-09-24,0.04281693116263661,24.94
sh688167,2026-09-24,0.04281332534498012,293.84
sh600598,2026-09-24,0.042801931203890406,12.49
sz000503,2026-09-24,0.04274938143955211,6.76
sz301259,2026-09-24,0.042746402897110666,20.83
sz300586,2026-09-24,0.042742151680511604,9.37
sz300475,2026-09-24,0.0427324026067655,172.87
sz300623,2026-09-24,0.04271112240615243,33.94
sz301682,2026-09-24,0.04271088716251776,113.1
sh688276,2026-09-24,0.042687866830595146,17.75
bj920091,2026-09-24,0.042684564324602194,27.4
sz002500,2026-09-24,0.04267253972517566,5.14
sh688606,2026-09-24,0.04267125015914317,46.82
sz002923,2026-09-24,0.04266168923466985,10.85
sh603822,2026-09-24,0.04265525555928608,62.42
sz300251,2026-09-24,0.042655081945185254,11.01
sz301004,2026-09-24,0.0426459876439673,32.7
bj920527,2026-09-24,0.042629418916530167,14.93
sh688285,2026-09-24,0.04262052003655145,7.62
sz002271,2026-09-24,0.0426058715778564,10.4
sh603610,2026-09-24,0.04259412240179311,13.71
bj920062,2026-09-24,0.04259087883969749,7.06
sz002171,2026-09-24,0.04254873551036045,10.25
sz300087,2026-09-24,0.042547370612117996,5.61
bj920082,2026-09-24,0.04254425074260132,7.83
sh600969,2026-09-24,0.04252598410941392,9.79
sh600153,2026-09-24,0.04252472260585698,8.43
sz001248,2026-09-24,0.042484312316805245,11.69
bj920792,2026-09-24,0.04248407583356072,9.41
bj920223,2026-09-24,0.04247595429963473,13.0
sh603815,2026-09-24,0.042471155171274144,5.09
sh600834,2026-09-24,0.04246691512952338,7.62
sh600674,2026-09-24,0.042461505765779374,16.27
sh688052,2026-09-24,0.04244721042116891,253.01
sh600628,2026-09-24,0.04242101552489766,6.28
sh603682,2026-09-24,0.04240752762567575,9.65
sh601388,2026-09-24,0.04239402547331149,3.15
sz300513,2026-09-24,0.04239203634861729,7.35
bj920270,2026-09-24,0.04238537081963022,11.1
sz000758,2026-09-24,0.042383571675046465,5.8
sz000985,2026-09-24,0.0423813045891542,17.23
sh603006,2026-09-24,0.042376517196898236,10.83
sz002877,2026-09-24,0.04234872177231074,7.45
sz002739,2026-09-24,0.04232120586633237,8.35
sz300378,2026-09-24,0.04229837562140475,37.66
sz002901,2026-09-24,0.042292293690493823,41.34
sh600238,2026-09-24,0.04228261036956683,4.06
sh605318,2026-09-24,0.04227858560770654,76.46
sz003007,2026-09-24,0.042272300199792265,40.76
sz002353,2026-09-24,0.04225902821853341,116.02
sz301448,2026-09-24,0.04224381187725935,51.56
sz002599,2026-09-24,0.04224248458274986,5.58
sz301325,2026-09-24,0.04224068871583828,31.3
sz300232,2026-09-24,0.042230394590535535,5.3
sh600095,2026-09-24,0.04221065958772383,8.82
sh605179,2026-09-24,0.04217070179208691,24.38
sz301255,2026-09-24,0.04214325855347607,19.15
sh688599,2026-09-24,0.04208707017664421,10.89
sh688472,2026-09-24,0.0420674349758019,8.32
bj920158,2026-09-24,0.04206587283373773,7.85
sh688117,2026-09-24,0.04205288441021184,18.82
sh601022,2026-09-24,0.04204778479963039,8.42
sz300083,2026-09-24,0.04202469808958158,12.14
sz301217,2026-09-24,0.04202178802165952,112.3
sz002338,2026-09-24,0.042018387807176184,45.85
sz002079,2026-09-24,0.04200224446087315,8.94
bj920641,2026-09-24,0.042000051168194025,13.05
sz300784,2026-09-24,0.04199983990572487,42.86
sh600796,2026-09-24,0.04199125085503328,5.06
bj920608,2026-09-24,0.041990041663937265,13.61
sh601330,2026-09-24,0.04198410169057263,8.03
sz300326,2026-09-24,0.04195588063845732,6.24
sz002556,2026-09-24,0.04195510036450159,5.08
sz002910,2026-09-24,0.04193399407958762,9.98
sh605268,2026-09-24,0.04192923447467162,10.15
sh605155,2026-09-24,0.041921492211730214,14.67
sz000060,2026-09-24,0.041915640515598845,5.95
sh603088,2026-09-24,0.04186970006164785,10.15
sz301571,2026-09-24,0.04186760715255305,72.16
sh688520,2026-09-24,0.04183370601511258,35.75
sh600710,2026-09-24,0.041826048917437776,11.29
sh600909,2026-09-24,0.04182089336403888,7.82
sz300603,2026-09-24,0.041814159797844114,8.05
sz301068,2026-09-24,0.041780263786328244,25.07
sh601225,2026-09-24,0.04177487158834007,25.83
sh605133,2026-09-24,0.04175541325933488,24.6
sz301056,2026-09-24,0.04174481930217437,13.42
sz301266,2026-09-24,0.0417434961418529,25.35
sz300621,2026-09-24,0.04174008616627172,7.09
sz300625,2026-09-24,0.04173729190092281,10.02
sz002193,2026-09-24,0.04173448095098445,4.65
sh603618,2026-09-24,0.0416877873175714,36.35
sz300126,2026-09-24,0.04167189924024688,6.6
sz301439,2026-09-24,0.041651943869099976,14.08
sz300517,2026-09-24,0.04163714300617305,11.77
sz301202,2026-09-24,0.041626061930469256,37.84
sh601886,2026-09-24,0.04162494575795781,13.1
sz002969,2026-09-24,0.041616915613918413,11.1
sh688069,2026-09-24,0.04161336303226972,37.3
sz300959,2026-09-24,0.04160479437346272,91.04
sh601369,2026-09-24,0.041579882511666916,8.82
sz002988,2026-09-24,0.04157254575124437,31.0
sz301237,2026-09-24,0.041557795402373386,40.27
sh601928,2026-09-24,0.04154896018225438,8.26
sh688211,2026-09-24,0.04151074968769936,33.12
bj920106,2026-09-24,0.04147545233568544,34.17
sh600833,2026-09-24,0.041451003341378086,10.62
sz002234,2026-09-24,0.041443826052881924,7.75
sz300057,2026-09-24,0.04142507775073456,6.31
bj920008,2026-09-24,0.041421045732556463,21.36
sh603800,2026-09-24,0.04139352310199413,58.59
sh603429,2026-09-24,0.04139063705964819,8.7
sh688215,2026-09-24,0.04138361830886759,46.09
sh688807,2026-09-24,0.041372206107692995,335.56
sz301000,2026-09-24,0.041368761179004065,24.39
sh600438,2026-09-24,0.041350108730226896,11.12
sh688720,2026-09-24,0.04133657112208389,67.8
sz300349,2026-09-24,0.04129629726775829,10.33
sh603790,2026-09-24,0.041290378591691206,25.47
sz002569,2026-09-24,0.0412867461462479,11.43
sz301121,2026-09-24,0.041279481090877326,36.19
sz301361,2026-09-24,0.0412774659427539,27.15
sz300235,2026-09-24,0.041276930438306776,11.95
sh688456,2026-09-24,0.04124913816827537,75.12
sh688500,2026-09-24,0.04118522205592536,30.7
sz301680,2026-09-24,0.041180211697626985,102.45
sz300751,2026-09-24,0.04116998514794367,194.5
sh603196,2026-09-24,0.04116885567187906,18.49
sz000711,2026-09-24,0.04114385974847874,4.82
sz300402,2026-09-24,0.04113990827568898,14.79
sz300365,2026-09-24,0.04112691123521379,4.52
sz300217,2026-09-24,0.04112606410828706,4.01
sh600037,2026-09-24,0.041118357787871804,7.07
sz300355,2026-09-24,0.041078453016227603,2.75
sh600782,2026-09-24,0.041065467703332845,2.63
sh688552,2026-09-24,0.041065063019569,29.86
sz300609,2026-09-24,0.04105954923572258,24.91
sz300583,2026-09-24,0.041045451990925554,13.52
sz002956,2026-09-24,0.041031896518016635,17.33
sz300657,2026-09-24,0.0410315209748435,36.04
sz002296,2026-09-24,0.041005950341892555,9.43
sh603329,2026-09-24,0.04099347408437546,10.2
sz002448,2026-09-24,0.04097711551519194,10.89
sz301268,2026-09-24,0.04096032837017686,12.01
sz301211,2026-09-24,0.040940440286285074,12.23
sh688127,2026-09-24,0.04093338273545585,65.78
sz000554,2026-09-24,0.04090832224666953,6.26
sz300681,2026-09-24,0.04080548072635269,22.51
sz002968,2026-09-24,0.04074640095743168,9.75
sz300371,2026-09-24,0.040742386387345585,10.2
sh688331,2026-09-24,0.04072618009839462,116.28
sh688323,2026-09-24,0.040705086130934626,26.61
sz002379,2026-09-24,0.0406772467863854,16.11
sh600816,2026-09-24,0.040659703294322294,2.33
sz002758,2026-09-24,0.04065121418932428,8.62
sz300830,2026-09-24,0.04064328928383113,7.99
sh600529,2026-09-24,0.040640394792241095,18.2
sh688015,2026-09-24,0.04063780056181096,16.96
sh688799,2026-09-24,0.04063078756505853,56.88
sz002644,2026-09-24,0.04062833186324009,8.14
sz000987,2026-09-24,0.04059478319648774,7.26
sh688148,2026-09-24,0.040562007007194284,5.88
sh600918,2026-09-24,0.04055357332193551,5.42
sz300275,2026-09-24,0.04052724820511916,8.96
sh688586,2026-09-24,0.04049151601551329,11.09
sz301042,2026-09-24,0.04048631130014903,30.8
sh603933,2026-09-24,0.040474315926059413,19.33
sh603282,2026-09-24,0.04045292431049179,17.42
sz301248,2026-09-24,0.04044460421735101,58.91
sz301072,2026-09-24,0.04044445342105331,47.47
sh688578,2026-09-24,0.04038893119738799,104.22
sh601228,2026-09-24,0.04037737051172704,3.03
sz301512,2026-09-24,0.040373434299354784,31.67
sh601555,2026-09-24,0.04036146405118681,8.17
sz002363,2026-09-24,0.04035802381356056,6.9
sh600998,2026-09-24,0.04034491993351321,4.84
sz300753,2026-09-24,0.04034108287343503,21.17
sz300303,2026-09-24,0.040323350789624526,6.7
sh603589,2026-09-24,0.04031871975332326,17.58
sh603617,2026-09-24,0.04030805945502769,6.79
sz300824,2026-09-24,0.0402939775250514,7.88
sz301213,2026-09-24,0.0402773692276013,44.5
sh688129,2026-09-24,0.04024962228188337,23.84
sh688002,2026-09-24,0.0402299160569739,178.85
sh603382,2026-09-24,0.04022772326238116,19.16
sh605500,2026-09-24,0.04017367050532623,7.32
sh601019,2026-09-24,0.04015632657446767,6.75
sh600109,2026-09-24,0.040107737410199566,8.1
sh603668,2026-09-24,0.04010746392270168,12.18
sh603332,2026-09-24,0.0401028108877752,12.03
sh601921,2026-09-24,0.040096861284939084,7.54
sz300957,2026-09-24,0.04009183145821329,32.94
sz300883,2026-09-24,0.04006714120842814,6.42
bj920981,2026-09-24,0.04005936938677521,30.53
sh603666,2026-09-24,0.04004336809726967,27.12
sh688560,2026-09-24,0.0400119545282825,12.8
sz301611,2026-09-24,0.04000997675933052,94.53
sz002645,2026-09-24,0.039992949267397625,18.2
sz301326,2026-09-24,0.03997014359139491,105.22
sz300423,2026-09-24,0.039969790168354655,5.41
sz301565,2026-09-24,0.03996823465130245,19.95
sz002828,2026-09-24,0.039956459501858194,10.85
sz002366,2026-09-24,0.039944112540069895,5.58
sz300070,2026-09-24,0.03993552876671115,3.37
sh688571,2026-09-24,0.03992655710497591,8.49
sh603810,2026-09-24,0.03992308517254473,12.01
sh688107,2026-09-24,0.03991081309277264,30.73
bj920821,2026-09-24,0.039910477392108,20.93
sh600103,2026-09-24,0.03988095736131543,3.61
sh688231,2026-09-24,0.039879314636910204,34.65
sh603012,2026-09-24,0.03986530913230909,8.7
sh600158,2026-09-24,0.039858411514763145,7.03
sh688561,2026-09-24,0.03984880069069837,28.61
sh600282,2026-09-24,0.03982923776840534,4.4
sh601179,2026-09-24,0.03981976278246019,11.75
sz301005,2026-09-24,0.039818168146418434,60.86
sz002871,2026-09-24,0.03980816238699255,18.2
sz002083,2026-09-24,0.03977733112601824,9.48
bj920300,2026-09-24,0.03975990387830452,9.61
sh688639,2026-09-24,0.03971943054010971,17.95
sz300581,2026-09-24,0.039651043460803975,10.08
sz003816,2026-09-24,0.03964639835828177,4.19
sh601001,2026-09-24,0.039640637769519385,17.65
sz300792,2026-09-24,0.039634214490003296,24.33
sz300615,2026-09-24,0.039633201046489215,13.86
sz300816,2026-09-24,0.03962215020624214,64.28
sh600757,2026-09-24,0.03961539241094964,7.38
sh603358,2026-09-24,0.03958523963639165,44.73
sh603219,2026-09-24,0.03957568327376007,12.75
sz300811,2026-09-24,0.03955559404438494,83.28
sz300248,2026-09-24,0.03954706251707663,8.2
sz300608,2026-09-24,0.03954099250416201,9.86
sh600151,2026-09-24,0.039510850653177026,9.35
sh603027,2026-09-24,0.039509336663683024,7.29
sz301163,2026-09-24,0.039462859954820025,23.44
sz002953,2026-09-24,0.039458142276138725,10.29
sh600760,2026-09-24,0.03945074810790342,43.03
sz300414,2026-09-24,0.03942845517840038,10.97
sz300200,2026-09-24,0.039422323180794215,8.41
sz002479,2026-09-24,0.039402811821210165,5.83
sh603153,2026-09-24,0.03938143239991687,13.28
sh603192,2026-09-24,0.03936299800205285,21.08
sz301319,2026-09-24,0.039359278734223076,95.33
sh688195,2026-09-24,0.03935583190710971,188.12
sh603707,2026-09-24,0.039355670212714015,7.7
sz300487,2026-09-24,0.0393456671175673,68.71
sh600906,2026-09-24,0.03931520355829116,6.36
sh688091,2026-09-24,0.039314206831577096,39.95
sz000800,2026-09-24,0.03927907496419039,5.86
sz002995,2026-09-24,0.03927783295343914,17.02
sz301526,2026-09-24,0.03927316622183319,29.21
sz002538,2026-09-24,0.03926871949512553,6.61
sz002458,2026-09-24,0.03926111128519441,8.09
sh603236,2026-09-24,0.03926097454996005,72.68
bj920163,2026-09-24,0.03924583156481167,9.62
sh688603,2026-09-24,0.0392360532484312,125.12
sz300652,2026-09-24,0.039234909575180374,28.65
sh603233,2026-09-24,0.0392119970742624,17.55
sh603095,2026-09-24,0.0392063293274761,14.43
sh601108,2026-09-24,0.03920165310574801,8.36
sz002806,2026-09-24,0.039199326641553844,15.21
sz300596,2026-09-24,0.0391978601755988,40.68
sz300231,2026-09-24,0.03918724121933319,8.22
sh603323,2026-09-24,0.03915431487974977,4.41
sh600966,2026-09-24,0.03914626964081117,4.8
sz001696,2026-09-24,0.03914388270161569,15.64
sz300188,2026-09-24,0.039141526566877576,10.51
sz301277,2026-09-24,0.03913984639355,10.24
sz300040,2026-09-24,0.03912104766299614,5.63
sh600415,2026-09-24,0.03912082269194314,10.84
sz301515,2026-09-24,0.039096948569501855,20.38
sz300159,2026-09-24,0.03909140513660748,2.8
sh688652,2026-09-24,0.039056085485958084,144.05
sz300726,2026-09-24,0.039052568397671544,58.43
bj920834,2026-09-24,0.03904547137107195,8.85
sz301315,2026-09-24,0.03903268734278896,44.19
sh688251,2026-09-24,0.03902944324920381,18.45
sz300418,2026-09-24,0.039027979247956875,41.76
sh603630,2026-09-24,0.038996418754117856,14.16
sh603135,2026-09-24,0.038988511269645774,8.76
sh688041,2026-09-24,0.03896964012679952,248.3
sz300066,2026-09-24,0.03893918164141639,4.68
sz002419,2026-09-24,0.03890107578514525,4.55
sz300053,2026-09-24,0.03887929705436428,12.13
sh605228,2026-09-24,0.03887386475118371,11.15
sh603297,2026-09-24,0.038862235275367814,113.32
sz301043,2026-09-24,0.03885111155575556,48.91
sh603843,2026-09-24,0.03884955788071404,6.33
sh605319,2026-09-24,0.038848430639354184,22.29
sz002043,2026-09-24,0.03883832657398076,11.4
sz002842,2026-09-24,0.03883792071759021,32.86
sz002981,2026-09-24,0.03880975304553058,24.24
sh605136,2026-09-24,0.038797916839673034,8.46
sz300781,2026-09-24,0.038775540626834644,26.75
sh605077,2026-09-24,0.03876871034627323,11.46
sz002484,2026-09-24,0.038755353095191486,57.96
sh688409,2026-09-24,0.038753850194682096,186.02
sz002006,2026-09-24,0.03874990020067882,13.56
sz002312,2026-09-24,0.03874937939837864,8.21
sh688401,2026-09-24,0.03874652998771321,70.76
sz002135,2026-09-24,0.0387431580542887,6.0
sh688659,2026-09-24,0.038725721797509834,9.3
sh603458,2026-09-24,0.038678965991870325,10.81
sh603901,2026-09-24,0.03866831417450843,9.5
sz300932,2026-09-24,0.03866448918091045,11.06
sh688097,2026-09-24,0.03866406099576284,44.9
sh688147,2026-09-24,0.038650957964843434,111.0
sz001222,2026-09-24,0.03861664829800188,15.62
sz301169,2026-09-24,0.03856952903023128,53.2
sz000923,2026-09-24,0.03856161721451884,15.75
sz300619,2026-09-24,0.03855558522117573,26.69
sz002972,2026-09-24,0.03855498909021283,13.29
sz002490,2026-09-24,0.03854888504486589,7.15
sz002719,2026-09-24,0.03853083270911958,6.25
sh603087,2026-09-24,0.03852989142532324,73.44
sz002177,2026-09-24,0.03851907922956193,5.43
sz001366,2026-09-24,0.0385130394967141,13.05
sh603126,2026-09-24,0.0384772432512677,6.33
sz300859,2026-09-24,0.038390793096944396,23.59
sz300634,2026-09-24,0.03837453964542521,21.2
sz300978,2026-09-24,0.03836714460470159,8.77
sz000691,2026-09-24,0.0383600673448647,9.08
sz300456,2026-09-24,0.03834809133412609,37.54
sh688717,2026-09-24,0.038325736357498474,41.93
sh688336,2026-09-24,0.03832320032687354,39.21
sz002979,2026-09-24,0.03829355864467287,53.99
sh605178,2026-09-24,0.03826658636436343,69.75
sh603583,2026-09-24,0.038261251447717096,28.08
sh600509,2026-09-24,0.038251226503966736,7.11
sh603259,2026-09-24,0.038242643769521203,162.4
sz300572,2026-09-24,0.038238051554637054,24.58
sz300142,2026-09-24,0.03822727254092674,13.58
sz301333,2026-09-24,0.0382225915699333,64.29
sz000751,2026-09-24,0.038212512252748534,4.45
sh603633,2026-09-24,0.038203549390776116,6.3
sz300661,2026-09-24,0.03819376080818868,120.55
sh688335,2026-09-24,0.03818636979047625,17.6
sh688151,2026-09-24,0.038177425185790474,17.08
sz001319,2026-09-24,0.03817236894498977,21.33
bj920690,2026-09-24,0.038133941489223666,15.55
sz300276,2026-09-24,0.03812584833550968,5.9
bj920576,2026-09-24,0.03810293328758214,38.15
sz000960,2026-09-24,0.03808660524049236,31.61
sz002572,2026-09-24,0.038041612793948215,7.45
sz002243,2026-09-24,0.038034415249328,6.94
sh603000,2026-09-24,0.03803029335480573,16.81
bj920547,2026-09-24,0.038025380744185294,18.72
sz300697,2026-09-24,0.03801492487510006,14.82
sh600797,2026-09-24,0.03800854151315936,6.51
sz300492,2026-09-24,0.03800816082038362,21.96
bj920663,2026-09-24,0.03799756132533378,12.15
sh603090,2026-09-24,0.03796608212859936,37.87
sz002253,2026-09-24,0.03794681922393249,8.7
sh688686,2026-09-24,0.037933095803750726,136.3
sh600973,2026-09-24,0.03792735192647496,5.89
sz301638,2026-09-24,0.0379154394905907,21.1
sh688262,2026-09-24,0.03791197153766919,29.24
sh688595,2026-09-24,0.03790715553666357,31.65
sh600893,2026-09-24,0.037903987119134286,38.29
sh688029,2026-09-24,0.03789694471604539,82.76
sz300331,2026-09-24,0.037881171602848596,47.31
sh600839,2026-09-24,0.03786750284860088,6.57
sh600284,2026-09-24,0.03785730481201856,5.11
sz000066,2026-09-24,0.0378438060697023,14.8
sz300601,2026-09-24,0.03782831076737186,12.88
sh688081,2026-09-24,0.03780000346890572,26.25
sh603612,2026-09-24,0.03777021692784067,16.09
sz300672,2026-09-24,0.03776501776037731,193.3
sh600409,2026-09-24,0.037764681653193105,6.22
sh603863,2026-09-24,0.03776367284746161,12.33
sz301386,2026-09-24,0.03771440445194993,21.51
sz002534,2026-09-24,0.037676496754085353,17.41
sh605186,2026-09-24,0.03767043654774699,26.11
sh688669,2026-09-24,0.03763204062998564,66.92
sz301292,2026-09-24,0.037627779405193955,57.16
sh601677,2026-09-24,0.03762183697544917,16.14
sz300015,2026-09-24,0.03761797956802609,7.91
sz301592,2026-09-24,0.03761187535867377,115.97
sz001332,2026-09-24,0.037604571741243924,27.19
sz301528,2026-09-24,0.03758352637063485,73.96
bj920701,2026-09-24,0.037529369710490854,10.7
sz000933,2026-09-24,0.03748071826700913,25.72
sz000852,2026-09-24,0.03744040911100777,5.32
sh600794,2026-09-24,0.03743466067171091,3.17
sh601212,2026-09-24,0.03742467724912099,5.79
bj920077,2026-09-24,0.0374077194494389,13.15
sz301318,2026-09-24,0.03740188938482848,21.34
sz300614,2026-09-24,0.03738970760022882,10.31
sz001202,2026-09-24,0.03738745994556352,15.08
sz002334,2026-09-24,0.03738526657194779,6.5
sz300204,2026-09-24,0.03736812177483055,20.02
sz000928,2026-09-24,0.037346786527885534,5.29
sh603281,2026-09-24,0.03733425287230146,18.96
sh688226,2026-09-24,0.03733078263098519,30.64
sz301371,2026-09-24,0.03732924533843962,20.88
sz300695,2026-09-24,0.03731977177784797,51.13
sz300696,2026-09-24,0.03731476202293521,20.4
sz002996,2026-09-24,0.0373086347281404,5.88
sz000779,2026-09-24,0.037303859117186054,8.58
sz002688,2026-09-24,0.037295930148763874,5.15
sh688522,2026-09-24,0.037293757216070776,18.4
sh603232,2026-09-24,0.037290190277009826,15.93
sz301207,2026-09-24,0.03728401078423451,19.27
sh603214,2026-09-24,0.03726303311535682,13.5
sh603926,2026-09-24,0.03725520142630332,17.51
sz002406,2026-09-24,0.03723303244586908,6.45
sh600495,2026-09-24,0.037212852471120626,4.08
sh688379,2026-09-24,0.03720488438554696,61.27
sh688701,2026-09-24,0.03719921260633842,8.62
sz301135,2026-09-24,0.03719427599685063,17.91
sz300896,2026-09-24,0.03718269961799277,92.26
sh603459,2026-09-24,0.03716615294178802,85.16
sh601007,2026-09-24,0.03716093723538277,6.8
sh603685,2026-09-24,0.03712841575331268,25.79
sh688275,2026-09-24,0.03711994515421117,67.64
sh688356,2026-09-24,0.037116431303472176,94.79
sz301227,2026-09-24,0.03711612744847878,32.47
sz300184,2026-09-24,0.03709136756677663,11.81
sz301328,2026-09-24,0.03708965613440587,50.39
sh605377,2026-09-24,0.0370834713396491,8.06
sh688689,2026-09-24,0.03707658437443134,41.65
bj920187,2026-09-24,0.03707477924502889,17.05
sz002962,2026-09-24,0.03707366183947876,13.42
sz301149,2026-09-24,0.03706563716075921,8.91
sz301395,2026-09-24,0.037059829225093086,12.08
sh603058,2026-09-24,0.037047234523162616,8.88
sz300222,2026-09-24,0.03704322435339551,9.93
sh601825,2026-09-24,0.03704162672763796,8.7
sh603212,2026-09-24,0.03703480688819301,11.58
sz300863,2026-09-24,0.037028490541926105,41.25
sh688410,2026-09-24,0.037025972665845,9.77
sh688558,2026-09-24,0.03698902091993191,34.08
sh688516,2026-09-24,0.03698890662333939,43.91
sz002241,2026-09-24,0.036988813217284436,23.94
sh688790,2026-09-24,0.03698834088038173,106.17
sh600678,2026-09-24,0.03697215637165142,5.68
sz002657,2026-09-24,0.036959563121376174,14.89
sh603275,2026-09-24,0.036957293001167034,37.26
sz300509,2026-09-24,0.036956099568751996,8.83
sz002282,2026-09-24,0.03693578188104778,6.05
sz000017,2026-09-24,0.0369296805013758,7.53
sz002039,2026-09-24,0.03692940484487921,18.94
sz002850,2026-09-24,0.036914681033992064,169.27
sh688106,2026-09-24,0.03690773823562895,26.82
sh600315,2026-09-24,0.036906657146760134,18.12
sz301078,2026-09-24,0.03688743475372276,6.92
sh688277,2026-09-24,0.03688380542435912,15.29
bj920950,2026-09-24,0.03686237461980503,12.93
sz002961,2026-09-24,0.036852357557898174,13.56
sh603290,2026-09-24,0.03680469550550481,85.95
sh603078,2026-09-24,0.03677811027919923,31.96
sz002052,2026-09-24,0.03675218007332871,8.3
sz300857,2026-09-24,0.03674655103717226,268.58
sz002369,2026-09-24,0.0367313521867812,5.56
sh688448,2026-09-24,0.03669480751032698,65.69
sz000591,2026-09-24,0.03669338104987373,4.16
sz000519,2026-09-24,0.03669322489106912,14.79
sz300518,2026-09-24,0.036692448169332426,25.57
sh600959,2026-09-24,0.036688959979692376,3.09
sz301270,2026-09-24,0.03668428833566256,32.45
sz001313,2026-09-24,0.036666997757359224,7.31
sz002941,2026-09-24,0.036635240982935156,10.4
sz002358,2026-09-24,0.036604547921542094,5.13
sz301608,2026-09-24,0.03655243483778412,50.0
sh688189,2026-09-24,0.03655004327255643,6.48
sh600017,2026-09-24,0.03654607897069575,2.79
sh688062,2026-09-24,0.03652002134119265,26.47
sh603291,2026-09-24,0.03651667850076408,8.72
sz002544,2026-09-24,0.036499457290928884,15.69
sz300680,2026-09-24,0.03647175356523092,20.68
sz001399,2026-09-24,0.036464315120780647,22.98
sz300920,2026-09-24,0.036457185020352854,33.68
sz002491,2026-09-24,0.0364556937014635,23.8
sz002765,2026-09-24,0.03641332918642356,6.88
sz300858,2026-09-24,0.03640519130691404,14.78
sh688255,2026-09-24,0.03640222321999828,26.8
sh600597,2026-09-24,0.03639939932722947,6.69
sz301298,2026-09-24,0.03639677756957977,12.82
sz002559,2026-09-24,0.036391618651521226,8.97
sh688507,2026-09-24,0.036386720146953704,141.09
sh603598,2026-09-24,0.03638529992166285,18.26
sh600546,2026-09-24,0.03638308040174451,13.36
sz000039,2026-09-24,0.03637825305599119,8.66
sh600508,2026-09-24,0.03635726634957832,10.76
sz002642,2026-09-24,0.036345474031640304,6.81
sh603389,2026-09-24,0.03632953044909747,43.82
sh601100,2026-09-24,0.036314927374826764,92.3
bj920508,2026-09-24,0.03630805212161556,14.5
sh603518,2026-09-24,0.03629189010029453,7.72
sz002738,2026-09-24,0.036266561552984196,42.58
sz300855,2026-09-24,0.036211961505151546,34.37
sz300041,2026-09-24,0.036210131340591624,11.12
sz002772,2026-09-24,0.036157808888411885,10.64
sz001333,2026-09-24,0.03615239926488245,20.23
sz000657,2026-09-24,0.03614842205201912,57.18
sz300004,2026-09-24,0.03614496053895443,7.86
sz003025,2026-09-24,0.036137651944734256,12.2
sz000791,2026-09-24,0.036114118377537606,7.05
sh601666,2026-09-24,0.0360989926979813,8.83
sz002357,2026-09-24,0.036090144481387275,11.72
sh600251,2026-09-24,0.03607514073002896,10.03
sh601101,2026-09-24,0.036040108650449175,13.06
sh688210,2026-09-24,0.036031734524268354,28.92
sz000697,2026-09-24,0.035977192451328445,8.91
sz300900,2026-09-24,0.03595450759684802,22.65
sh688433,2026-09-24,0.03595169449504289,86.5
sh600989,2026-09-24,0.03592915014306667,22.33
sz002440,2026-09-24,0.03592832366273445,12.79
sh688545,2026-09-24,0.03592685629215607,76.68
sh605016,2026-09-24,0.03592656440054501,21.45
sh688172,2026-09-24,0.035922235369484426,45.26
bj920178,2026-09-24,0.035916933539562074,87.56
sh600585,2026-09-24,0.03590033504080027,16.93
sh600331,2026-09-24,0.035896417580914566,12.05
bj920570,2026-09-24,0.03589437746652027,24.9
sz300199,2026-09-24,0.035890710948673715,23.3
sh603069,2026-09-24,0.03588723251741269,13.43
sz001965,2026-09-24,0.03586922802399067,9.88
sz002983,2026-09-24,0.03586698015305759,22.17
sz300494,2026-09-24,0.03585521650103694,7.94
sz301499,2026-09-24,0.03584690536890158,26.46
sh600191,2026-09-24,0.035834390740678575,9.06
sh600018,2026-09-24,0.03579623244718077,5.36
sh600115,2026-09-24,0.03577499955236324,3.35
bj920694,2026-09-24,0.03577064256941349,16.3
sh603097,2026-09-24,0.035760191085394695,18.44
sz000725,2026-09-24,0.03575935520351635,5.85
sz301280,2026-09-24,0.035754435630704004,43.5
sz001365,2026-09-24,0.03574289487970517,36.1
sh600662,2026-09-24,0.03572669445738663,4.2
sh603273,2026-09-24,0.03572530627715668,14.81
sh600198,2026-09-24,0.035714989259161736,7.36
sh688565,2026-09-24,0.03571481420980757,11.46
sh603836,2026-09-24,0.03570629286829888,9.5
sz002289,2026-09-24,0.035690715310164524,34.91
sz002563,2026-09-24,0.03567926530393956,5.44
sz300295,2026-09-24,0.03566465856315771,11.7
sh688693,2026-09-24,0.03562656674663444,76.53
sh600265,2026-09-24,0.03562281235486935,23.41
sh600378,2026-09-24,0.03562069244860554,45.09
sz002020,2026-09-24,0.03561848560608124,11.25
bj920011,2026-09-24,0.03561050685595602,17.67
sh688455,2026-09-24,0.03560908743096664,17.7
sz002885,2026-09-24,0.035595269798145236,28.04
sz301469,2026-09-24,0.035574897861839594,29.03
sz000089,2026-09-24,0.035568917789257144,6.5
sh688157,2026-09-24,0.03556832512130858,19.3
sz300161,2026-09-24,0.03554326100384479,26.59
sh601858,2026-09-24,0.03553806900600673,20.9
sz300270,2026-09-24,0.03552987048547889,10.25
sz002149,2026-09-24,0.03549405909260895,32.93
bj920006,2026-09-24,0.03549213385010649,17.21
sh600718,2026-09-24,0.035481280462460366,7.9
sz300989,2026-09-24,0.03547514483120302,15.23
sz002845,2026-09-24,0.03547017595812517,14.02
sz301007,2026-09-24,0.03545755913958209,32.27
sz000921,2026-09-24,0.03545093949746579,26.36
sh688180,2026-09-24,0.03543329091070318,34.88
sz301003,2026-09-24,0.035428587861814145,58.22
sz002945,2026-09-24,0.03541998765482984,14.48
sh688759,2026-09-24,0.03541598223619111,22.47
sh600867,2026-09-24,0.0354067931856318,7.73
bj920526,2026-09-24,0.0353702350426194,22.69
sz000989,2026-09-24,0.03534053727859286,8.52
sz002085,2026-09-24,0.03533243917649801,9.44
sz002139,2026-09-24,0.035325561473171535,9.6
bj920191,2026-09-24,0.035311872927118654,8.71
sz300340,2026-09-24,0.0353110588499704,8.55
sh688611,2026-09-24,0.035309363782871014,66.43
sh603697,2026-09-24,0.03524736830602351,9.07
sz002469,2026-09-24,0.03524572820556944,6.03
sh601727,2026-09-24,0.035243467516730756,6.56
sh688657,2026-09-24,0.035233772594148324,33.95
sz000683,2026-09-24,0.03521925678911957,5.54
sz002747,2026-09-24,0.035211366411183755,29.35
sh600262,2026-09-24,0.03520301631396761,14.71
sh603279,2026-09-24,0.03515945600375174,10.99
sh600926,2026-09-24,0.035157105501841035,17.23
sh688316,2026-09-24,0.035155124570032115,45.92
sh688585,2026-09-24,0.03515410901472069,136.2
bj920371,2026-09-24,0.03513131240037531,7.22
bj920168,2026-09-24,0.03512231792082478,15.13
sz002346,2026-09-24,0.03510940491684883,18.41
sh603456,2026-09-24,0.03508287602974619,16.24
sz002410,2026-09-24,0.0350653145546716,8.4
sz002767,2026-09-24,0.03506095829390614,18.71
sh600988,2026-09-24,0.03504614426897905,40.28
sz002399,2026-09-24,0.03503685412889354,9.58
sh605287,2026-09-24,0.03503290137097358,35.42
bj920429,2026-09-24,0.035028243130014944,10.38
sh600250,2026-09-24,0.035024017398783226,9.07
sz301602,2026-09-24,0.035022824332052005,16.18
bj920100,2026-09-24,0.035001849969194206,29.93
sh603578,2026-09-24,0.0349781999696415,13.83
sh603766,2026-09-24,0.034976968413935945,14.55
sz300698,2026-09-24,0.03496126090861848,27.72
sz301272,2026-09-24,0.034958113128222786,35.29
sz002986,2026-09-24,0.0349120535182438,12.8
sz301498,2026-09-24,0.034908064156055484,39.67
sz300480,2026-09-24,0.03490399273452003,32.15
sz002947,2026-09-24,0.034880622493132986,63.41
sz002138,2026-09-24,0.034880132531661896,51.3
sh688515,2026-09-24,0.03485142323825314,152.5
sh688588,2026-09-24,0.03483733638401093,9.0
sh603324,2026-09-24,0.0348310527388364,26.51
sh603285,2026-09-24,0.03482840139575546,36.81
sh600167,2026-09-24,0.034797409437801526,5.51
sh688353,2026-09-24,0.034785466748431436,79.86
sz300337,2026-09-24,0.034764294823070856,9.09
sh688120,2026-09-24,0.03474921727463282,247.17
sh600377,2026-09-24,0.03474741356436602,12.77
sh600021,2026-09-24,0.03472795203346872,13.08
sh600977,2026-09-24,0.03472111109195924,13.13
sh600073,2026-09-24,0.034695864987550125,5.4
sz002508,2026-09-24,0.03467262309913104,16.58
sh688221,2026-09-24,0.034664506418530625,16.73
sz300715,2026-09-24,0.034661427036251545,14.52
sz300686,2026-09-24,0.034658622558780876,14.77
sz301195,2026-09-24,0.03465461154378614,27.14
sz300819,2026-09-24,0.03465353300151374,48.83
sz300519,2026-09-24,0.034651811962192976,14.56
sh688338,2026-09-24,0.03464488408180025,31.8
sz300595,2026-09-24,0.03462376650481396,10.09
sz002063,2026-09-24,0.03461588194928962,5.22
sh600862,2026-09-24,0.034567478482193,17.88
sz301273,2026-09-24,0.03456192531870325,36.83
sh603339,2026-09-24,0.034539219974329585,12.3
sh688699,2026-09-24,0.034536966288876154,68.65
sh600389,2026-09-24,0.03452135702484178,18.11
sh688328,2026-09-24,0.03451878092085151,80.3
sh688709,2026-09-24,0.03451872637116802,25.41
sh605300,2026-09-24,0.034508035658498956,10.19
sz002857,2026-09-24,0.03450658112361175,17.69
sz301348,2026-09-24,0.03449120299723424,22.56
sh600366,2026-09-24,0.0344562324582304,11.12
bj920016,2026-09-24,0.034442857612394295,14.29
sh600851,2026-09-24,0.03442153217722233,8.11
sh605567,2026-09-24,0.03441402375682883,9.38
sh688155,2026-09-24,0.03440954836946458,53.9
bj920199,2026-09-24,0.03440584720030416,23.56
sh600097,2026-09-24,0.034393487746108745,9.2
sh688590,2026-09-24,0.034373613381834485,12.19
sz300432,2026-09-24,0.03436476762826791,13.06
sh688271,2026-09-24,0.034339148595564556,102.41
sh603163,2026-09-24,0.03430358201323394,82.0
sz002340,2026-09-24,0.034289261364582484,6.12
sh601606,2026-09-24,0.03427887604453516,31.9
sh688357,2026-09-24,0.03426501839466856,26.93
sz002590,2026-09-24,0.034232001503407605,9.6
sz301206,2026-09-24,0.03419606618059504,23.65
sz300115,2026-09-24,0.03417255963914191,23.41
sz300947,2026-09-24,0.03416603751910276,15.62
sz301367,2026-09-24,0.03416590801604945,46.27
sh600129,2026-09-24,0.034165224044034666,13.33
sz002891,2026-09-24,0.03415425474785956,27.83
sh600372,2026-09-24,0.034145238280407754,11.33
sh601868,2026-09-24,0.03412386551903569,2.4
sh688053,2026-09-24,0.03410747293932533,39.08
sz301363,2026-09-24,0.03410367712379395,16.55
bj920060,2026-09-24,0.03410091590310064,30.22
sz001231,2026-09-24,0.034100415632316174,22.75
sz002493,2026-09-24,0.034086288886931604,13.11
sz300996,2026-09-24,0.03406141133522709,12.44
sh601229,2026-09-24,0.034054617892776334,9.51
sz300219,2026-09-24,0.03404887682079813,6.75
sh603101,2026-09-24,0.0340391862703191,7.26
sh603315,2026-09-24,0.034031421811923555,10.82
sz002651,2026-09-24,0.03400072018720829,8.13
sz301165,2026-09-24,0.03399565410474238,111.7
sh601998,2026-09-24,0.0339399397898616,9.01
sh603848,2026-09-24,0.03393896870114636,13.32
sz300654,2026-09-24,0.03391023972091073,9.57
bj920149,2026-09-24,0.03387050312843958,8.41
sh600771,2026-09-24,0.033862822871597954,13.65
sh603897,2026-09-24,0.033847137311839616,29.71
sh600873,2026-09-24,0.03383495579731896,7.36
sh600520,2026-09-24,0.03383224424723841,25.79
sh605208,2026-09-24,0.03383140803345238,14.73
bj920184,2026-09-24,0.03382351630682295,11.23
sz002635,2026-09-24,0.033816168025136914,15.81
sz301458,2026-09-24,0.033815372801836274,38.79
sh600362,2026-09-24,0.03380298091681525,42.4
sh688671,2026-09-24,0.03378547703287046,26.29
sh603969,2026-09-24,0.03378064130518255,7.38
sh603859,2026-09-24,0.033756551177921805,40.13
sz002801,2026-09-24,0.03374510357559459,27.1
bj920475,2026-09-24,0.03373961546720111,11.37
sh603950,2026-09-24,0.03372860244984464,56.1
sh600809,2026-09-24,0.03370375521681694,111.18
sz300260,2026-09-24,0.0336969179442441,62.0
sz301219,2026-09-24,0.03368191495352086,40.05
sz000655,2026-09-24,0.0336814736766733,7.1
sz301293,2026-09-24,0.03368131001865015,49.95
bj920022,2026-09-24,0.03367175388001167,19.0
sz000001,2026-09-24,0.03366776202110156,11.3
sz300821,2026-09-24,0.03365287771841372,15.51
sz002392,2026-09-24,0.03364120644422389,7.6
sz301032,2026-09-24,0.033634410150939716,10.22
sz000526,2026-09-24,0.03362604673194585,36.26
sz002166,2026-09-24,0.03361501976423132,6.68
sh605599,2026-09-24,0.03360711965924473,13.49
sz002150,2026-09-24,0.03357225372656647,21.15
sh605111,2026-09-24,0.03356700661186291,59.7
sh600505,2026-09-24,0.03356687691590816,10.17
sz002876,2026-09-24,0.033556715599606046,32.54
sh603217,2026-09-24,0.033545150421776346,28.11
sh603283,2026-09-24,0.03353956764694285,46.02
sz002475,2026-09-24,0.03352928164473049,52.0
sz300516,2026-09-24,0.03350789299163015,35.61
sz002882,2026-09-24,0.03349695549010667,21.71
sz002875,2026-09-24,0.033481272711997516,12.97
sz300474,2026-09-24,0.03346933760279802,52.58
sz002695,2026-09-24,0.033469229672191465,10.53
sz300892,2026-09-24,0.03346881997231723,22.39
sz300866,2026-09-24,0.033466413365868045,122.6
sh600100,2026-09-24,0.03345016719399462,6.66
sz002597,2026-09-24,0.03344291139931802,21.56
sz301077,2026-09-24,0.03341503021736593,21.9
sz301116,2026-09-24,0.03339952053581779,9.12
sh600080,2026-09-24,0.03339834487294049,4.73
sh688788,2026-09-24,0.03339004800808448,29.04
bj920033,2026-09-24,0.0333744968898014,13.12
sh603026,2026-09-24,0.03335804068405808,57.54
sz300733,2026-09-24,0.03335389359776881,13.39
sh603468,2026-09-24,0.03333932255631438,22.49
sh600578,2026-09-24,0.03333901971536468,5.21
sz300893,2026-09-24,0.03333043231486963,13.73
sz002176,2026-09-24,0.03332118492039587,8.29
sz300125,2026-09-24,0.033319687155788556,8.79
sz300122,2026-09-24,0.033316849205415534,13.01
sz300003,2026-09-24,0.03330049510669305,11.41
sz002890,2026-09-24,0.03328871417618384,15.31
bj920118,2026-09-24,0.03325347725310567,20.16
sh600032,2026-09-24,0.03324314985380321,6.75
bj920914,2026-09-24,0.03323870226911067,16.35
sz300796,2026-09-24,0.03323003635026016,6.87
sz300933,2026-09-24,0.03321414418737467,6.52
sh600846,2026-09-24,0.03321007083217652,10.83
sh688389,2026-09-24,0.033196859670721245,11.12
sh603527,2026-09-24,0.03317207914900349,9.65
sh601111,2026-09-24,0.03317037041447131,5.81
sz000537,2026-09-24,0.0331466316614311,7.3
sh603600,2026-09-24,0.03313521627161917,10.32
sz001255,2026-09-24,0.033114939043361755,27.2
sz300851,2026-09-24,0.03311384984391323,24.69
sz000582,2026-09-24,0.03309963454335563,9.11
sz000555,2026-09-24,0.033086373228035246,9.99
sh600845,2026-09-24,0.03308154467998619,18.26
sh688636,2026-09-24,0.03306936861090335,20.41
sh688420,2026-09-24,0.03306493073727376,22.81
sh600543,2026-09-24,0.03305776470316284,4.07
sz301186,2026-09-24,0.033054800967024504,36.63
sz000883,2026-09-24,0.03304970317021278,4.34
sh603569,2026-09-24,0.03304255519093679,5.81
sh688579,2026-09-24,0.033037518344421965,7.92
sz300233,2026-09-24,0.03303035752400031,13.23
sh603344,2026-09-24,0.03302855541885985,22.36
sh600502,2026-09-24,0.03301521931723408,4.16
sh600210,2026-09-24,0.03300069010369326,6.2
sz002140,2026-09-24,0.032987624280984604,9.22
sh600469,2026-09-24,0.03297902581941875,4.96
sh605117,2026-09-24,0.03297005119555905,76.47
sz001323,2026-09-24,0.03296360082567154,17.66
sh601026,2026-09-24,0.03292517158313761,15.25
sz300988,2026-09-24,0.032916440586892345,16.36
bj920227,2026-09-24,0.0329147536212384,50.39
sz300828,2026-09-24,0.0328984580116774,16.68
sh688816,2026-09-24,0.03289643444069669,47.38
sz300873,2026-09-24,0.03289466512448934,15.59
sh688268,2026-09-24,0.032865571995768346,132.03
sz002689,2026-09-24,0.03284491380377387,2.93
sz003038,2026-09-24,0.03283845190991149,10.71
sz002114,2026-09-24,0.032835164300636724,7.19
sz000576,2026-09-24,0.032830784194184275,8.27
sh600429,2026-09-24,0.03282661022220331,4.54
sz003021,2026-09-24,0.032822413093860525,69.87
sh600455,2026-09-24,0.03282179367167824,24.7
sz000821,2026-09-24,0.032808841474838334,7.45
sh603629,2026-09-24,0.032794135960863044,105.89
sz300166,2026-09-24,0.03277344169726717,12.2
sh603018,2026-09-24,0.032762244755619084,5.15
sz002837,2026-09-24,0.03274741628720512,57.22
sh603137,2026-09-24,0.03273968673378265,19.63
sh600507,2026-09-24,0.032731650132132584,4.03
sh688778,2026-09-24,0.03272563114568964,42.15
bj920374,2026-09-24,0.032667383447534705,14.87
sz300530,2026-09-24,0.032659716875731715,18.98
sh603399,2026-09-24,0.0326575149569887,13.22
sh603908,2026-09-24,0.03265342041155032,19.45
sh603789,2026-09-24,0.032636839569122486,5.85
sh600587,2026-09-24,0.0326367395476828,12.95
sh600483,2026-09-24,0.03263241218800109,10.73
sz300084,2026-09-24,0.032625738888957444,10.2
sh603189,2026-09-24,0.032621378092363464,9.63
sh688310,2026-09-24,0.032594549608552396,15.75
sh603929,2026-09-24,0.032556274745331515,154.2
sz300584,2026-09-24,0.03254570128082173,30.24
sh688067,2026-09-24,0.03254031727391214,23.95
bj920036,2026-09-24,0.032532599578903525,31.57
sz301376,2026-09-24,0.03253195566091591,22.85
sh603111,2026-09-24,0.03252673894716408,6.09
sh688096,2026-09-24,0.03251908856231404,7.41
sh600673,2026-09-24,0.03250385849456451,31.69
sz002820,2026-09-24,0.03250284898053948,9.75
sz301156,2026-09-24,0.03249423694614668,11.81
sz002180,2026-09-24,0.03248346303110559,16.66
sz301299,2026-09-24,0.03247267264684227,46.45
sz301399,2026-09-24,0.0324710772340871,21.46
sh688173,2026-09-24,0.03246881838611534,13.46
sz000037,2026-09-24,0.032454671973557975,8.94
sz002799,2026-09-24,0.03244583798954169,6.82
sz301113,2026-09-24,0.03240596296129015,17.74
sz002870,2026-09-24,0.032396943531389465,48.2
sz300433,2026-09-24,0.03239010248358571,32.87
sz000833,2026-09-24,0.03238769491630803,19.05
sh603172,2026-09-24,0.03238575567983521,19.59
sz001336,2026-09-24,0.0323830319025276,19.19
bj920493,2026-09-24,0.03237987635913892,110.68
sh688450,2026-09-24,0.03237586407548626,33.07
sz002233,2026-09-24,0.03237563092259533,6.73
sz002662,2026-09-24,0.03237200599761468,3.1
sz301027,2026-09-24,0.03237045986195203,19.3
sz300701,2026-09-24,0.032357939616152444,10.06
sz301488,2026-09-24,0.03234713645951416,93.8
sh688327,2026-09-24,0.032339009127654195,9.89
sz002577,2026-09-24,0.03233693268192693,21.9
sz003008,2026-09-24,0.032319934422191034,19.75
sz003023,2026-09-24,0.032308961525170085,25.73
sh600007,2026-09-24,0.032299988240647656,19.8
sh603360,2026-09-24,0.03227264402663535,12.55
sh688295,2026-09-24,0.03227153697037149,36.41
sz300288,2026-09-24,0.03226156482178262,9.7
sh600449,2026-09-24,0.03224994737833472,12.71
sh600276,2026-09-24,0.03222249187179767,44.86
sh688733,2026-09-24,0.03220632971639041,29.15
sz300525,2026-09-24,0.03218346740470363,7.73
sh688416,2026-09-24,0.032179905810620336,79.71
sz002759,2026-09-24,0.032174437759554586,13.89
sz300170,2026-09-24,0.032170361123914845,15.26
sh600152,2026-09-24,0.03214379729351772,7.66
sz002268,2026-09-24,0.03212362124453104,14.74
sh688017,2026-09-24,0.03211682700932334,284.34
sz002037,2026-09-24,0.0321123286502204,6.83
sh600633,2026-09-24,0.032096402438685556,10.13
sh600176,2026-09-24,0.032090977889446336,43.06
sh603081,2026-09-24,0.032083530113209,9.4
sz301286,2026-09-24,0.032071418210556625,47.15
sz301168,2026-09-24,0.03204055105185695,39.82
sh688458,2026-09-24,0.03203088749833472,39.16
sz300797,2026-09-24,0.03200031976408848,13.49
sz300181,2026-09-24,0.03199992675667754,12.95
sz300561,2026-09-24,0.03197582516746336,14.73
sz300226,2026-09-24,0.031951180456492485,17.33
sh603207,2026-09-24,0.03194714275954744,24.25
sz301336,2026-09-24,0.031933097475186634,43.55
sz300580,2026-09-24,0.03191776819228542,18.46
sh600050,2026-09-24,0.03191654045314139,4.15
sz002015,2026-09-24,0.03188427396080058,14.96
sz300682,2026-09-24,0.03187822186768847,8.74
sh688687,2026-09-24,0.03187144876366914,18.29
bj920679,2026-09-24,0.03185600091259784,15.25
sh600745,2026-09-24,0.03185370009876638,17.04
sz300047,2026-09-24,0.03185246971958443,9.08
sz002064,2026-09-24,0.031850244022706746,9.61
sz002206,2026-09-24,0.03185011301995377,4.87
sh688299,2026-09-24,0.03185007156191398,13.37
sz301037,2026-09-24,0.03181814772675245,13.12
sz000878,2026-09-24,0.03181801977598873,16.36
bj920081,2026-09-24,0.031803073492291084,41.11
sz300571,2026-09-24,0.03178511697322689,29.1
sz301261,2026-09-24,0.031748708741855224,55.05
bj920885,2026-09-24,0.03174219768154919,12.26
sh600015,2026-09-24,0.03174199104730567,6.23
bj920204,2026-09-24,0.03170380679167589,12.93
sh601658,2026-09-24,0.03169592180148113,5.33
bj920866,2026-09-24,0.03167916125414721,6.25
sh688386,2026-09-24,0.03167018239346562,49.11
sh688297,2026-09-24,0.031662156308154214,42.15
bj920242,2026-09-24,0.03165488686274552,13.73
sz301148,2026-09-24,0.03165485641647398,58.56
sz300955,2026-09-24,0.03165197874673425,28.77
sh603712,2026-09-24,0.031644804505228004,11.41
sz300109,2026-09-24,0.031632274004677975,13.07
sh605369,2026-09-24,0.0316228143352008,17.75
sz300493,2026-09-24,0.03162155438051718,13.14
sz002907,2026-09-24,0.031617605246880134,14.43
sh688281,2026-09-24,0.031608907112705545,49.91
sz001872,2026-09-24,0.03160444692046061,23.26
sz001335,2026-09-24,0.03159561269442191,33.63
sz002461,2026-09-24,0.03156105735451165,8.15
sz300702,2026-09-24,0.03155684391850895,21.3
sh603380,2026-09-24,0.031527724444025636,34.23
sh688246,2026-09-24,0.03152002731332214,17.22
sh600521,2026-09-24,0.031500518273348425,15.88
sz301556,2026-09-24,0.03149389716968977,60.9
sz300521,2026-09-24,0.031491980944426706,25.0
bj920258,2026-09-24,0.03148285102906698,10.1
sz000750,2026-09-24,0.031462079515590796,3.61
bj920670,2026-09-24,0.03146039874229525,12.38
sh600480,2026-09-24,0.031443626072753195,7.81
sh688535,2026-09-24,0.031432633746427956,108.84
sh600499,2026-09-24,0.031420234289768714,11.25
sz300928,2026-09-24,0.031408942505225426,24.73
sz300564,2026-09-24,0.031400919293161585,12.49
sz001296,2026-09-24,0.031377594519514246,19.99
sh603607,2026-09-24,0.031369289186230616,23.28
sh688343,2026-09-24,0.03135922815039622,63.85
sh688153,2026-09-24,0.0313356432276469,26.5
sh601126,2026-09-24,0.03133443646221287,38.39
sz300250,2026-09-24,0.03129794974614788,14.85
bj920693,2026-09-24,0.03128992315536045,23.65
sh603871,2026-09-24,0.03128945303572057,12.07
sz002332,2026-09-24,0.03128674280783024,8.61
bj920099,2026-09-24,0.03126090067565072,16.68
sh600780,2026-09-24,0.031238838088948853,6.09
sh601500,2026-09-24,0.031234459814224257,3.87
sz002624,2026-09-24,0.031214172049032967,9.69
sz300906,2026-09-24,0.03119239261320742,28.8
sz002911,2026-09-24,0.031181771834407908,11.17
sh688261,2026-09-24,0.03116793990927544,77.3
sz301585,2026-09-24,0.031167447670459536,28.36
sz000783,2026-09-24,0.031145371668817586,8.28
sh688439,2026-09-24,0.03113880543278317,38.16
sh600513,2026-09-24,0.031083679110477352,14.77
sz002608,2026-09-24,0.031083262838460152,7.24
sz002373,2026-09-24,0.03107534146999574,7.29
sz300773,2026-09-24,0.031065092128377502,14.73
sz300146,2026-09-24,0.031048365590483767,9.31
sz300645,2026-09-24,0.031044962402021807,13.92
sh688314,2026-09-24,0.03103758439924818,30.76
sz002182,2026-09-24,0.031035707007985233,11.39
sh600639,2026-09-24,0.03103564245155148,9.61
bj920066,2026-09-24,0.031034842615573748,18.07
sz000815,2026-09-24,0.031030879714293337,15.27
sh600346,2026-09-24,0.03102736592697022,16.15
sh600850,2026-09-24,0.03102617240829039,13.86
sz300389,2026-09-24,0.031022599246771917,13.08
sz300705,2026-09-24,0.03101468729421066,10.76
sh600642,2026-09-24,0.031011789665479222,8.78
sh600667,2026-09-24,0.030997067417587704,19.41
sz002660,2026-09-24,0.030992459123365696,7.83
sz300440,2026-09-24,0.030991808632253606,17.13
sh601038,2026-09-24,0.03099016528864951,13.96
sz300093,2026-09-24,0.030950630333093424,21.13
sz301332,2026-09-24,0.030942227462771765,7.63
sz301235,2026-09-24,0.030930612035269343,46.2
sz002184,2026-09-24,0.030922912069732255,9.93
sz300848,2026-09-24,0.030907335981021737,11.23
sh688092,2026-09-24,0.030906962073392205,22.9
sz301023,2026-09-24,0.03087783123041565,29.11
sz000810,2026-09-24,0.03087241187438307,9.35
sh688557,2026-09-24,0.030861646765164334,21.28
sh603915,2026-09-24,0.030856804689120595,13.29
bj920156,2026-09-24,0.030834936645970566,35.75
sh603890,2026-09-24,0.03083075905789159,15.99
sh603916,2026-09-24,0.030829199050610295,10.52
sh603535,2026-09-24,0.030816516003936593,6.21
sz300001,2026-09-24,0.030799056484816505,35.34
sh600523,2026-09-24,0.030794448275392863,11.89
sz300466,2026-09-24,0.030792618578789642,7.13
sz300666,2026-09-24,0.030792368305435743,243.62
sz301103,2026-09-24,0.030773925827880234,16.57
sz301365,2026-09-24,0.030764378338870572,36.1
sz002278,2026-09-24,0.03076365748762542,7.96
sz000712,2026-09-24,0.030754431357995212,9.98
sz300839,2026-09-24,0.03072492130294204,13.08
bj920088,2026-09-24,0.030717886695054392,40.97
sh603395,2026-09-24,0.030700923261130147,26.01
sz300373,2026-09-24,0.030699204444276023,88.13
sz300528,2026-09-24,0.03069024343829809,13.59
bj920014,2026-09-24,0.030683017448374504,8.51
sh600299,2026-09-24,0.030675199730134765,8.08
sz300011,2026-09-24,0.03063626445495999,5.84
sh603520,2026-09-24,0.030627692452569695,8.47
sz301632,2026-09-24,0.030612305005148208,13.06
sz002054,2026-09-24,0.030603754110091662,7.05
sh601112,2026-09-24,0.030594686571026004,16.17
sh688818,2026-09-24,0.030547277040464664,42.57
sh603998,2026-09-24,0.030544394747880715,10.29
sz300635,2026-09-24,0.03053808767177903,11.88
sz002532,2026-09-24,0.030537658278284308,12.11
sh600426,2026-09-24,0.03053388765556307,19.71
sz002449,2026-09-24,0.030526122650582306,6.59
sz300536,2026-09-24,0.03052377458043175,8.35
sz301413,2026-09-24,0.030498881795676138,55.55
sz301212,2026-09-24,0.030494450304975964,26.3
sh605222,2026-09-24,0.030473806937547837,22.14
sz300298,2026-09-24,0.030472111934731337,16.15
sz002853,2026-09-24,0.03046942366035763,21.26
sh603376,2026-09-24,0.030458873276810513,27.01
sh688330,2026-09-24,0.030450995991260943,37.88
sh601838,2026-09-24,0.0304442426264494,19.04
sz001233,2026-09-24,0.030444211490477446,45.35
sz300980,2026-09-24,0.030441650972896514,23.69
sh688691,2026-09-24,0.03043578796978087,64.35
sz002706,2026-09-24,0.030434800809284946,8.61
sh688103,2026-09-24,0.030429640901047262,81.24
sz002455,2026-09-24,0.030426338843913176,6.79
sz000617,2026-09-24,0.030425205689316046,6.67
sz002335,2026-09-24,0.03041842816021983,31.85
sz300813,2026-09-24,0.030416853595960393,22.6
sh601187,2026-09-24,0.030407514108525845,6.92
sz300377,2026-09-24,0.03040618798126193,13.78
sz002746,2026-09-24,0.030402490319353763,6.19
sz300394,2026-09-24,0.030395511886036865,267.93
sz002550,2026-09-24,0.03038517888998131,6.36
sh688258,2026-09-24,0.030380531265816208,88.14
sz000922,2026-09-24,0.030376732461399943,12.17
sh688697,2026-09-24,0.030350165051532187,14.91
sz300841,2026-09-24,0.030338995890351515,54.88
sz301510,2026-09-24,0.030336009640367173,27.61
sh688363,2026-09-24,0.03032181136369032,34.7
sh600201,2026-09-24,0.03031047918732507,11.4
sh600197,2026-09-24,0.03030925611645142,9.27
sh600361,2026-09-24,0.030305532488883232,3.43
sh603369,2026-09-24,0.030284951719017943,26.92
sz300983,2026-09-24,0.030282348756106227,38.0
sh600648,2026-09-24,0.03027725673501424,9.3
sz300995,2026-09-24,0.030270792871836,26.33
sh605555,2026-09-24,0.030266362507733187,12.52
sh688270,2026-09-24,0.0302653823281298,56.91
sz301117,2026-09-24,0.030257295341766258,12.98
sz300085,2026-09-24,0.030256297122521512,30.51
sz000599,2026-09-24,0.030254525046335995,4.45
sh600161,2026-09-24,0.030247202360504773,12.1
sz301161,2026-09-24,0.030227330349888188,30.7
bj920218,2026-09-24,0.030225936414287835,14.71
bj920970,2026-09-24,0.030223726111333227,6.28
sz301215,2026-09-24,0.030222827921998305,5.29
sh603079,2026-09-24,0.030194110102621404,13.11
sh603060,2026-09-24,0.030193379531988487,5.45
sh688484,2026-09-24,0.030158980588219884,33.67
sh688362,2026-09-24,0.030149984373572213,60.85
bj920160,2026-09-24,0.03014022489840079,18.91
sz300514,2026-09-24,0.030140063974759122,9.91
sz002058,2026-09-24,0.030134601422120894,17.22
sz301058,2026-09-24,0.030117308993429976,8.5
sz300664,2026-09-24,0.030115845220890197,4.59
sz300277,2026-09-24,0.030101293900103167,12.92
sh601698,2026-09-24,0.03007104984241367,23.56
sh600203,2026-09-24,0.03003040255336773,9.98
sh688695,2026-09-24,0.03002994888635305,19.82
sh603161,2026-09-24,0.03001163136713197,15.03
sz300527,2026-09-24,0.03001054914510052,8.18
sh600713,2026-09-24,0.03000920178340277,4.92
sz300668,2026-09-24,0.03000398723395274,31.76
sz002010,2026-09-24,0.0299936079732137,4.49
sz002627,2026-09-24,0.02999202228899643,6.6
sz300538,2026-09-24,0.029980993624656237,15.2
sz002122,2026-09-24,0.02998057394334197,2.73
sz301626,2026-09-24,0.029979701861334033,324.39
bj920425,2026-09-24,0.029971452143847936,14.06
sh601919,2026-09-24,0.029959228019699604,16.3
sh688022,2026-09-24,0.029927240493706504,8.78
sz301180,2026-09-24,0.029922976343399514,11.55
sh603885,2026-09-24,0.029919918490729117,9.91
bj920027,2026-09-24,0.02991182102868275,11.47
sh688311,2026-09-24,0.029903854129184625,24.55
sh603658,2026-09-24,0.029887920083058166,33.65
sz003028,2026-09-24,0.029882242834261816,23.61
sz000801,2026-09-24,0.029862105053160084,11.85
sz300622,2026-09-24,0.02985848563783142,15.16
sz001206,2026-09-24,0.02985574814258032,17.0
sh600739,2026-09-24,0.029810619171575126,10.27
sh603277,2026-09-24,0.029804532840391088,11.24
sz301087,2026-09-24,0.02979817596653339,54.21
sh688125,2026-09-24,0.029794016012897072,124.52
sz002878,2026-09-24,0.029782888046721964,12.58
sh688113,2026-09-24,0.029773004058149873,37.9
sh688213,2026-09-24,0.029768546953099745,93.41
sz300119,2026-09-24,0.029759521877118868,16.66
sh603200,2026-09-24,0.029758023179439243,38.32
sh688372,2026-09-24,0.029737401641418155,112.78
sz002391,2026-09-24,0.02972884395969861,5.12
sh688099,2026-09-24,0.029714838356773524,89.52
sz300406,2026-09-24,0.029712746172121277,11.72
sh688707,2026-09-24,0.029688947825787685,10.09
sz300138,2026-09-24,0.029663674742137925,11.2
sh603855,2026-09-24,0.029641828134966828,16.94
sz300671,2026-09-24,0.029626592754909503,60.15
sz300962,2026-09-24,0.02962119627943736,13.16
sz300637,2026-09-24,0.02962090755505301,9.43
sz000988,2026-09-24,0.029620000587671575,102.9
sz300961,2026-09-24,0.029618800930558683,11.84
sz300515,2026-09-24,0.029609047668856917,16.88
sz002427,2026-09-24,0.029602962053814,4.52
bj920225,2026-09-24,0.02959579618292426,15.85
sz000686,2026-09-24,0.02958907825299047,7.64
sz002028,2026-09-24,0.029586899839408067,125.22
sz003015,2026-09-24,0.02957371069400123,12.39
sh600423,2026-09-24,0.029542015843489155,2.68
sh601985,2026-09-24,0.02954188860738919,8.9
sz001324,2026-09-24,0.029533843074270722,20.67
sz301158,2026-09-24,0.029515856394847384,14.27
sz300453,2026-09-24,0.02951115509803181,9.02
sz301370,2026-09-24,0.02950956939021882,8.58
sz002364,2026-09-24,0.0294993296530928,34.92
sh600877,2026-09-24,0.029492623171775548,11.9
sz300826,2026-09-24,0.02949254786492261,15.37
sz002387,2026-09-24,0.02948951771907918,6.87
sh688785,2026-09-24,0.02948509811326049,365.02
sz301082,2026-09-24,0.029481365831004594,9.71
sh601900,2026-09-24,0.02948128152116925,12.49
sz000899,2026-09-24,0.02947523451180001,8.98
sz301283,2026-09-24,0.029470308378726665,25.68
sz000628,2026-09-24,0.029455206430650725,57.78
sh600216,2026-09-24,0.029443555045127225,12.33
sz002414,2026-09-24,0.02944305119941176,11.88
sz301232,2026-09-24,0.029425007286249968,89.52
sz300490,2026-09-24,0.029419868646488243,10.59
sh688819,2026-09-24,0.02940387563484348,20.5
sh603662,2026-09-24,0.029393883618966003,49.31
sz301313,2026-09-24,0.02938673712949742,30.82
sz002595,2026-09-24,0.029372778043629352,38.94
sz300036,2026-09-24,0.02934767903461764,10.06
sz300565,2026-09-24,0.029331865922010387,9.78
sh603040,2026-09-24,0.02932276601748778,47.2
sz000155,2026-09-24,0.029322583399202344,11.04
sh600101,2026-09-24,0.02931531130083282,7.8
sz002818,2026-09-24,0.029306657909493102,11.15
sh600859,2026-09-24,0.029297969856333726,9.7
sh603701,2026-09-24,0.029272184309226238,18.81
sh688612,2026-09-24,0.029257366572617072,35.4
sz300447,2026-09-24,0.029257155673200932,14.06
sz000831,2026-09-24,0.029245320735763553,53.9
bj920422,2026-09-24,0.02922661621978939,9.26
sz002158,2026-09-24,0.02922197271622444,27.4
sh688550,2026-09-24,0.029215086665028082,38.06
sz300308,2026-09-24,0.029214742216239785,895.86
sz300612,2026-09-24,0.029213382432237985,12.27
sh603703,2026-09-24,0.029207470271823376,10.23
sz300483,2026-09-24,0.0292045448974195,23.14
sz301200,2026-09-24,0.02919098951195529,243.52
sh600439,2026-09-24,0.029183440347218835,1.86
sh601881,2026-09-24,0.02918084384996818,11.86
sz300214,2026-09-24,0.02917206398125082,9.86
sz002816,2026-09-24,0.029171582792411208,21.29
sz301088,2026-09-24,0.029163635993848133,13.59
sz301503,2026-09-24,0.029145764734734986,22.22
sh600166,2026-09-24,0.029133986180701076,2.76
bj920055,2026-09-24,0.029124834996014818,25.2
sz300201,2026-09-24,0.029122722114978225,13.29
sh600787,2026-09-24,0.029122421324556464,4.54
sh600116,2026-09-24,0.029109538277135534,6.05
sh600020,2026-09-24,0.02909956096391825,3.85
sz002074,2026-09-24,0.02908817642532655,26.76
bj920419,2026-09-24,0.02907845434909171,10.8
sz002729,2026-09-24,0.029077871282471014,13.97
sz301091,2026-09-24,0.029074182853332263,19.63
sh603689,2026-09-24,0.029073247747640477,7.58
sh600338,2026-09-24,0.029062992932996193,12.06
sz000681,2026-09-24,0.029042671732631073,15.96
sh603089,2026-09-24,0.029018347111721295,9.62
sz300707,2026-09-24,0.029016102000770903,12.14
sz300328,2026-09-24,0.029015185501002096,12.99
sh603367,2026-09-24,0.028994668678482584,14.28
sh605277,2026-09-24,0.02895921420054437,17.24
sz000531,2026-09-24,0.028929247400166655,5.54
sz300807,2026-09-24,0.02892564857331026,35.72
sz300187,2026-09-24,0.028922720060269767,4.51
sh605169,2026-09-24,0.028909838727431005,12.99
sz001314,2026-09-24,0.0289081148888714,54.67
sz002017,2026-09-24,0.028906848481168156,14.2
sh688039,2026-09-24,0.028902964463050348,32.83
sz300713,2026-09-24,0.028896502502941488,13.55
sz300316,2026-09-24,0.028890136639847328,40.7
sz301517,2026-09-24,0.02887782970640173,37.66
bj920101,2026-09-24,0.028872132871505824,16.05
sz301525,2026-09-24,0.028865880208554826,39.2
sh605028,2026-09-24,0.028861122088453418,24.26
sz002117,2026-09-24,0.028856419887604116,7.94
sh600482,2026-09-24,0.02885554612392683,34.25
sz301522,2026-09-24,0.028853983026459227,22.94
sz003009,2026-09-24,0.028843970325588577,46.58
sz300106,2026-09-24,0.028841189784314904,10.5
bj920079,2026-09-24,0.02883819874265234,12.71
sz300105,2026-09-24,0.028821178008890745,7.21
sz001391,2026-09-24,0.028819496662986648,3.83
sz002839,2026-09-24,0.02878953815195506,4.25
sh688321,2026-09-24,0.028788056112323615,25.35
sh603919,2026-09-24,0.02875758232416146,15.85
sz002237,2026-09-24,0.02875512900126913,12.84
sz300651,2026-09-24,0.028726000740633594,16.16
sz300872,2026-09-24,0.02871776420322571,15.15
sh603085,2026-09-24,0.028713555443126416,9.74
sz000881,2026-09-24,0.028701048482437597,6.48
sh688518,2026-09-24,0.028691752753929132,21.08
sh600590,2026-09-24,0.02868605418949291,8.38
sz300193,2026-09-24,0.028676872778193724,7.92
sz300880,2026-09-24,0.02865280479829422,18.98
sh688006,2026-09-24,0.028647575217387353,20.72
sz003020,2026-09-24,0.02864658442015931,16.99
sz301001,2026-09-24,0.028613575315137994,25.55
sz300206,2026-09-24,0.028589808390223976,11.6
sz000830,2026-09-24,0.028583845696350363,11.57
sh601020,2026-09-24,0.028570491028121366,21.0
sh603768,2026-09-24,0.028563875460371452,11.57
sz002950,2026-09-24,0.028544442821164574,8.55
bj920770,2026-09-24,0.028537825536788,10.1
sz000021,2026-09-24,0.028521570421057626,35.53
sz002892,2026-09-24,0.028513165629748437,8.63
sz000733,2026-09-24,0.028504023528072287,40.9
sz002229,2026-09-24,0.028485403227497583,10.52
sz300387,2026-09-24,0.0284818776728462,7.38
sz300624,2026-09-24,0.028474840577223444,48.74
sh688577,2026-09-24,0.02846352261550471,41.37
sz300286,2026-09-24,0.028459681038375765,19.57
sz000869,2026-09-24,0.028452964365544536,16.94
sz300058,2026-09-24,0.028450108934012328,13.15
sz002802,2026-09-24,0.028448186937697087,12.42
sh600420,2026-09-24,0.028447359117255346,8.22
sz000755,2026-09-24,0.0284430227810004,4.66
sz300963,2026-09-24,0.028439086014111974,10.91
sh603408,2026-09-24,0.02843650341672279,11.69
sz301095,2026-09-24,0.02841510599739289,74.96
sz301262,2026-09-24,0.028414118978781887,19.73
sh688663,2026-09-24,0.02840486617902944,55.83
sh603987,2026-09-24,0.028400942788629428,7.5
sh688981,2026-09-24,0.028387644665235662,119.98
sh600335,2026-09-24,0.028384815080523956,5.12
sz000507,2026-09-24,0.028374302674979816,4.93
sz002916,2026-09-24,0.0283723962496436,394.5
sz300012,2026-09-24,0.028369662244877535,14.38
sh688163,2026-09-24,0.02836497684478561,37.31
sz001287,2026-09-24,0.028363206915214812,24.42
sz300611,2026-09-24,0.028359983492754263,27.82
sz000009,2026-09-24,0.028358045619363396,6.8
sz002725,2026-09-24,0.028357106206903335,10.86
sz300284,2026-09-24,0.028356621374119553,5.06
sz301110,2026-09-24,0.028327354619552794,36.5
sh688610,2026-09-24,0.028315549166030386,165.04
sz300577,2026-09-24,0.02829070912680611,19.34
sh688607,2026-09-24,0.02828825771489634,37.96
sh601136,2026-09-24,0.02828416284672101,14.19
bj920212,2026-09-24,0.02826817193277396,10.23
sz000680,2026-09-24,0.028261871774164934,9.04
sz000501,2026-09-24,0.028256778383682884,7.09
sh688253,2026-09-24,0.028252880819048087,57.1
sh603223,2026-09-24,0.028242592627498335,9.9
sz000603,2026-09-24,0.02822856833021827,32.12
sh600559,2026-09-24,0.028212800902311267,10.91
sh688400,2026-09-24,0.028197534911691666,46.15
sh600288,2026-09-24,0.02817602486665049,10.8
sz301330,2026-09-24,0.0281726623143187,25.93
sz000728,2026-09-24,0.028169408814354157,7.29
sh600855,2026-09-24,0.028167770616299565,12.85
bj920656,2026-09-24,0.02816279133979534,14.61
sh605378,2026-09-24,0.028150794590416094,14.85
sz002517,2026-09-24,0.0281367876831259,16.17
bj920110,2026-09-24,0.028136183793435382,25.32
sz002407,2026-09-24,0.028132823006658574,30.92
sz300294,2026-09-24,0.028126377936182223,14.45
sz300223,2026-09-24,0.028111547062510102,140.31
sz000860,2026-09-24,0.028093816201069315,10.09
sz000096,2026-09-24,0.02806254159716703,7.89
sz300274,2026-09-24,0.028054473819326256,84.21
sh603284,2026-09-24,0.028053201477670882,41.03
sh605588,2026-09-24,0.02804682746405959,47.14
bj920130,2026-09-24,0.028036670864438045,16.44
sh603719,2026-09-24,0.02803434805415128,9.07
sz300899,2026-09-24,0.028010419259483273,30.19
sh605598,2026-09-24,0.02800802537500643,24.56
sz300501,2026-09-24,0.027989750467049043,9.45
sh601518,2026-09-24,0.02798554747065613,2.76
sz002908,2026-09-24,0.027975962907104076,7.0
bj920906,2026-09-24,0.02797074781501422,15.08
sh601121,2026-09-24,0.027967946810587997,7.06
sh603333,2026-09-24,0.027964151038571583,9.32
sz002530,2026-09-24,0.027960396263564183,7.03
sh688089,2026-09-24,0.02795304073565229,8.46
sz300052,2026-09-24,0.027949548432293032,10.13
sh688318,2026-09-24,0.02793404025026191,78.0
sz002987,2026-09-24,0.027912004156962072,10.55
sz300810,2026-09-24,0.02789777800456088,25.04
sz000876,2026-09-24,0.027897416968113865,6.92
sh603050,2026-09-24,0.02786632971178112,16.83
bj920786,2026-09-24,0.027866197844619266,7.15
sz002441,2026-09-24,0.027851037160651536,8.16
sh603225,2026-09-24,0.027845501494670927,17.07
sh603312,2026-09-24,0.02783675895081796,31.79
sz301501,2026-09-24,0.027825604710272952,27.83
sz301175,2026-09-24,0.027819925645915983,5.55
sh603931,2026-09-24,0.027812430810127128,35.87
sz300455,2026-09-24,0.0278018254185485,16.94
sz300445,2026-09-24,0.027791554943857842,19.05
sz000629,2026-09-24,0.027778688987772457,2.83
sz300415,2026-09-24,0.02775203010103357,18.95
sz301696,2026-09-24,0.027746839059945478,93.53
sz300386,2026-09-24,0.02771688928617416,10.73
sh603320,2026-09-24,0.027703636188033925,18.12
sz000528,2026-09-24,0.027695213766293702,7.5
sh688443,2026-09-24,0.02768797746723734,24.61
sh688009,2026-09-24,0.027685754514765695,4.64
sz300758,2026-09-24,0.027677520836009994,11.31
sh603737,2026-09-24,0.027674680534396538,21.5
sh688727,2026-09-24,0.02767052426772521,47.99
sz301687,2026-09-24,0.02765982743154717,53.09
sh600416,2026-09-24,0.027659313773657,8.27
bj920083,2026-09-24,0.02765884339609537,47.19
sz300017,2026-09-24,0.027658303011602634,15.14
sh600531,2026-09-24,0.027643309658883217,11.53
sz002394,2026-09-24,0.027639885455408037,10.23
sh600671,2026-09-24,0.027630229380699815,23.03
bj920221,2026-09-24,0.02762682379649537,12.44
sh600522,2026-09-24,0.027623817450629296,34.8
sz002389,2026-09-24,0.02760911113745422,18.31
sh601611,2026-09-24,0.027604146286605777,10.15
sz003019,2026-09-24,0.027602559964969214,27.41
sz300774,2026-09-24,0.02758680939311145,9.77
sz002673,2026-09-24,0.02756983735349331,6.61
sz301577,2026-09-24,0.02754353776787632,58.41
sh688391,2026-09-24,0.027525825366691428,27.02
sz300118,2026-09-24,0.027510416638403402,8.98
sz000970,2026-09-24,0.027506997316893846,11.38
sz300775,2026-09-24,0.02750661554268317,20.65
sz301378,2026-09-24,0.02749466885181619,25.19
sz001238,2026-09-24,0.027490706290560222,26.16
sh601098,2026-09-24,0.027489024883329462,10.18
sz002592,2026-09-24,0.027473599438166345,6.36
sh688162,2026-09-24,0.027451715433200713,24.97
sz001395,2026-09-24,0.02744522246476135,30.55
sz300327,2026-09-24,0.027436787021484686,26.09
sh600853,2026-09-24,0.027431320806300775,3.26
sh600576,2026-09-24,0.027430426006932546,5.37
bj920159,2026-09-24,0.02742958925300146,28.33
sh600562,2026-09-24,0.027420504426945075,26.88
sz002598,2026-09-24,0.027418478806181968,6.9
sz300539,2026-09-24,0.02741170753270415,17.92
sh601686,2026-09-24,0.027393292336947712,5.02
bj920009,2026-09-24,0.027360050601016747,34.63
sz000738,2026-09-24,0.027354736428294682,18.81
sz300818,2026-09-24,0.0273505302842844,16.4
sh603758,2026-09-24,0.027349505770194696,10.91
sh688369,2026-09-24,0.027341423309548727,19.57
sh688158,2026-09-24,0.02730858853965379,29.65
sh600549,2026-09-24,0.027302879893746322,46.9
bj920181,2026-09-24,0.027276494169235513,70.24
sz300937,2026-09-24,0.027274883658789068,24.37
sh600060,2026-09-24,0.02726150222513339,27.1
sh603656,2026-09-24,0.027252485391531942,17.56
sh600768,2026-09-24,0.027244987657979457,14.84
sh600550,2026-09-24,0.027244470808158738,10.29
sz301518,2026-09-24,0.027240610377611746,24.7
bj920471,2026-09-24,0.02723903828423559,11.32
sh600138,2026-09-24,0.0272235574657652,7.0
sh603220,2026-09-24,0.02722010778102922,18.18
sz300236,2026-09-24,0.027213885164596996,87.95
sz001367,2026-09-24,0.027208425122953808,21.5
sz000600,2026-09-24,0.027206429048967397,7.08
sz300643,2026-09-24,0.027198747175784486,17.6
sz000682,2026-09-24,0.02718846031535574,10.4
sh688568,2026-09-24,0.027169172178436483,30.3
sz300956,2026-09-24,0.027168411038889576,11.33
sh688093,2026-09-24,0.027165210144558014,23.29
sz300921,2026-09-24,0.027163707661925995,16.12
sz300409,2026-09-24,0.027154659654542085,17.19
sz300940,2026-09-24,0.027153771345788405,13.66
sz300822,2026-09-24,0.02715369319443286,11.5
sz301256,2026-09-24,0.027152305116231807,10.03
sh603699,2026-09-24,0.027140197948072136,42.5
sh688648,2026-09-24,0.02710497896624547,29.19
sz300803,2026-09-24,0.02708967181728054,56.5
sz000524,2026-09-24,0.02708716654335196,8.93
sz301513,2026-09-24,0.02706626524991541,44.61
sz301062,2026-09-24,0.027059530098319556,7.0
sz002186,2026-09-24,0.027056106366713514,9.39
sz002841,2026-09-24,0.027054281766118588,44.94
bj920396,2026-09-24,0.027031596476274584,17.94
sh603341,2026-09-24,0.02702626660426174,37.33
sh600278,2026-09-24,0.027019880532317592,6.55
sh603587,2026-09-24,0.027016698265349987,12.29
sz300191,2026-09-24,0.027013330278926544,31.11
sh688118,2026-09-24,0.027000896532856766,20.15
sz000625,2026-09-24,0.026994896932694818,7.03
sh600720,2026-09-24,0.026991495748786204,5.1
sh603861,2026-09-24,0.026986081641024846,10.95
sz002216,2026-09-24,0.026977187498550135,11.49
bj920080,2026-09-24,0.026957909448989507,20.12
sz002362,2026-09-24,0.026942914458583545,15.75
sh605128,2026-09-24,0.026928253292596634,23.61
sh600452,2026-09-24,0.026916314862852987,8.81
sh600584,2026-09-24,0.026910612155222776,68.78
sz002922,2026-09-24,0.02690888478710742,22.75
bj920651,2026-09-24,0.026904368060767028,19.6
sz002835,2026-09-24,0.02688761470311222,13.08
sh600259,2026-09-24,0.026879031142177406,80.37
sz002151,2026-09-24,0.026874707077389832,29.12
sz003018,2026-09-24,0.026869069035341427,48.5
sz000596,2026-09-24,0.026850835512990452,91.66
sh688601,2026-09-24,0.02682084437827113,60.94
sh603739,2026-09-24,0.026814250816317168,12.85
sz300650,2026-09-24,0.02680922341558484,12.68
sz000590,2026-09-24,0.026807152171928663,8.97
bj920753,2026-09-24,0.02680323805929977,15.09
sz300763,2026-09-24,0.026792472679496904,53.15
sh688708,2026-09-24,0.0267770183934619,39.55
sz001278,2026-09-24,0.026774107460094936,16.76
sz002730,2026-09-24,0.02676349571006511,22.31
sz301381,2026-09-24,0.02675049428127633,24.2
sz000778,2026-09-24,0.026742298681966297,3.57
sz000837,2026-09-24,0.026735709531032794,9.61
sz002582,2026-09-24,0.026728607950256653,9.45
sh603198,2026-09-24,0.02669971183663319,37.2
sh601059,2026-09-14,0.026695895019739915,15.56
sz000818,2026-09-24,0.026687511481275544,11.86
sz300486,2026-09-24,0.026660360222427973,17.83
sz002683,2026-09-24,0.026657251486246845,28.26
sh688072,2026-09-24,0.026653018175607873,700.9
sz002156,2026-09-24,0.026650264141255927,61.02
sz301489,2026-09-24,0.026648760599968204,124.31
sh603809,2026-09-24,0.026643347536078034,8.63
sz000957,2026-09-24,0.02663415516795705,9.68
sh600350,2026-09-24,0.026633290588138486,10.02
sh603267,2026-09-24,0.026632870005376934,50.54
sz301329,2026-09-24,0.02662598151042424,20.56
sz301002,2026-09-24,0.02662527797267015,27.48
sh601882,2026-09-24,0.02662339611462305,23.23
sz300771,2026-09-24,0.026616554839920096,11.43
sz300578,2026-09-24,0.02660645123202385,15.5
sz002326,2026-09-24,0.026581125562666095,16.57
sz002223,2026-09-24,0.026573245136483483,26.38
sh600143,2026-09-24,0.026569043729400107,13.07
bj920392,2026-09-24,0.0265662979989124,13.48
sz300399,2026-09-24,0.026564316091716757,19.3
bj920876,2026-09-24,0.026550879888388335,16.15
sz000027,2026-09-24,0.026547425365331098,6.17
bj920627,2026-09-24,0.026534015112937914,13.13
sz300462,2026-09-24,0.02652508715669874,11.49
sz002090,2026-09-24,0.026521099390890146,9.02
sh688377,2026-09-24,0.02651943027811186,16.97
sh603309,2026-09-24,0.026518910423025545,11.07
sz002060,2026-09-24,0.026478549733508046,3.02
sh688108,2026-09-24,0.02647557317017065,15.2
sz000975,2026-09-24,0.0264739420786541,23.17
sz300018,2026-09-24,0.026467381166398143,11.82
sz000973,2026-09-24,0.02644686468735094,11.6
sz301539,2026-09-24,0.026446830446452872,15.2
sh600352,2026-09-24,0.02644611248132964,12.14
sz001386,2026-09-24,0.02642856203798759,16.1
sh600056,2026-09-24,0.026401538327339883,8.86
sz002318,2026-09-24,0.026399929885762247,18.4
sh688220,2026-09-24,0.026397367554701703,97.36
sh600961,2026-09-24,0.026394222063340227,23.61
bj920183,2026-09-24,0.02638125953004467,28.77
sz002189,2026-09-24,0.026369660417476563,19.06
sh603191,2026-09-24,0.0263645680775884,13.24
sh688536,2026-09-24,0.0263549608277289,346.81
sh688182,2026-09-24,0.026336109002687638,28.67
bj920056,2026-09-24,0.026329564328312415,14.08
sz002254,2026-09-24,0.026328528280016857,12.39
sz000563,2026-09-24,0.02630369426506144,2.88
sh603181,2026-09-24,0.026294362037908983,12.55
sh601699,2026-09-24,0.026294124142235305,15.35
sz000338,2026-09-24,0.026267110792224206,25.3
sh688236,2026-09-24,0.026264109314445186,14.12
sh688737,2026-09-24,0.026252911298916447,17.3
sh600956,2026-09-24,0.02624114654312657,7.05
sh600887,2026-09-24,0.02623375780254294,26.9
sh601163,2026-09-24,0.026230552577182906,12.21
sh600369,2026-09-24,0.026217594698127972,3.92
sz002571,2026-09-24,0.026204056119325383,10.97
bj920035,2026-09-24,0.026198203874026063,23.86
sh688036,2026-09-24,0.026186412685272116,54.92
sh603599,2026-09-24,0.026168469502144173,10.35
sz301118,2026-09-24,0.026152930890758864,23.42
sh603351,2026-09-24,0.026145236892040284,27.16
sz002142,2026-09-24,0.02613667856420674,34.91
sz002895,2026-09-24,0.026136649314125238,30.17
sh603063,2026-09-24,0.026124826512284476,29.08
sh600258,2026-09-24,0.026122133695296777,11.09
bj920252,2026-09-24,0.026120624590253112,14.35
sz300468,2026-09-24,0.026096984877697408,21.22
sz300738,2026-09-24,0.026094578127797217,19.31
sz002409,2026-09-24,0.026093957427814105,132.62
sz002402,2026-09-24,0.02608214201402673,18.37
sh603995,2026-09-24,0.025995703603444508,25.32
bj920179,2026-09-24,0.025976114539473207,57.4
sh688390,2026-09-24,0.0259752098567036,56.8
sz301269,2026-09-24,0.02595524744635201,87.56
sz300249,2026-09-24,0.025943664423261407,13.31
sh601969,2026-09-24,0.025933373385976462,8.94
sz301112,2026-09-24,0.02591870502704632,30.3
sh605100,2026-09-24,0.025917136551110446,33.75
sh601168,2026-09-24,0.025894554058210204,35.19
sz301599,2026-09-24,0.025888992262304726,32.58
sz300912,2026-09-24,0.025885551826778784,19.94
sz002097,2026-09-24,0.02588283622991309,6.89
sz002982,2026-09-24,0.025877600156460873,12.42
sh600268,2026-09-24,0.025872102665231808,10.08
sz002733,2026-09-24,0.02586260652138548,17.72
sz002331,2026-09-24,0.025861893268598713,6.8
sh688376,2026-09-24,0.025854855405138173,63.06
sz300228,2026-09-24,0.025851020059449267,6.58
sz300885,2026-09-24,0.025840634740175318,18.9
sz301589,2026-09-24,0.025816767325158686,159.1
sz002588,2026-09-24,0.025811628632283284,7.54
sz300533,2026-09-24,0.025780849909993322,13.92
sz300812,2026-09-24,0.0257761723839721,20.04
sz002033,2026-09-24,0.02574643767457321,8.28
bj920017,2026-09-24,0.025703521893423918,15.75
sz300396,2026-09-24,0.025696607138041044,7.05
sz000688,2026-09-24,0.025686400276241146,24.94
sz002101,2026-09-24,0.02568611901732221,8.54
sz300815,2026-09-24,0.025675067360889828,15.4
sz000948,2026-09-24,0.025674895589762887,13.11
bj920124,2026-09-24,0.025657751373337638,12.23
sh603392,2026-09-24,0.025655638707178748,26.38
sh603262,2026-09-24,0.025637880484920765,17.93
sh601512,2026-09-24,0.02558064729746352,8.34
sh600436,2026-09-24,0.025580199533202706,117.4
sz301006,2026-09-24,0.025570917627821328,13.91
sh688466,2026-09-24,0.025566486753349854,14.05
sh688589,2026-09-24,0.02555693490108017,20.79
sz002261,2026-09-24,0.025549840923837695,24.93
sh603825,2026-09-24,0.02554515128569091,7.81
sh601188,2026-09-24,0.025541851213565833,2.85
sh600685,2026-09-24,0.025531276391496136,28.63
sh601628,2026-09-24,0.025507890840297597,37.43
sz003027,2026-09-24,0.02550035080245749,16.54
sz300712,2026-09-24,0.02549947734896791,20.44
sh688375,2026-09-24,0.025492578618730572,68.88
sz002315,2026-09-24,0.025472949650484345,24.76
bj920169,2026-09-24,0.025424937642609037,20.48
sh600036,2026-09-24,0.02538260559922514,40.69
sz002523,2026-09-24,0.025380267167778456,3.38
sh688351,2026-09-24,0.025352650182899065,17.5
sh603530,2026-09-24,0.02532224904913892,44.81
sz301295,2026-09-24,0.02532213595437953,37.29
sh603211,2026-09-24,0.02530723846525476,19.78
sz002511,2026-09-24,0.025306102681456066,6.91
sh601669,2026-09-24,0.025302158383089884,4.54
sz002602,2026-09-24,0.025300273132808443,14.23
sz002430,2026-09-24,0.02529009638955828,24.9
sz300113,2026-09-24,0.025287055882755323,16.32
sh603992,2026-09-24,0.025282428811094465,19.94
sz300790,2026-09-24,0.025281456136201426,19.67
sh605020,2026-09-24,0.025270174409976812,31.04
sh688449,2026-09-24,0.025269813216025228,61.61
sh688580,2026-09-24,0.025263632126184616,43.07
sh603160,2026-09-24,0.02523883438966107,54.4
sz301428,2026-09-24,0.02523532813393758,27.31
sz002862,2026-09-24,0.02523394699542088,15.35
sh688165,2026-09-24,0.02522457200556874,14.81
sz002199,2026-09-24,0.02522152184861664,12.1
sh688411,2026-09-24,0.025218557261878657,161.01
sz301307,2026-09-24,0.025212724228478253,58.11
sh601528,2026-09-24,0.025202151911432803,4.97
bj920261,2026-09-24,0.025183335153536587,13.27
sh600476,2026-09-24,0.025176754720757904,9.97
bj920855,2026-09-24,0.02516457692003913,12.98
sh603381,2026-09-24,0.025135588337000418,14.84
sz301656,2026-09-24,0.0251345228073429,14.2
sz000403,2026-09-24,0.025113482326850824,9.92
sz002600,2026-09-24,0.025112249373092692,12.23
sh600298,2026-09-24,0.025110286411623328,39.7
sh603833,2026-09-24,0.025098176287485074,29.36
bj920943,2026-09-24,0.025095880331745764,14.36
sh688308,2026-09-24,0.025095473672914932,85.35
sz002616,2026-09-24,0.02508907670232599,4.81
sz301019,2026-09-24,0.025087763227147074,15.65
sh600571,2026-09-24,0.025079428738397098,10.21
bj920833,2026-09-24,0.025061934853703997,9.62
bj920125,2026-09-24,0.025056883699039207,146.83
sz300346,2026-09-24,0.025048301720303784,54.4
sh603334,2026-09-24,0.025043053864557376,32.08
sh603337,2026-09-24,0.02503602896355591,37.04
sz002207,2026-09-24,0.025012759688063237,5.38
sh601089,2026-09-24,0.025006662769533717,15.88
sz301320,2026-09-24,0.02499528718814471,14.04
sh600803,2026-09-24,0.024989132084970438,18.54
sz002393,2026-09-24,0.024985752547728148,13.82
sh600283,2026-09-24,0.02494523497188819,8.02
sh603299,2026-09-24,0.02494389100539178,8.64
sz002830,2026-09-24,0.024940314132277513,14.98
sz301129,2026-09-24,0.024925317126087865,24.16
sz301099,2026-09-24,0.024915904732356588,55.15
sh600305,2026-09-24,0.024911138402734265,6.66
sz301267,2026-09-24,0.02490964924458867,14.91
sz301162,2026-09-24,0.024907106723844274,36.73
bj920195,2026-09-24,0.02488377292840007,12.68
sh603993,2026-09-24,0.02488302659299273,17.08
sh603565,2026-09-24,0.02487903864684835,11.69
sz001318,2026-09-24,0.024863834355072136,11.63
sz301276,2026-09-24,0.024861441505470705,17.54
sz002345,2026-09-24,0.024856208244670996,8.47
sz002893,2026-09-24,0.02484289930702001,10.15
sh603125,2026-09-24,0.02483252796329772,23.44
sh688159,2026-09-24,0.02482288985361172,36.62
sh688018,2026-09-24,0.024822564707485197,118.64
sh600817,2026-09-24,0.0247972199962621,9.52
sz002350,2026-09-24,0.024790934929068104,13.71
sz000513,2026-09-24,0.024789912244259284,27.58
bj920096,2026-09-24,0.024787272554974177,30.5
sh603529,2026-09-24,0.024784144136277164,20.88
sz002351,2026-09-24,0.02477587001340316,9.87
sh603045,2026-09-24,0.024773922453788746,48.57
sz300471,2026-09-24,0.024751141171240287,9.97
sz301159,2026-09-24,0.024744801653538716,32.25
sz002727,2026-09-24,0.024723600757953143,10.6
sz002670,2026-09-24,0.02470923056176827,11.48
sh603876,2026-09-24,0.024671890176306017,17.94
sh688563,2026-09-24,0.024669231355106156,52.79
sh603080,2026-09-24,0.0246691010688056,19.8
sz300602,2026-09-24,0.024665480919108442,37.47
sh688110,2026-09-24,0.0246579482792239,118.73
sh688419,2026-09-24,0.024649433282757437,52.08
sh600941,2026-09-24,0.02464201204099073,97.45
sz000550,2026-09-24,0.024625027679068247,15.99
sz002847,2026-09-24,0.024622151446062956,43.15
sh688349,2026-09-24,0.02457676299502252,12.94
sz300054,2026-09-24,0.0245767414682394,70.11
sh603596,2026-09-24,0.024561585095047293,28.55
sz002701,2026-09-24,0.024559796434469344,4.32
sh600078,2026-09-24,0.024553120849756332,9.99
sh601390,2026-09-24,0.024549996071043273,4.25
sz301131,2026-09-24,0.024543635954661656,33.61
sz002250,2026-09-24,0.02453653377174074,14.51
sz002771,2026-09-24,0.024534766436510026,13.55
sz001269,2026-09-24,0.02452996190488217,19.35
bj920249,2026-09-24,0.02451531512563278,8.9
sh600900,2026-09-24,0.024505653689930944,28.36
sh688322,2026-09-24,0.024492719485975548,89.51
sz002970,2026-09-24,0.02448807667884358,42.35
sz300463,2026-09-24,0.0244867886680547,9.3
sh603517,2026-09-24,0.024484011965952783,11.43
sz001388,2026-09-24,0.02448318570352061,19.59
sz300786,2026-09-24,0.02447226468928574,14.83
sh600689,2026-09-24,0.024471086716768127,12.04
sh688256,2026-09-24,0.02446414184922543,1091.48
sh688716,2026-09-24,0.02445404227073039,26.52
sh605337,2026-09-24,0.024439723640825396,9.01
sh603036,2026-09-24,0.024438627854700475,13.68
sz301278,2026-09-24,0.024429505997641262,29.44
sz300768,2026-09-24,0.024414815501573164,15.06
bj920208,2026-09-24,0.024397516793851104,10.64
sh601968,2026-09-24,0.024389954479968806,4.51
sz002810,2026-09-24,0.024359507100823578,21.23
bj920010,2026-09-24,0.02435651864495299,8.75
bj920394,2026-09-24,0.024337030415997423,49.72
bj920171,2026-09-24,0.024336032043256954,15.64
sh605116,2026-09-24,0.02430886917909048,19.6
sh688186,2026-09-24,0.024302014005181564,14.35
sz300770,2026-09-24,0.024269358205750817,35.22
sh603860,2026-09-24,0.02424530936062466,26.39
sz002452,2026-09-24,0.024245143729090503,11.59
bj920019,2026-09-24,0.024227978820917984,15.26
sh605060,2026-09-24,0.02421015881202424,39.39
sz002265,2026-09-24,0.02419237071068661,19.36
sz301076,2026-09-24,0.024182964853679663,21.15
sz300547,2026-09-24,0.024175006873336402,24.55
sz002432,2026-09-24,0.024162895394718265,61.68
sh600764,2026-09-24,0.024146839639795494,18.36
sh603005,2026-09-24,0.024141856227024205,29.51
sz300633,2026-09-24,0.024131107341652032,19.26
sz000551,2026-09-24,0.024125967924414578,12.14
sz002521,2026-09-24,0.024122850973247786,6.28
sz301531,2026-09-24,0.02411896246290337,51.38
sz300699,2026-09-24,0.024118099765116165,23.03
sz300674,2026-09-24,0.024117506056706393,16.14
sz300048,2026-09-24,0.02411371977902913,4.76
sh688083,2026-09-24,0.02411306332647447,51.96
sh688188,2026-09-24,0.024106785288194384,95.25
sh603209,2026-09-24,0.02409482009785918,14.7
sh600039,2026-09-24,0.024087120960114023,8.61
sh688206,2026-09-24,0.02407787079165987,36.79
sh601138,2026-09-24,0.024068256926164492,61.0
sz300218,2026-09-24,0.024058458955990635,12.52
sz002555,2026-09-24,0.024055829459106927,17.38
sz300484,2026-09-24,0.024053682153095248,12.85
sz002009,2026-09-24,0.024047827393952493,15.49
sz300766,2026-09-24,0.0240463651081604,21.65
sh600704,2026-09-24,0.024036043698027008,4.77
sh600990,2026-09-24,0.02400737504638889,17.85
sz002926,2026-09-24,0.024003802723984495,8.23
sh603345,2026-09-24,0.02399955819972829,76.93
sh600848,2026-09-24,0.023987830081501862,8.5
sh603590,2026-09-24,0.023985828791092775,29.38
sh603076,2026-09-24,0.023967811410649433,20.21
sz002649,2026-09-24,0.02394723400137355,9.14
sh600030,2026-09-24,0.023946823679802286,26.29
bj920065,2026-09-24,0.02393706132537383,36.74
sz300579,2026-09-24,0.02392514530205372,23.23
sz002014,2026-09-24,0.023893909775119005,10.96
sh605296,2026-09-24,0.02389132727486285,30.3
sz300929,2026-09-24,0.023869935663712104,16.02
sz300354,2026-09-24,0.02386209787922442,27.56
sz002664,2026-09-24,0.023849508462828215,14.72
sh601702,2026-09-24,0.023829671732395825,15.05
sh600271,2026-09-24,0.023818442503599865,6.61
sh600150,2026-09-24,0.023813136487490897,38.09
sz300827,2026-09-24,0.02381164997795921,25.31
sh603708,2026-09-24,0.023802141233377132,8.85
sz002034,2026-09-24,0.02379243301187949,14.15
sz301603,2026-09-24,0.023789702131561292,122.11
sz301535,2026-09-24,0.023759161166668288,13.83
sh601600,2026-09-24,0.023740412595687564,8.88
sz300856,2026-09-24,0.02370991284424138,10.4
sz300653,2026-09-24,0.023708413438684437,15.42
bj920086,2026-09-24,0.023689678672215282,19.74
sz000158,2026-09-24,0.023689039937746535,12.55
sz300465,2026-09-24,0.02367372628020992,11.13
sz002549,2026-09-24,0.023669699064257498,13.05
sh603409,2026-09-24,0.023660615915431584,17.99
sh601860,2026-09-24,0.023651992504562347,2.53
sh600602,2026-09-24,0.023626758728261713,16.68
sh688567,2026-09-24,0.02362500239216222,8.88
sz300660,2026-09-24,0.023622819536414267,23.63
sh601997,2026-09-24,0.02360248376393411,5.5
sz300861,2026-09-24,0.02359592344508458,15.85
sh688146,2026-09-24,0.023589591338936643,212.99
sz301302,2026-09-24,0.02358230171998601,21.72
sh600292,2026-09-24,0.02358077550856993,11.26
sz002906,2026-09-24,0.023571030307396462,27.5
sz301120,2026-09-24,0.02356168529314253,14.63
sz300357,2026-09-24,0.023561307367100517,19.95
sz301555,2026-09-24,0.02352726094347,36.7
sh603171,2026-09-24,0.023524222435506347,40.02
sh688576,2026-09-24,0.02351909194580214,40.36
sz300722,2026-09-24,0.023507668936526085,21.45
sz002438,2026-09-24,0.02346233193909926,13.76
sh688219,2026-09-24,0.02344965061733282,10.37
sh600547,2026-09-24,0.02344552431444415,29.07
sz003011,2026-09-24,0.02340480670188041,19.98
sh600526,2026-09-24,0.023379358375085,4.56
sz301631,2026-09-24,0.02336183044314191,62.07
sz301065,2026-09-24,0.02335422501729096,19.95
sh600938,2026-09-24,0.023302136199501933,32.8
sh603182,2026-09-24,0.02329673942467914,13.52
sh689009,2026-09-24,0.023288034505657175,37.06
sz002372,2026-09-24,0.02327835015112197,8.17
sz000766,2026-09-24,0.023253609344039992,15.19
bj920826,2026-09-24,0.023251071882102087,8.53
sz300329,2026-09-24,0.023227957550850845,11.77
sz000695,2026-09-24,0.02321129765065142,12.71
sz300576,2026-09-24,0.023210679090412908,29.11
sh600000,2026-09-24,0.023203669173249068,9.0
sz002126,2026-09-24,0.02319551725110254,36.11
sz301613,2026-09-24,0.023191594050393005,35.08
sh688080,2026-09-24,0.023172962658045117,38.04
sh603477,2026-09-24,0.02317291831453753,13.89
sz001205,2026-09-24,0.023158696376389943,14.61
sz002737,2026-09-24,0.023158254227362524,11.24
sz300535,2026-09-24,0.023147082438511837,15.82
sh603881,2026-09-24,0.023141003790948373,23.95
sh603516,2026-09-24,0.023134035249871152,82.68
sz000063,2026-09-24,0.023132253410801645,31.92
sz300760,2026-09-24,0.023127937966381906,153.86
sh600035,2026-09-24,0.023059439691355835,3.65
sz301138,2026-09-24,0.02305090689908847,29.93
sh603357,2026-09-24,0.023027270132374416,5.95
sh688722,2026-09-24,0.023009677504849762,14.58
sz002782,2026-09-24,0.02300848603189969,14.96
sz300823,2026-09-24,0.023003155726093683,14.7
sz300875,2026-09-24,0.02298599529049127,31.6
sh688480,2026-09-24,0.022974475072748746,70.0
sz000030,2026-09-24,0.022964094008323267,3.92
sz002276,2026-09-24,0.02296271899535756,9.82
bj920765,2026-09-24,0.022961293511659993,11.42
sh600114,2026-09-24,0.0229606526118566,26.78
sh600058,2026-09-24,0.02293942705639831,8.83
sz002594,2026-09-24,0.022932275210692816,84.34
sz000893,2026-09-24,0.02292640533345271,37.18
sz301199,2026-09-24,0.02292621330602583,18.11
sz301487,2026-09-24,0.02292056390434766,15.58
sz300558,2026-09-24,0.022909067446440622,48.23
sh601139,2026-09-24,0.02290641872944583,6.19
bj920069,2026-09-24,0.02289777230015845,31.55
sz301236,2026-09-24,0.02288919219270627,35.95
bj920165,2026-09-24,0.022885796041441222,33.56
sh688766,2026-09-24,0.022875810334158107,408.7
sz002833,2026-09-24,0.022872676677358456,18.32
bj920978,2026-09-24,0.02286843841617184,17.2
sh601006,2026-09-24,0.022858288433953253,4.66
sz002378,2026-09-24,0.02283098881882798,22.5
sh603029,2026-09-24,0.022816293605656634,16.54
bj920367,2026-09-24,0.022816154952886206,26.51
sz002061,2026-09-24,0.02281558766152842,3.3
sh688345,2026-09-24,0.022789449183372796,48.11
sh605080,2026-09-24,0.02278498213954916,23.33
sh600398,2026-09-24,0.0227817797244744,5.66
sz300844,2026-09-24,0.02277844426165796,24.13
sh605007,2026-09-24,0.02276164984526796,14.68
sh688249,2026-09-24,0.02275516656344737,34.82
sz301429,2026-09-24,0.022751933664527258,17.41
sh688396,2026-09-24,0.02274789463690526,59.17
sh603178,2026-09-24,0.02274001061831642,15.85
sh600717,2026-09-24,0.022732754450394344,4.22
bj920166,2026-09-24,0.022721227517873026,19.48
sh688729,2026-09-24,0.022710799273593048,23.92
sz301183,2026-09-24,0.02270348209500849,306.6
sh600985,2026-09-24,0.0227029138856954,16.49
sz002273,2026-09-24,0.02270081063576432,25.17
bj920438,2026-09-24,0.022698748899932536,117.31
sh600206,2026-09-24,0.022670984551352632,49.81
sz300341,2026-09-24,0.022662942051682646,12.96
sh603887,2026-09-24,0.022660656433035675,8.65
sz002460,2026-09-24,0.022650752725820386,43.68
sh603922,2026-09-24,0.022644312810453347,12.13
bj920239,2026-09-24,0.022639823622844467,19.93
sh600930,2026-09-24,0.022635601389532817,3.88
bj920136,2026-09-24,0.022626282051209243,21.34
sh603180,2026-09-24,0.022622422871306717,15.83
sz002865,2026-09-24,0.0226098007300529,37.6
sh603239,2026-09-24,0.022600939697601845,14.0
bj920018,2026-09-24,0.022585638054870693,14.65
sz002304,2026-09-24,0.022582955070730434,37.47
sz002958,2026-09-24,0.022578618344491985,2.89
sh605123,2026-09-24,0.022576319820320934,80.0
sh603201,2026-09-24,0.02257385550258452,15.62
sz300735,2026-09-24,0.022573520711395418,18.47
sh603868,2026-09-24,0.022555101499900497,31.0
sz002116,2026-09-24,0.022541864524227618,7.11
sz000409,2026-09-24,0.02253584038617173,8.84
sh603102,2026-09-24,0.022525277111792336,37.5
sh688798,2026-09-24,0.022518815517621405,56.59
sz301260,2026-09-24,0.02250708796681887,11.76
sz300481,2026-09-24,0.022502852929792545,14.04
sh688087,2026-09-24,0.022489021784570656,33.21
sh603393,2026-09-24,0.02248825966016378,24.77
sz002136,2026-09-24,0.022482482172929554,11.72
sz002917,2026-09-24,0.022451886288444682,10.14
sz300968,2026-09-24,0.022449355895668332,9.81
sh600916,2026-09-24,0.022441145293111194,7.24
sh603206,2026-09-24,0.022439530685192548,13.83
sz002019,2026-09-24,0.02243773532719214,9.36
sz002748,2026-09-24,0.0224335970040944,12.11
sh600211,2026-09-24,0.022404746038362525,36.48
sh603985,2026-09-24,0.02239985386745416,16.75
sz000887,2026-09-24,0.02239350250347281,19.38
sz002921,2026-09-24,0.022374856759623123,20.89
sh603979,2026-09-24,0.022368931923048115,72.35
sh688307,2026-09-24,0.022347119159887185,47.21
sh688058,2026-09-24,0.022325304675904264,25.25
sz300390,2026-09-24,0.022312374899848483,50.49
sz003039,2026-09-24,0.022308141106700635,12.62
sz300838,2026-09-24,0.02230657511651248,14.46
sz000661,2026-09-24,0.022305962674916954,70.85
sh688526,2026-09-24,0.022292716424922927,12.18
sz300037,2026-09-24,0.02227833490299538,70.58
sz002128,2026-09-24,0.022253412508681857,27.82
sz002653,2026-09-24,0.022236991706668856,61.31
sz002716,2026-09-24,0.02221958237840126,9.09
sz002573,2026-09-24,0.022210730083483524,3.11
bj920139,2026-09-24,0.022201731557721295,15.29
sh600993,2026-09-24,0.02220087327976908,22.15
sh600459,2026-09-24,0.02218873766649269,18.53
sh603075,2026-09-24,0.022173678944994384,20.15
sz000589,2026-09-24,0.022170501815489744,4.2
sz301221,2026-09-24,0.022167402996732758,27.11
bj920098,2026-09-24,0.022153529458463696,17.89
sh688025,2026-09-24,0.02212266228634836,444.59
bj920020,2026-09-24,0.022114678173950436,14.76
bj920072,2026-09-24,0.022111586932944256,23.11
sz002371,2026-09-24,0.022101420745012566,653.06
sz001393,2026-09-24,0.022068082409260177,42.04
sz001286,2026-09-24,0.022058501817616864,9.43
sh600312,2026-09-24,0.022057588948124845,18.94
bj920185,2026-09-24,0.022051953869169943,19.94
sh603193,2026-09-24,0.02204870237330573,20.18
sh601083,2026-09-24,0.022044477639695106,12.75
sz300435,2026-09-24,0.02202828441173193,16.24
sh600980,2026-09-24,0.022022969015892013,19.13
sz300075,2026-09-24,0.022019006363136324,10.14
sh601668,2026-09-24,0.022002051920126952,4.26
sh600458,2026-09-24,0.02199978286528985,11.11
sz002255,2026-09-24,0.021998218614883037,7.52
sh600295,2026-09-24,0.02199211822548059,12.8
sz002868,2026-09-24,0.021978478310198567,22.42
sh603070,2026-09-24,0.021955432269642552,11.42
sz002825,2026-09-24,0.021940006874282467,9.43
sh600754,2026-09-24,0.021930396330286622,18.03
sh688811,2026-09-24,0.021927426043525034,20.48
sh600563,2026-09-24,0.02190149067526831,120.31
sz300641,2026-09-24,0.021901043139460983,13.42
sh600196,2026-09-24,0.021892034001688872,22.84
sh688230,2026-09-24,0.021888655237671997,61.01
sz002843,2026-09-24,0.021882231224442154,15.71
sz002293,2026-09-24,0.021872739963122792,10.75
sz002240,2026-09-24,0.02187081181257672,25.69
sz300347,2026-09-24,0.021869963800836882,56.81
sh605266,2026-09-24,0.021864683739954174,15.68
sh601018,2026-09-24,0.021840216297650393,3.4
sz301606,2026-09-24,0.02183919763594778,52.51
sh688631,2026-09-24,0.021834200265697885,37.52
sz301563,2026-09-24,0.02179166330780755,112.32
sz300343,2026-09-24,0.021784257230720944,5.33
sz300416,2026-09-24,0.021776824700571518,14.22
sh603676,2026-09-24,0.021775141614400764,8.85
sh603733,2026-09-24,0.02177004386361595,18.87
sz301167,2026-09-24,0.021768107750204328,13.37
sz301179,2026-09-24,0.021755927158707056,19.98
bj920076,2026-09-24,0.021736130049801027,12.59
sz300293,2026-09-24,0.02171612742888373,14.4
bj920599,2026-09-24,0.02170321727850833,17.28
bj920809,2026-09-24,0.021693028529236227,6.73
sz300908,2026-09-24,0.021689475008083225,16.89
sh600750,2026-09-24,0.021666204391663075,22.14
sh688016,2026-09-24,0.021658266104887,85.01
sz301548,2026-09-24,0.021616180325340326,55.22
sh605255,2026-09-24,0.02161398095083538,58.1
sz300761,2026-09-24,0.02161271871149079,20.43
sz001308,2026-09-24,0.021594112356015514,18.14
sz000807,2026-09-24,0.021590577172684255,26.03
sh601128,2026-09-24,0.02158960218215911,6.17
sz002507,2026-09-24,0.021577274552172503,11.04
sz301479,2026-09-24,0.021573299340101965,51.8
bj920725,2026-09-24,0.021563164607920057,91.62
sh600012,2026-09-24,0.021541496296490336,15.54
sz002267,2026-09-24,0.021534664731993922,7.12
sh603210,2026-09-24,0.02152584701523929,13.4
sz001283,2026-09-24,0.021512847802911794,46.3
sh601818,2026-09-24,0.021501721638315825,3.0
sh603585,2026-09-24,0.021496827409561655,10.36
sz300388,2026-09-24,0.021496055115983598,6.68
sz300791,2026-09-24,0.021479016245750857,17.52
sz002658,2026-09-24,0.02147617236152859,7.32
sz301308,2026-09-24,0.02146448356702606,331.77
sh600236,2026-09-24,0.02145880889237837,9.24
sz301288,2026-09-24,0.021456344986484674,16.97
sz300854,2026-09-24,0.02142986416571185,15.37
sz002866,2026-09-24,0.021410993494854133,14.3
sz301397,2026-09-24,0.021406567385618268,23.03
sh603896,2026-09-24,0.021406000169901174,14.51
sh600132,2026-09-24,0.021380938440476394,37.56
sh601177,2026-09-24,0.02137942832426154,13.72
sz002299,2026-09-24,0.021378701587344135,15.7
sz300482,2026-09-24,0.0213770146260418,16.41
sz002778,2026-09-24,0.02134380347950943,15.83
sz300982,2026-09-24,0.02133441974167219,14.34
sh603098,2026-09-24,0.021321115301765795,10.72
sz301379,2026-09-24,0.021318900576770848,21.25
sz000885,2026-09-24,0.02130538480452872,11.63
sh688128,2026-09-24,0.02129986197883569,22.1
sz300467,2026-09-24,0.02128703783006464,32.68
sz002209,2026-09-24,0.0212866824918048,13.34
sh600703,2026-09-24,0.0212634829801978,12.47
sz300302,2026-09-24,0.021251822116676193,28.25
sz300881,2026-09-24,0.021247446743541724,30.67
sh601127,2026-09-24,0.0212402367441054,46.33
sh601916,2026-09-24,0.021232402985753934,2.84
sz000426,2026-09-24,0.021223382304623978,32.77
sz001379,2026-09-24,0.02121637722370858,15.76
sh605050,2026-09-24,0.02119885439830997,10.06
sh601021,2026-09-24,0.021191244416264875,39.85
sh603566,2026-09-24,0.021178380675963854,10.19
sh605298,2026-09-24,0.021168392679471074,44.04
sh603721,2026-09-24,0.02114165630313607,18.19
sh603310,2026-09-24,0.021098519789742077,14.74
sh600419,2026-09-24,0.021095395978599288,8.72
sz002155,2026-09-24,0.021086087761088394,23.69
sz300967,2026-09-24,0.021061080900403973,16.15
sh603391,2026-09-24,0.02105791720562828,68.3
sz301246,2026-09-24,0.02105661585885133,17.67
sh688712,2026-09-24,0.021054695413658148,31.22
sz301216,2026-09-24,0.021053468371711778,17.05
sh600029,2026-09-24,0.021040340333481466,4.86
sz002992,2026-09-24,0.021037256199288295,33.53
sh603688,2026-09-24,0.02102715143278566,48.19
sz002643,2026-09-24,0.02102120470736302,13.06
sh603486,2026-09-24,0.021018771704662192,50.33
sh605108,2026-09-24,0.02101011686789953,12.12
sz300557,2026-09-24,0.021000068999191473,25.09
sz002880,2026-09-24,0.020986181799189856,21.51
sh600133,2026-09-24,0.020978684398395647,7.89
sh600872,2026-09-24,0.020976329915515013,17.15
sz002159,2026-09-24,0.02096820874386666,13.46
sh601827,2026-09-24,0.020963822213086073,7.81
sz000888,2026-09-24,0.020958194092683832,9.22
sh605339,2026-09-24,0.020957473997581282,13.14
sh600618,2026-09-24,0.02095515348369362,9.72
sh601995,2026-09-24,0.020949607978581277,31.02
sz300930,2026-09-24,0.020946568650531693,25.67
sz002601,2026-09-24,0.02094548947141018,15.0
sz002007,2026-09-24,0.02092629876369586,13.11
sz002111,2026-09-24,0.020919695195781567,9.35
sz301029,2026-09-24,0.02090845900814653,24.97
sz002192,2026-09-24,0.020907805099317583,58.75
sz300588,2026-09-24,0.02090456742993868,21.76
sz301073,2026-09-24,0.02090156455522942,17.75
sz300809,2026-09-24,0.020894162301187676,24.38
sh603726,2026-09-24,0.020852444042624853,24.38
sh600148,2026-09-24,0.020848222337242032,15.77
bj920957,2026-09-24,0.02083946532560158,9.59
sz000025,2026-09-24,0.02082028164749134,14.92
sh688045,2026-09-24,0.020816638621588574,60.58
sz300719,2026-09-24,0.02081546687893723,11.97
sh688802,2026-09-24,0.020778908249550837,556.86
sz301153,2026-09-24,0.020767874391364016,17.04
sz300268,2026-09-24,0.020740045092998288,12.0
sz000301,2026-09-24,0.02073711847677224,13.36
sz301421,2026-09-24,0.020731348094332764,78.84
sz300452,2026-09-24,0.020730898343339986,13.12
sz000819,2026-09-24,0.02068379448564047,12.05
sz300762,2026-09-24,0.020667206127423947,26.4
bj920689,2026-09-24,0.020662911808320947,19.61
sz300348,2026-09-24,0.020659596954686412,9.24
sz000166,2026-09-24,0.020659461672349007,4.39
bj920273,2026-09-24,0.0206559924261903,17.5
sz002952,2026-09-24,0.020655575802985483,19.33
sh603402,2026-09-24,0.02065550987361819,60.65
sh605368,2026-09-24,0.0206423237709572,6.66
sh603100,2026-09-24,0.020622012361262015,18.55
sh600928,2026-09-24,0.02061923765702137,3.48
sh603568,2026-09-24,0.02061911909547727,13.36
sh600557,2026-09-24,0.020607829897949886,12.19
sh603301,2026-09-24,0.020599336451442858,78.48
sz002497,2026-09-24,0.020588401224943802,15.94
sz002698,2026-09-24,0.020574152648966934,11.32
bj920007,2026-09-24,0.02057062068811902,32.62
sh688676,2026-09-24,0.020570434749058366,62.06
sz301033,2026-09-24,0.02053651816924802,54.35
sz002546,2026-09-24,0.02053426990260104,7.37
sz002732,2026-09-24,0.020525842908291715,14.17
sh688060,2026-09-24,0.020509414936545393,37.13
sh688739,2026-09-24,0.020484020876447795,20.62
sh603231,2026-09-24,0.02047469375020761,17.16
sz301137,2026-09-24,0.020459668043174454,30.74
sz001369,2026-09-24,0.020449394729312894,12.3
sh600927,2026-09-24,0.020448720735581707,12.18
sz300945,2026-09-24,0.02043792473557796,11.39
sz300941,2026-09-24,0.020429289933714484,15.03
sz002576,2026-09-24,0.02041203838258974,14.49
sh603025,2026-09-24,0.020407876841031607,13.27
sz002760,2026-09-24,0.020392662943369035,17.65
sz300139,2026-09-24,0.02038383362850571,44.92
sz301106,2026-09-24,0.02037928264103311,19.28
sh688498,2026-09-24,0.020352443138492847,1700.03
sh603043,2026-09-24,0.02031450250909311,12.88
sz002091,2026-09-24,0.020313758085987274,7.51
bj920839,2026-09-24,0.020298752306044127,23.37
sh603501,2026-09-24,0.020280934225978226,81.4
sh688797,2026-09-24,0.020278774691297734,276.18
sz002185,2026-09-24,0.020264085643795917,17.58
bj920047,2026-09-24,0.02026038120697325,15.3
sh600011,2026-09-24,0.020254108015106576,6.74
sz300890,2026-09-24,0.020251666022919168,26.25
sh600031,2026-09-24,0.020246114637681337,17.2
sz002152,2026-09-24,0.020244284748198785,9.03
sh601808,2026-09-24,0.020239149644490646,12.12
sz002675,2026-09-24,0.020231036764680257,12.68
sz002829,2026-09-24,0.02020650138165583,19.96
sz301185,2026-09-24,0.020184630245390165,17.35
sh688630,2026-09-24,0.020181209224115645,418.0
bj920206,2026-09-24,0.020172696729192596,38.13
sh603505,2026-09-24,0.020161162958180153,14.91
sz300958,2026-09-24,0.02016028160089298,12.37
sh603017,2026-09-24,0.020137436804451788,9.95
bj920533,2026-09-24,0.020126790136897686,16.49
sz301105,2026-09-24,0.02011916966718404,49.9
sh603132,2026-09-24,0.02008884830726286,17.93
sz300069,2026-09-24,0.02008694956758942,24.69
sh600925,2026-09-24,0.02008253867501712,4.08
sh603185,2026-09-24,0.02008130735494238,13.92
bj920112,2026-09-24,0.020076610393207402,14.54
sz300542,2026-09-24,0.02007313570274253,12.25
sz300541,2026-09-24,0.020054456113637723,9.42
bj920087,2026-09-24,0.020048177592633925,14.91
sh601990,2026-09-24,0.02002314196577988,6.58
sz301449,2026-09-24,0.02001832706848438,40.49
sz000544,2026-09-24,0.02001150614041929,7.16
sz000333,2026-09-24,0.019978689156055277,82.65
sh688095,2026-09-24,0.019936898206822953,57.44
sh603260,2026-09-24,0.019927288649398533,31.85
sh600765,2026-09-24,0.01991516598731355,13.2
sh600071,2026-09-24,0.01990563424450021,16.67
sz002423,2026-09-24,0.019905038318523263,9.05
sh605033,2026-09-24,0.01989127053755777,19.48
sz300339,2026-09-24,0.019889793167945067,33.9
bj920779,2026-09-24,0.01988271682792787,22.23
sz002466,2026-09-24,0.019876657726215063,40.9
bj920038,2026-09-24,0.019873673680636132,36.43
sz000935,2026-09-24,0.01984882610649839,19.99
sz002096,2026-09-24,0.019824792130639333,9.03
sh601601,2026-09-24,0.019808034771783018,30.88
bj920078,2026-09-24,0.01979846971000056,18.43
sh688065,2026-09-24,0.01979816639630208,38.34
sz301101,2026-09-24,0.01979681218032067,30.08
sz002822,2026-09-24,0.019789855649962343,2.91
sz300034,2026-09-24,0.01978747332481831,15.72
sz002625,2026-09-24,0.019755591481771494,24.97
sz300628,2026-09-24,0.019748073428061976,40.96
sh603435,2026-09-24,0.019740792961975014,48.39
sh688252,2026-09-24,0.019737546538714002,21.32
sz300910,2026-09-24,0.01969278325055252,27.71
sh601065,2026-09-24,0.019691396662201825,6.67
sz000902,2026-09-24,0.01968600579774059,13.71
sz301069,2026-09-24,0.019675246987484032,15.85
sh600054,2026-09-24,0.01966446246603481,10.64
sh688122,2026-09-24,0.019663100018593536,51.33
sh600141,2026-09-24,0.019661064489113114,27.95
bj920751,2026-09-24,0.01965680243113167,15.0
sh688775,2026-09-24,0.019655678663297906,90.78
sh600580,2026-09-24,0.01965560541599489,26.77
sz300476,2026-09-24,0.019646223294474973,232.69
sz301228,2026-09-24,0.019639929739087448,55.15
sh603722,2026-09-24,0.019633082368299866,29.67
sz002322,2026-09-24,0.019629083131745717,11.99
bj920489,2026-09-24,0.019624157681165662,12.46
sz302132,2026-09-24,0.019610479886528132,58.1
sz300019,2026-09-24,0.01959664174798639,14.18
sh688101,2026-09-24,0.019575625019393746,14.54
sh603199,2026-09-24,0.019571422740817877,32.3
sh688348,2026-09-24,0.019562741431653975,30.5
sz002032,2026-09-24,0.01955874033406537,39.23
sz000028,2026-09-24,0.019554363745333113,19.5
sz002444,2026-09-24,0.019550291780116438,27.28
sh603019,2026-09-24,0.01954894031806967,82.17
sh603551,2026-09-24,0.01952500537035805,9.33
sh688358,2026-09-24,0.01951619069011827,29.0
sh688116,2026-09-24,0.019506925412172423,33.64
sz300757,2026-09-24,0.019495435443018513,565.86
sz300046,2026-09-24,0.019494698810371747,24.81
sz000543,2026-09-24,0.019491482874864602,7.15
sh601156,2026-09-24,0.0194802482347205,18.21
sh603197,2026-09-24,0.019477905979982824,29.36
sh600621,2026-09-24,0.0194761807144155,13.73
sz002929,2026-09-24,0.01946787202495779,51.4
sh603883,2026-09-24,0.01946594339817372,12.95
bj920964,2026-09-24,0.019465509554595528,4.72
sz300604,2026-09-24,0.019456809219497818,261.0
sz002749,2026-09-24,0.019453568474129695,8.44
sh601069,2026-09-24,0.019432704440723467,25.6
sz003000,2026-09-24,0.019430452551360396,9.38
sh600749,2026-09-24,0.019425595753017756,13.19
sh603190,2026-09-24,0.019424638408181226,16.25
sz002536,2026-09-24,0.019422966775280517,50.67
sh603202,2026-09-24,0.01941979212694293,51.78
sz002867,2026-09-24,0.019413800133763984,10.07
sz301038,2026-09-24,0.019397577386447873,16.52
bj920403,2026-09-24,0.019383976727384858,19.66
sz300035,2026-09-24,0.01935908367419237,12.21
sz002230,2026-09-24,0.01935176337049127,38.32
sh601865,2026-09-24,0.019335625857964337,9.27
sh600131,2026-09-24,0.019330513341256673,14.08
sz300436,2026-09-24,0.01932172823319695,84.68
sh601166,2026-09-24,0.019308304068105207,17.88
sh600475,2026-09-24,0.019281341252963637,14.74
sz301590,2026-09-24,0.019271400608469,68.08
sz300031,2026-09-24,0.019271095762414016,21.1
bj920304,2026-09-24,0.01923975164041444,8.93
sh605333,2026-09-24,0.019228958288504662,16.67
sz300743,2026-09-24,0.019228181388454765,14.51
sz300925,2026-09-24,0.019216598875264834,13.84
sz300042,2026-09-24,0.01918588379747604,39.44
sz002626,2026-09-24,0.019185495968978204,16.19
sz000568,2026-09-24,0.01917465382635628,70.65
bj920592,2026-09-24,0.019158215153486664,26.28
sh600987,2026-09-24,0.01913680120374654,6.31
sh601200,2026-09-24,0.01912594126148462,6.74
sh688681,2026-09-24,0.019125302488910177,15.51
sh601965,2026-09-24,0.01912496753827441,13.04
sz002940,2026-09-24,0.01911626826047199,22.84
sz002805,2026-09-24,0.019107605854680493,16.16
sz001213,2026-09-24,0.019102874148158505,3.49
bj920029,2026-09-24,0.019092026602642816,32.43
sz300724,2026-09-24,0.01907821417898718,54.35
sh688208,2026-09-24,0.019063456595013472,25.6
sz301533,2026-09-24,0.019050417119526125,28.69
sh688533,2026-09-24,0.019039615214726992,20.1
sh600182,2026-09-24,0.01903449593610662,12.59
sz300706,2026-09-24,0.01903295621874215,50.36
sz301203,2026-09-24,0.019031950396557397,33.93
sh600756,2026-09-24,0.01899145339844086,13.68
sz300594,2026-09-24,0.018980999527149548,15.19
sz000792,2026-09-24,0.018975105145292676,23.7
sz002539,2026-09-24,0.018970027776875252,12.04
bj920037,2026-09-24,0.018968372310652515,38.41
sh601816,2026-09-24,0.018961218771235928,4.69
sh600444,2026-09-24,0.018951978603017453,14.4
sh688063,2026-09-24,0.018938866311503627,40.51
sh603858,2026-09-24,0.018936683971554104,14.52
sh603611,2026-09-24,0.018932243935200186,15.67
bj920402,2026-09-24,0.018917931047580397,8.28
sz301383,2026-09-24,0.01889998079749596,23.94
sh688506,2026-09-24,0.01889670154643895,239.3
sz002736,2026-09-24,0.018879819867235394,9.84
sz300428,2026-09-24,0.01886768078492837,19.38
sh688190,2026-09-24,0.018866114558266967,71.2
sh600009,2026-09-24,0.018864880148381596,22.46
sz002946,2026-09-24,0.018861446759787612,14.33
sh600273,2026-09-24,0.018810919240594654,6.27
sz000157,2026-09-24,0.018806014330527063,6.04
sh605286,2026-09-24,0.018795066300952127,24.95
sz002823,2026-09-24,0.018774181945286714,12.92
sz301538,2026-09-24,0.018760765122813286,40.95
sh603988,2026-09-24,0.018753618259521293,17.68
sz300832,2026-09-24,0.018745496608429193,47.73
sz301239,2026-09-24,0.018716338699143516,31.5
sz300351,2026-09-24,0.01869224084974028,13.88
bj920092,2026-09-24,0.018673532973723667,24.58
sh601958,2026-09-24,0.018666646859988752,19.7
sz300884,2026-09-24,0.018645763401563285,12.2
sh600016,2026-09-24,0.018627522458223755,3.46
sh601799,2026-09-24,0.018599425799463703,70.71
sz002533,2026-09-24,0.018572987104767406,10.91
sz300546,2026-09-24,0.018534049295234403,16.65
sz301012,2026-09-24,0.01852817591962886,22.95
sz002709,2026-09-24,0.01852339067405993,31.76
sz002920,2026-09-24,0.018517126551490973,82.88
sz000977,2026-09-24,0.018499093163910966,69.9
sz300470,2026-09-24,0.018487043304890337,27.62
sh600008,2026-09-24,0.01848569200235714,2.71
sh600392,2026-09-24,0.01846452785242717,21.35
sh688361,2026-09-24,0.01846231478027675,370.3
sh688048,2026-09-24,0.018449649839164868,329.66
bj920476,2026-09-24,0.018444677626395106,22.95
sz002056,2026-09-24,0.018423411730071095,20.04
sz300130,2026-09-24,0.018416860624359738,17.9
bj920177,2026-09-24,0.01841658954768199,22.91
sh603338,2026-09-24,0.018403020260985236,52.78
bj920046,2026-09-24,0.018402568539053085,19.51
sh603856,2026-09-24,0.01839964578794939,11.72
sz301050,2026-09-24,0.018391956695813977,27.83
sz003017,2026-09-24,0.01837748950423801,22.9
sz002001,2026-09-24,0.01837692840083501,25.7
bj920189,2026-09-24,0.018375156539921104,20.37
sh600983,2026-09-24,0.018366462221679102,7.39
bj920634,2026-09-24,0.018361370802424167,15.54
sh688100,2026-09-24,0.01833498958772423,24.73
sz001301,2026-09-24,0.018315533272853044,47.65
bj920174,2026-09-24,0.018303231201879693,31.16
sh600820,2026-09-24,0.018296913333436433,5.23
sz001337,2026-09-24,0.01827121687587203,46.71
sh688111,2026-09-24,0.018247656847443297,222.03
sz301586,2026-09-24,0.018212570766949675,29.57
sz301275,2026-09-24,0.018154989477579105,40.1
sz000541,2026-09-24,0.018129945840285336,4.9
sh600885,2026-09-24,0.018129846509959153,33.39
sh603406,2026-09-24,0.018069696496990417,27.91
sz301173,2026-09-24,0.01806340071647795,33.21
bj920193,2026-09-24,0.018063185468493174,29.91
sh688582,2026-09-24,0.018059266280535575,38.78
sz001285,2026-09-24,0.017982118023336807,42.59
sz300503,2026-09-24,0.017980409321954584,65.32
sz301578,2026-09-24,0.01794597836798912,23.34
sz002715,2026-09-24,0.0179147921865215,13.11
sz301596,2026-09-24,0.01790692805860909,46.16
sz002722,2026-09-24,0.017882345987949022,13.28
sz301238,2026-09-24,0.017880227418952517,15.71
sh688355,2026-09-24,0.01787218434608951,16.97
sh688084,2026-09-24,0.017832496908393745,43.03
sh688777,2026-09-24,0.01781530476174845,80.02
sh600801,2026-09-24,0.01780532270670044,23.75
sh601137,2026-09-24,0.017774588025207507,19.85
sh603948,2026-09-24,0.017767282065886108,19.34
sh603906,2026-09-24,0.017766119457517736,17.62
sh601869,2026-09-24,0.017757567279209133,438.0
sz301172,2026-09-24,0.017744925942988585,18.29
bj920050,2026-09-24,0.017743680480761286,27.82
bj920924,2026-09-24,0.017735350844511243,14.63
sz000963,2026-09-24,0.017724392369034125,26.06
bj920026,2026-09-24,0.017717671286696532,17.17
sh600575,2026-09-24,0.017699988536156036,3.15
sz002078,2026-09-24,0.017688639326008643,13.54
sh688326,2026-09-24,0.01768272500839056,57.98
sh600535,2026-09-24,0.017675965517313003,13.68
sh688562,2026-09-24,0.017653685683425353,14.43
sz002462,2026-09-24,0.017651882041134576,12.24
sz300926,2026-09-24,0.01763589392758542,16.52
sh600528,2026-09-24,0.017620983569293296,6.74
sh601311,2026-09-24,0.017618383901206378,7.3
sz001220,2026-09-24,0.017593903675230532,31.78
sh603167,2026-09-24,0.017584475563312947,8.06
sz301309,2026-09-24,0.0175517727982124,30.43
sh603194,2026-09-24,0.017509893228214835,33.37
sz001396,2026-09-24,0.01746999620025844,32.17
sh688334,2026-09-24,0.017448770741929374,17.95
sh603499,2026-09-24,0.017442488731426085,13.18
sz002605,2026-09-24,0.017420051812198738,16.43
sh603586,2026-09-24,0.017413781241039455,13.65
sz002112,2026-09-24,0.017404746105242522,14.1
sh603556,2026-09-24,0.017403694770112985,22.68
sh688305,2026-09-24,0.017402464486036537,56.3
sz000786,2026-09-24,0.01735953454466748,15.91
sz002545,2026-09-24,0.017352209797474562,14.79
sh603165,2026-09-24,0.017342158650062403,13.44
bj920284,2026-09-24,0.01733539528613562,15.88
sh600089,2026-09-24,0.017293367023366642,17.6
sh600779,2026-09-24,0.01728858736428349,26.21
sz300750,2026-09-24,0.0172800128657422,293.5
sz002236,2026-09-24,0.017279802882796885,15.54
sz002800,2026-09-24,0.017277668138812634,14.64
sz300033,2026-09-24,0.01727013762909722,204.1
bj920299,2026-09-24,0.01726817873425938,13.69
sh688805,2026-09-24,0.017256831839460196,39.87
sh600111,2026-09-24,0.017234134100547627,37.06
sz002985,2026-09-24,0.01722929901790068,27.43
sz001203,2026-09-24,0.01722650271088312,23.11
sh600729,2026-09-24,0.01720596986596111,18.14
sz300677,2026-09-24,0.01716822637223915,49.14
sz002864,2026-09-24,0.017145240314893933,20.95
sz300211,2026-09-24,0.017139715666942678,6.98
sz300837,2026-09-24,0.01709297186623693,22.69
sz002368,2026-09-24,0.017092450660692544,12.98
sh603293,2026-09-24,0.017089844032556215,36.73
sh605305,2026-09-24,0.017066103191331065,30.73
sz002179,2026-09-24,0.017065266085303347,34.24
sh600332,2026-09-24,0.01706526525125746,19.39
sh603352,2026-09-24,0.017058391623745003,25.62
bj920726,2026-09-24,0.017049187740392092,15.05
sh688088,2026-09-24,0.017040104487455687,29.49
sh601966,2026-09-24,0.017036821211362463,10.41
sz001280,2026-09-24,0.017028076272932898,61.36
sz301622,2026-09-24,0.017021895449745028,37.33
sh600486,2026-09-24,0.017014705322126605,51.36
sz300446,2026-09-24,0.017014528794907113,12.67
sz002714,2026-09-24,0.01700325677562695,40.48
sz300919,2026-09-24,0.01699220304857827,37.6
sz000997,2026-09-24,0.01698998599993808,19.53
bj920522,2026-09-24,0.016980401920890956,17.25
sz300556,2026-09-24,0.016976304883900957,15.98
bj920946,2026-09-24,0.01695618658966462,10.29
bj920117,2026-09-24,0.016952904806621927,28.58
sh603605,2026-09-24,0.016951340984365897,56.45
sh603288,2026-09-24,0.016944853702303683,33.93
sh605338,2026-09-24,0.016926575744931404,17.63
sh688075,2026-09-24,0.016893800815920575,29.82
sz301327,2026-09-24,0.016878895111845506,41.5
sh600285,2026-09-24,0.01685861539507227,18.83
sh603049,2026-09-24,0.016838272603350808,44.53
bj920188,2026-09-24,0.016820825228107277,21.32
sh603053,2026-09-24,0.016800042624798665,8.65
sh688692,2026-09-24,0.016799817053817702,202.77
sz301036,2026-09-24,0.01678952457254281,22.42
sz000062,2026-09-24,0.016787782597808103,22.74
sz000404,2026-09-24,0.016777658679286857,6.86
sh605099,2026-09-24,0.016769521209408597,28.62
sh688005,2026-09-24,0.016749689171234042,23.35
sz300529,2026-09-24,0.016728501980868497,14.96
sz002073,2026-09-24,0.01671083078536506,5.67
sz300971,2026-09-24,0.016679355463460145,17.67
sz002125,2026-09-24,0.016671111919204118,12.02
sh688229,2026-09-24,0.01661790818580137,60.57
sz000506,2026-09-24,0.01661323910847376,17.48
sz300783,2026-09-24,0.016606379113954593,16.56
sh601033,2026-09-24,0.016601920201338112,14.19
bj920662,2026-09-24,0.016591064601720745,18.37
sh603927,2026-09-24,0.016586730657207487,13.57
sh688012,2026-09-24,0.016543128946428117,339.3
sh601577,2026-09-24,0.016487716159619477,9.67
bj920116,2026-09-24,0.016479538632798538,44.08
sz001382,2026-09-24,0.016478606676692834,16.41
sz300693,2026-09-24,0.016450768818711426,37.06
sz002690,2026-09-24,0.016428563348634618,15.83
bj920138,2026-09-24,0.01640144797237826,35.64
sh600171,2026-09-24,0.016398820620748447,22.88
sh600329,2026-09-24,0.016394727639823352,35.13
sz000900,2026-09-24,0.01637274319212289,3.55
sh601633,2026-09-24,0.01636704517368755,13.91
sh600188,2026-09-24,0.016354585302801466,19.76
sz300552,2026-09-24,0.016340985379450567,20.03
sz002984,2026-09-24,0.016333000190229735,12.93
sh688198,2026-09-24,0.016332760315446743,71.16
sh600548,2026-09-24,0.016316308037702024,8.03
sz301026,2026-09-24,0.016313274222165358,18.86
sz002275,2026-09-24,0.0162922587727073,12.1
sz301667,2026-09-24,0.016247477464884624,56.83
sz300014,2026-09-24,0.016241346625236835,48.91
sh688347,2026-09-24,0.01624071526740209,224.1
sh603317,2026-09-24,0.016238492515790057,12.66
sz002558,2026-09-24,0.01621998364222748,23.62
sz300709,2026-09-24,0.016203521663278046,37.74
sh688525,2026-09-24,0.01619024267479125,211.01
sz000828,2026-09-24,0.016171589700034985,10.04
sh601688,2026-09-24,0.016153808402789502,18.16
sh605336,2026-09-24,0.016152492229181498,11.63
sh688278,2026-09-24,0.016126660454746842,51.4
sz300973,2026-09-24,0.016096733165493638,25.39
sz300479,2026-09-24,0.016088877628463675,14.76
sz301581,2026-09-24,0.01607149126597538,36.4
sh603187,2026-09-24,0.01606957341628273,10.65
sh688232,2026-09-24,0.0160591932839549,17.45
sh600600,2026-09-24,0.016053728924473775,49.89
bj920593,2026-09-24,0.016050602346852228,23.33
sh601899,2026-09-24,0.016043325633466835,30.01
sz000913,2026-09-24,0.016040392069881056,10.54
sh688787,2026-09-24,0.016036085315316542,89.9
sz001257,2026-09-24,0.016030463665553076,22.24
sz300469,2026-09-24,0.016027159032819045,48.89
sh603706,2026-09-24,0.016023228122757145,17.12
sh688502,2026-09-24,0.015988639740574878,444.6
sh603107,2026-09-24,0.015949496025313217,12.08
sz301048,2026-09-24,0.01590717630991256,8.92
sz300882,2026-09-24,0.015903811783190686,13.29
sz000422,2026-09-24,0.015902946970779673,11.79
sz002557,2026-09-24,0.015894949673580024,18.2
sz300627,2026-09-24,0.01589142742604565,26.28
sz002270,2026-09-24,0.015860428956978877,17.75
sh600461,2026-09-24,0.01584784480849261,8.76
sz301668,2026-09-24,0.01580715006324965,31.71
sz300127,2026-09-24,0.015784791987553445,23.84
sh601233,2026-09-24,0.015777908272332997,23.26
sh600269,2026-09-24,0.015770472600755734,3.77
sh600741,2026-09-24,0.015747386282531833,14.7
sh600702,2026-09-24,0.01574723519199608,32.48
sz301035,2026-09-24,0.015717022785364555,48.23
sz300531,2026-09-24,0.015693593202564592,15.23
sz002227,2026-09-24,0.015690598811021916,6.35
sz002580,2026-09-24,0.015639195679731564,18.4
sz002262,2026-09-24,0.015637546188244634,21.16
bj920238,2026-09-24,0.015628595692603456,64.09
sh600085,2026-09-24,0.015594698706280155,23.34
sh600107,2026-09-24,0.015593242921819907,5.72
sz301584,2026-09-24,0.01558948567174105,19.71
sh688235,2026-09-24,0.015563478006357588,258.0
sz002832,2026-09-24,0.015517849885431171,25.15
sz300617,2026-09-24,0.015516673271017163,35.32
sh603659,2026-09-24,0.015512172584134764,21.5
sh603062,2026-09-24,0.015497374355775872,38.06
sh600309,2026-09-24,0.015492519763810783,69.45
sh603325,2026-09-24,0.015471174964253263,52.88
sz300573,2026-09-24,0.015432648995375643,35.88
sh600763,2026-09-24,0.015408239418598887,33.48
bj920735,2026-09-24,0.015406082492681297,25.42
sz002777,2026-09-24,0.015389748683749808,12.52
sz002066,2026-09-24,0.015372275896869115,19.93
sz300555,2026-09-24,0.01536739761732411,12.45
sz002648,2026-09-24,0.015367125701043444,26.64
sz002939,2026-09-24,0.015359665058403641,7.76
sz001237,2026-09-24,0.01533983687341705,50.56
sh603350,2026-09-24,0.015339315530981485,28.31
sz300898,2026-09-24,0.015296822150218443,19.75
sz001219,2026-09-24,0.015273953433511454,12.72
sh603173,2026-09-24,0.015261016410731004,29.48
sh600995,2026-09-24,0.015260222092627713,11.8
sh600079,2026-09-24,0.015226431626926334,18.82
sz000538,2026-09-24,0.015189283161099954,49.87
sh688187,2026-09-24,0.015184943841022052,44.4
sh603057,2026-09-24,0.015183604340384392,17.67
bj920161,2026-09-24,0.015167337314242638,20.44
sh688303,2026-09-24,0.015151525281879777,15.83
sh603365,2026-09-24,0.015145066384100337,16.08
sz000581,2026-09-24,0.015139077112417201,18.1
sh600456,2026-09-24,0.015091081971466401,25.08
sz301097,2026-09-24,0.015077777683795182,34.45
sz300502,2026-09-24,0.015052233835171801,435.0
sh600875,2026-09-24,0.015046458079205993,23.5
sh688050,2026-09-24,0.015022438371822508,38.35
sz301152,2026-09-24,0.015005737928299736,21.02
sh600895,2026-09-24,0.014958847449519037,28.22
sz002170,2026-09-24,0.01495385953252944,10.7
sz301609,2026-09-24,0.014919681660626247,30.65
sh688750,2026-09-24,0.014908450035966171,13.9
sz002978,2026-09-24,0.014874473657631317,24.8
bj920790,2026-09-24,0.014860738365521365,22.86
sz300779,2026-09-24,0.014855857121671052,52.14
sh600489,2026-09-24,0.014841672439957373,22.12
sz002933,2026-09-24,0.014744485128846348,27.73
bj920953,2026-09-24,0.01472682175673361,22.5
sz300360,2026-09-24,0.014692948923867197,11.12
sz300092,2026-09-24,0.014687064351582433,11.15
sz002991,2026-09-24,0.014683739809502853,37.11
sz301629,2026-09-24,0.014675926548748703,274.31
sz002606,2026-09-24,0.014671227855278888,12.16
sh688366,2026-09-24,0.014629581921071505,29.91
sh600062,2026-09-24,0.014629495685475469,16.05
sz002942,2026-09-24,0.014623754150503843,16.77
sh603877,2026-09-24,0.014622471497862853,11.85
sh600612,2026-09-24,0.014619679494513059,31.37
sh688809,2026-09-24,0.014613024920061685,498.0
sz301208,2026-09-24,0.014611796176279926,30.23
sh600160,2026-09-24,0.014577514227631075,33.97
sz000598,2026-09-24,0.014576729277129247,7.05
sz001218,2026-09-24,0.014545499045866913,23.8
sh601318,2026-09-24,0.014506478214637056,53.25
sh600690,2026-09-24,0.014492609353694157,20.14
sh600511,2026-09-24,0.014470983474221962,25.73
sh603014,2026-09-24,0.014428425421942797,31.15
sh605009,2026-09-24,0.01440672224859618,24.88
sz300769,2026-09-24,0.014391744824749192,40.06
bj920491,2026-09-24,0.014379237309721706,21.59
sh603237,2026-09-24,0.014311313910962964,15.1
sh601186,2026-09-24,0.014310973752353769,5.98
bj920808,2026-09-24,0.01430134819212014,58.13
sh603061,2026-09-24,0.01428657874564189,333.85
bj920121,2026-09-24,0.014273985660154686,27.38
sz300598,2026-09-24,0.01426340788530867,30.77
sz002401,2026-09-24,0.014251198816657354,12.06
sh688032,2026-09-24,0.01424527264663155,68.73
sz000776,2026-09-24,0.014244791898371505,20.37
sh603508,2026-09-24,0.014236609770923891,20.7
sh600882,2026-09-24,0.014224833499317007,19.04
sz300631,2026-09-24,0.014218622500007296,21.31
sh600566,2026-09-24,0.014211441289924636,24.41
sz301559,2026-09-24,0.014210613695320546,12.67
sh688161,2026-09-24,0.01421032241815975,21.64
sz000938,2026-09-24,0.014172340988976214,33.4
sz300723,2026-09-24,0.014166779818790817,33.2
sz001279,2026-09-24,0.014153129664053776,26.4
sh605086,2026-09-24,0.01413636503880778,23.54
sh603205,2026-09-24,0.014135328763027432,21.57
sz300831,2026-09-24,0.01412621808479622,13.91
sz002812,2026-09-24,0.01408829691573087,46.3
sh601788,2026-09-24,0.014067589232667268,13.77
sz000777,2026-09-24,0.014042896820778368,16.37
sh600519,2026-09-24,0.014037120438671419,1237.0
sh603967,2026-09-24,0.014030911570899108,11.53
sh688076,2026-09-24,0.01401156597635898,28.83
sz301377,2026-09-24,0.013986895748433691,378.99
sz300380,2026-09-24,0.013975911670132122,28.08
sz301345,2026-09-24,0.013966507637320895,236.46
sh600694,2026-09-24,0.013960757512294617,14.34
sz001256,2026-09-24,0.013956768096930746,21.89
sh688459,2026-09-24,0.013904869049168345,8.23
sz000049,2026-09-24,0.013898234464847215,22.17
sz301358,2026-09-24,0.013894748512986511,51.38
sz001309,2026-09-24,0.013881342422410951,394.43
sz301658,2026-09-24,0.013873189030194091,21.95
sh603416,2026-09-24,0.01385392547709568,46.37
sz002415,2026-09-24,0.013836876924439342,32.63
sh601877,2026-09-24,0.01382723888503594,24.9
sh605499,2026-09-24,0.01382585405567855,110.83
sh688169,2026-09-24,0.01380075007994965,114.6
sh605389,2026-09-24,0.013789467409027822,64.3
sz000099,2026-09-24,0.013755190910337405,12.89
sz300888,2026-09-24,0.013754192846053427,29.47
sh600955,2026-09-24,0.01374422518624744,12.38
sh603816,2026-09-24,0.013740854320605702,22.55
sh688795,2026-09-24,0.013736390628726104,433.33
sz000623,2026-09-24,0.013704520736937738,17.48
sz000651,2026-09-24,0.013687264013235372,38.5
sz301459,2026-09-24,0.013662322833921449,31.84
sz002190,2026-09-24,0.013659170913126205,23.46
sz300438,2026-09-24,0.013649967516149178,48.9
sz301502,2026-09-24,0.013632105805921372,52.02
sh603496,2026-09-24,0.013611591148354795,22.58
sh603213,2026-09-24,0.013579857502187107,13.62
sz301170,2026-09-24,0.013552135033366408,23.08
sh688019,2026-09-24,0.013461710192128842,225.66
bj920111,2026-09-24,0.013457176017814858,25.67
sz000999,2026-09-24,0.013427382233663012,23.39
sh600861,2026-09-24,0.013371381748825675,12.71
sh688702,2026-09-24,0.013370136643533636,328.5
sz301508,2026-09-24,0.013319773290432328,24.24
sz300618,2026-09-24,0.013286167310293811,31.28
sz301109,2026-09-24,0.013276308002767094,12.7
sz002883,2026-09-24,0.01327054177356112,9.26
sz002380,2026-09-24,0.013269805093757558,27.02
sh600536,2026-09-24,0.013234540653283075,30.69
sh603368,2026-09-24,0.013221780329927959,15.17
sz001277,2026-09-24,0.013211212597803444,30.55
sz300073,2026-09-24,0.013180973303500392,37.4
sh603271,2026-09-24,0.013166560122797839,38.92
sh603639,2026-09-24,0.013139264905752996,10.41
sh603799,2026-09-24,0.013123183953403178,35.42
sh603379,2026-09-24,0.013103465797491571,50.03
sz301022,2026-09-24,0.013015111887887535,22.3
sh603729,2026-09-24,0.013008382876528918,12.51
sh600889,2026-09-24,0.012968998120198541,13.39
sz300972,2026-09-24,0.01296618264730378,155.26
sz300662,2026-09-24,0.012944487965332936,20.6
sz000408,2026-09-24,0.012894665250853438,71.46
sh601800,2026-09-24,0.012723035055255717,5.8
sz001298,2026-09-24,0.012706719514677467,16.94
sz002352,2026-09-24,0.012685916985258514,30.54
sz000708,2026-09-24,0.012682626323832262,12.92
sh601607,2026-09-24,0.012676558507081184,16.02
sh600874,2026-09-24,0.012626708657753451,5.44
sh688408,2026-09-24,0.012609297834049411,22.7
sz000685,2026-09-24,0.012571375429007247,10.81
bj920274,2026-09-24,0.012567384857464224,15.15
sz003043,2026-09-24,0.012542521021749147,63.1
sh688635,2026-09-24,0.012502280490876141,282.8
sh603072,2026-09-24,0.01248989015687744,30.53
sz300496,2026-09-24,0.012441394917952075,55.04
sz300748,2026-09-24,0.012420731108870806,25.29
sz301665,2026-09-24,0.012402848934415582,22.06
sh601888,2026-09-24,0.012401241668891864,51.46
sh605098,2026-09-24,0.012390549305665048,53.4
sz300124,2026-09-24,0.012372380722100703,51.88
sh600570,2026-09-24,0.012331753931293975,19.94
sz002287,2026-09-24,0.012321175357734113,19.38
sh600038,2026-09-24,0.012239715253135684,26.83
sz301491,2026-09-24,0.012226725692666193,37.05
sh600096,2026-09-24,0.012221822823777645,27.56
sh603129,2026-09-24,0.012176362013869218,290.75
sh605259,2026-09-24,0.012120994079840644,17.43
sh601878,2026-09-24,0.012071166509603704,9.02
sz002049,2026-09-24,0.012042522773614145,60.6
sh603013,2026-09-24,0.012015559516227256,14.24
sz002997,2026-09-24,0.01201058108524692,26.14
sh600323,2026-09-24,0.012005323211159111,28.68
sz002294,2026-09-24,0.011998403012586412,30.22
sh603899,2026-09-24,0.011980201621392222,21.9
sz001221,2026-09-24,0.011975724145093873,34.86
sz000768,2026-09-24,0.011963505388929117,22.1
sz300801,2026-09-24,0.011896335945366762,21.58
sz300871,2026-09-24,0.011891790720106935,20.89
sh600761,2026-09-24,0.01179507399052109,15.15
sz000951,2026-09-24,0.011787423238242677,19.9
sz000915,2026-09-24,0.011754527701971891,23.97
sz000958,2026-09-24,0.011736313990605377,5.03
sz301177,2026-09-24,0.011643399120542306,23.06
sz300777,2026-09-24,0.011624803181744884,21.05
bj920799,2026-09-24,0.01157469990524981,31.4
sz300024,2026-09-24,0.01154702150104353,13.22
sz301717,2026-09-24,0.011540355133185897,370.68
sh600004,2026-09-24,0.011524638468248636,7.58
bj920368,2026-09-24,0.0115180649093249,23.19
sh688627,2026-09-24,0.011473053536707876,458.05
sh605090,2026-09-24,0.011447156925549233,31.39
sz002756,2026-09-24,0.011420453582983218,39.08
sh601717,2026-09-24,0.011393509895327687,13.4
sz000895,2026-09-24,0.011312781547899524,23.18
sz000429,2026-09-24,0.011257225998554927,12.5
sh688037,2026-09-24,0.011182679591133846,344.98
sz300678,2026-09-24,0.011178208750075984,21.14
sh603235,2026-09-24,0.011147771378138136,25.17
bj920190,2026-09-24,0.011049778442324562,23.4
sh603195,2026-09-24,0.011021587742985828,37.89
sh601456,2026-09-24,0.010979206969318958,8.53
sh600406,2026-09-24,0.010960307409850115,22.27
sz000799,2026-09-24,0.010949935822594499,36.66
sh688617,2026-09-24,0.010936535122996922,236.04
sz002311,2026-09-24,0.010875156995123725,41.1
sh688027,2026-09-24,0.01081384352721152,364.0
sz000762,2026-09-24,0.010796077435980824,20.95
sz001289,2026-09-24,0.01072094126175727,14.95
sh603895,2026-09-24,0.010670385296505963,25.87
sh601336,2026-09-24,0.01056443316722341,57.58
sz002884,2026-09-24,0.010532281272640803,15.4
sh605005,2026-09-24,0.010253750515758333,16.11
sh605199,2026-09-24,0.010252701142852438,5.76
sh603788,2026-09-24,0.010244601091066157,13.74
sz000858,2026-09-24,0.01013364937120094,69.67
sh600125,2026-09-24,0.010110723532297685,5.24
sz001325,2026-09-24,0.010092931439950726,36.57
sh600660,2026-09-24,0.010046012643586994,52.47
sh603071,2026-09-24,0.010020058800887239,12.33
sh603786,2026-09-24,0.010011718770754997,37.53
sh603091,2026-09-24,0.009996929379087086,46.43
sh600905,2026-09-24,0.009908605604697102,3.61
sz301618,2026-09-24,0.009721756883950538,30.76
sh600976,2026-09-24,0.009717062428505266,26.8
sh688475,2026-09-24,0.00954532186353606,27.99
sh688825,2026-09-24,0.009514026416060962,56.2
bj920045,2026-09-24,0.009270861830179613,542.6
sh601066,2026-09-24,0.009252231815038408,23.4
sh688425,2026-09-24,0.009167977561869654,3.92
sh603444,2026-09-24,0.009144227198754287,342.0
sh603383,2026-09-24,0.009070290441463987,26.83
sh601158,2026-09-24,0.008932249899259182,3.98
bj920186,2026-09-24,0.00888269769782835,70.02
sz301666,2026-09-24,0.00887240162025201,385.88
sh603298,2026-09-24,0.00886568004371768,22.72
sh688633,2026-09-24,0.008754061539661583,22.37
sh603986,2026-09-24,0.008673185652646406,383.77
sh603939,2026-09-24,0.008593342040735042,22.08
sz300999,2026-09-24,0.008394848099977432,24.55
sh603515,2026-09-24,0.008340617305983814,14.6
sz002932,2026-09-24,0.008127151295267667,15.26
sh688184,2026-09-24,0.007849085561742774,10.76
sz301552,2026-09-24,0.007799112097940645,24.3
sz000400,2026-09-24,0.00750079025727302,20.19
sh688570,2026-09-24,0.007424782958649343,14.74
sh603869,2026-09-24,0.007314508606346974,8.52
sh688808,2026-09-24,0.007236971203111932,2231.01
sz002959,2026-09-24,0.007148434073981509,31.58
