symbol,stock_name,industry,market,start_date,end_date,start_price,end_price,range_pct,win_days,span_days,win_low_sum_vol,win_amount,avg_amount,is_st,is_new,has_zero_vol,ipo_dt,days_since_ipo,status
bj920000,安徽凤凰,,BJ,2023-11-03,2023-11-27,5.01,10.65,1.125748502994012,20,24,98069634.0,725195316.0,36259765.8,False,False,False,,,
bj920001,纬达光电,,BJ,2023-11-14,2023-12-11,6.33,13.0,1.0537124802527646,20,27,125647865.0,1194259140.0,59712957.0,False,False,False,,,
bj920002,万达轴承,,BJ,2025-02-05,2025-02-20,70.42,143.01,1.0308151093439362,20,15,28128703.0,2499105484.0,124955274.2,False,False,False,,,
bj920006,晟楠科技,,BJ,2024-09-13,2024-10-15,8.68,19.5,1.2465437788018434,20,32,72823622.0,1025441584.0,51272079.2,False,False,False,,,
bj920008,成电光信,,BJ,2024-09-23,2024-10-09,15.8,38.66,1.4468354430379744,20,16,93669618.0,1930370724.0,96518536.2,False,False,False,,,
bj920010,凯添燃气,,BJ,2015-06-26,2015-08-14,1.0,8.1,7.1,20,49,15113500.0,55438520.0,2771926.0,False,False,False,,,
bj920016,中草香料,,BJ,2024-09-13,2024-09-13,12.2,45.0,2.6885245901639347,20,0,164677289.0,3894178501.0,194708925.05,False,False,False,,,
bj920021,流金科技,,BJ,2017-06-29,2017-07-03,1.88,8.5,3.5212765957446814,20,4,15485000.0,74879840.0,3743992.0,False,False,False,,,
bj920023,*ST田野,,BJ,2024-09-26,2024-10-29,2.46,5.08,1.065040650406504,20,33,502036753.0,1951042656.0,97552132.8,True,False,False,,,
bj920026,卓兆点胶,,BJ,2024-09-24,2024-10-22,14.22,29.0,1.0393811533052038,20,28,34521259.0,759112808.0,37955640.4,False,False,False,,,
bj920030,德众汽车,,BJ,2018-01-05,2018-02-06,2.0,13.8,5.9,20,32,1684000.0,4110200.0,205510.0,False,False,False,,,
bj920039,国义招标,,BJ,2015-11-17,2015-11-30,3.0,6.15,1.0500000000000003,20,13,1365000.0,6239700.0,311985.0,False,False,False,,,
bj920045,蘅东光,,BJ,2026-07-30,2026-08-24,209.43,465.97,1.224943895334957,20,25,36088890.0,12019278403.0,600963920.15,False,False,False,,,
bj920046,亿能电力,,BJ,2024-09-27,2024-10-31,7.02,14.58,1.076923076923077,20,34,174896464.0,1827707555.0,91385377.75,False,False,False,,,
bj920047,诺思兰德,,BJ,2015-02-02,2015-02-03,10.0,32.5,2.25,20,1,166000.0,3337020.0,166851.0,False,False,False,,,
bj920057,百甲科技,,BJ,2024-09-13,2024-10-15,3.01,6.46,1.1461794019933556,20,32,109989242.0,511394851.0,25569742.55,False,False,False,,,
bj920058,华洋赛车,,BJ,2023-11-03,2023-11-27,9.82,22.0,1.240325865580448,20,24,34771258.0,537756408.0,26887820.4,False,False,False,,,
bj920061,西磁科技,,BJ,2024-09-23,2024-10-22,9.53,22.6,1.3714585519412386,20,29,53299752.0,798155972.0,39907798.6,False,False,False,,,
bj920062,科润智控,,BJ,2024-10-11,2024-11-07,5.28,10.57,1.0018939393939394,20,27,304917998.0,2364600890.0,118230044.5,False,False,False,,,
bj920075,柏星龙,,BJ,2023-12-04,2023-12-26,9.36,19.7,1.1047008547008548,20,22,112239053.0,1560598045.0,78029902.25,False,False,False,,,
bj920077,吉林碳谷,,BJ,2020-07-27,2020-08-14,3.38,7.0,1.0710059171597632,20,18,1204744.0,5081371.0,254068.55,False,False,False,,,
bj920082,方正阀门,,BJ,2025-02-19,2025-03-14,13.03,26.52,1.0353031465848042,20,23,191869363.0,3457419769.0,172870988.45,False,False,False,,,
bj920083,金戈新材,,BJ,2026-06-15,2026-06-22,36.36,79.2,1.1782178217821784,20,7,172433330.0,9427217616.0,471360880.8,False,False,False,,,
bj920087,秋乐种业,,BJ,2023-11-24,2023-12-21,7.12,15.29,1.1474719101123596,20,27,208413095.0,2124807722.0,106240386.1,False,False,False,,,
bj920088,科力股份,,BJ,2025-05-26,2025-06-16,26.2,53.48,1.0412213740458016,20,21,75869802.0,2656924392.0,132846219.6,False,False,False,,,
bj920090,*ST同辉,,BJ,2015-03-04,2015-03-09,2.0,4.38,1.19,20,5,1372775.0,3755685.0,187784.25,True,False,False,,,
bj920091,大鹏工业,,BJ,2025-11-21,2025-11-21,35.01,159.0,3.541559554413025,20,0,135807907.0,8634442885.0,431722144.25,False,False,False,,,
bj920092,汉鑫科技,,BJ,2023-10-30,2023-11-24,13.61,30.06,1.2086700955180016,20,25,25252526.0,541902913.0,27095145.65,False,False,False,,,
bj920099,瑞华技术,,BJ,2024-09-26,2024-10-09,21.1,44.88,1.1270142180094784,20,13,112121574.0,3429702540.0,171485127.0,False,False,False,,,
bj920106,林泰新材,,BJ,2025-02-06,2025-03-03,52.7,116.0,1.2011385199240987,20,25,26855896.0,1886874266.0,94343713.3,False,False,False,,,
bj920110,雷特科技,,BJ,2024-09-23,2024-10-25,14.76,31.43,1.1294037940379402,20,32,21574614.0,510278111.0,25513905.55,False,False,False,,,
bj920111,聚星科技,,BJ,2024-11-12,2024-11-14,22.61,50.88,1.2503317116320214,20,2,247338675.0,8050450098.0,402522504.9,False,False,False,,,
bj920116,星图测控,,BJ,2025-02-07,2025-03-06,49.18,100.74,1.0483936559577063,20,27,123293619.0,8140502661.0,407025133.05,False,False,False,,,
bj920122,中纺标,,BJ,2023-11-10,2023-12-05,9.92,23.9,1.409274193548387,20,25,39483171.0,598593425.0,29929671.25,False,False,False,,,
bj920123,芭薇股份,,BJ,2024-09-26,2024-10-30,8.58,18.33,1.1363636363636362,20,34,68103132.0,889617252.0,44480862.6,False,False,False,,,
bj920125,鸿仕达,,BJ,2026-04-24,2026-05-26,46.0,198.88,3.3234782608695648,20,32,102609975.0,10357554015.0,517877700.75,False,False,False,,,
bj920130,立方控股,,BJ,2024-06-18,2024-06-21,7.3,17.16,1.3506849315068492,20,3,36041487.0,425005784.0,21250289.2,False,False,False,,,
bj920132,泰鹏智能,,BJ,2024-10-11,2024-11-04,8.15,16.47,1.0208588957055214,20,24,76061063.0,888006017.0,44400300.85,False,False,False,,,
bj920139,华岭股份,,BJ,2024-09-10,2024-10-09,6.77,16.57,1.447562776957164,20,29,106778104.0,1320018273.0,66000913.65,False,False,False,,,
bj920145,恒合股份,,BJ,2024-09-23,2024-10-25,4.52,9.73,1.1526548672566377,20,32,75998410.0,564483575.0,28224178.75,False,False,False,,,
bj920146,华阳变速,,BJ,2021-08-31,2021-09-10,4.1,8.37,1.0414634146341464,20,10,32760672.0,194696608.0,9734830.4,False,False,False,,,
bj920149,旭杰科技,,BJ,2023-11-02,2023-11-23,3.6,7.44,1.0666666666666669,20,21,28172961.0,155181859.0,7759092.95,False,False,False,,,
bj920152,昆工科技,,BJ,2022-09-05,2022-09-28,6.85,25.6,2.737226277372263,20,23,187595684.0,2588303564.0,129415178.2,False,False,False,,,
bj920156,海昌智能,,BJ,2026-04-29,2026-05-15,38.11,81.0,1.1254263972710574,20,16,139905646.0,7923312106.0,396165605.3,False,False,False,,,
bj920161,龙辰科技,,BJ,2026-05-28,2026-06-05,32.7,68.88,1.1064220183486237,20,8,313108528.0,14327276370.0,716363818.5,False,False,False,,,
bj920163,方大新材,,BJ,2025-04-07,2025-04-23,10.6,23.9,1.2547169811320753,20,16,75787838.0,1303737283.0,65186864.15,False,False,False,,,
bj920167,同享科技,,BJ,2023-12-04,2023-12-29,12.95,28.28,1.1837837837837841,20,25,92086111.0,1799735072.0,89986753.6,False,False,False,,,
bj920169,七丰精工,,BJ,2023-12-05,2024-01-02,5.99,12.72,1.1235392320534223,20,28,101126453.0,880296233.0,44014811.65,False,False,False,,,
bj920171,志晟信息,,BJ,2023-10-27,2023-11-23,3.51,8.86,1.5242165242165244,20,27,24569961.0,170004789.0,8500239.45,False,False,False,,,
bj920174,五新智能,,BJ,2017-03-06,2017-03-10,6.0,12.22,1.0366666666666666,20,4,2312000.0,19762800.0,988140.0,False,False,False,,,
bj920175,东方碳素,,BJ,2024-10-11,2024-11-07,6.81,14.92,1.1908957415565347,20,27,130927928.0,1387809624.0,69390481.2,False,False,False,,,
bj920176,维琪科技,,BJ,2026-07-27,2026-07-27,40.25,205.0,4.093167701863354,20,0,61216683.0,4291033086.0,214551654.3,False,False,False,,,
bj920179,凯德石英,,BJ,2024-09-13,2024-10-09,13.6,31.3,1.3014705882352944,20,26,35230823.0,841539814.0,42076990.7,False,False,False,,,
bj920181,赛英电子,,BJ,2026-04-13,2026-05-12,57.6,122.0,1.1180555555555554,20,29,79209549.0,6312889580.0,315644479.0,False,False,False,,,
bj920184,国源科技,,BJ,2023-10-27,2023-11-23,4.11,8.28,1.0145985401459852,20,27,31502485.0,203624111.0,10181205.55,False,False,False,,,
bj920185,贝特瑞,,BJ,2019-12-10,2020-01-06,21.48,43.0,1.0018621973929238,20,27,13871500.0,414033195.0,20701659.75,False,False,False,,,
bj920186,中科仪,,BJ,2026-04-29,2026-05-18,60.0,127.0,1.1166666666666667,20,19,445518103.0,43063803353.0,2153190167.65,False,False,False,,,
bj920190,雷神科技,,BJ,2023-11-20,2023-12-15,9.95,24.55,1.4673366834170856,20,25,147119425.0,2270952693.0,113547634.65,False,False,False,,,
bj920195,三祥科技,,BJ,2023-11-03,2023-11-28,8.16,19.9,1.4387254901960782,20,25,56901747.0,809522867.0,40476143.35,False,False,False,,,
bj920198,微创光电,,BJ,2015-02-09,2015-04-10,7.2,38.8,4.388888888888888,20,60,210290.0,2581410.0,129070.5,False,False,False,,,
bj920199,倍益康,,BJ,2023-12-11,2024-01-05,13.71,29.87,1.1787016776075858,20,25,40207730.0,813959253.0,40697962.65,False,False,False,,,
bj920200,振宏股份,,BJ,2026-05-07,2026-05-07,45.0,130.0,1.8888888888888888,20,0,155526043.0,9934361739.0,496718086.95,False,False,False,,,
bj920204,沪江材料,,BJ,2023-11-01,2023-11-27,6.09,15.28,1.5090311986863711,20,26,43101504.0,438851861.0,21942593.05,False,False,False,,,
bj920207,众诚科技,,BJ,2023-11-02,2023-11-27,4.91,10.46,1.1303462321792264,20,25,46160207.0,371590441.0,18579522.05,False,False,False,,,
bj920208,青矩技术,,BJ,2024-09-26,2024-10-29,17.42,36.1,1.0723306544202065,20,33,65296586.0,1918748795.0,95937439.75,False,False,False,,,
bj920212,智新电子,,BJ,2019-06-19,2019-06-28,13.25,27.36,1.0649056603773586,20,9,452000.0,4154240.0,207712.0,False,False,False,,,
bj920221,易实精密,,BJ,2023-11-02,2023-11-29,7.15,15.6,1.1818181818181817,20,27,68775529.0,771393476.0,38569673.8,False,False,False,,,
bj920223,荣亿精密,,BJ,2023-11-02,2023-11-27,2.44,5.13,1.1024590163934427,20,25,84308815.0,319315387.0,15965769.35,False,False,False,,,
bj920225,利通科技,,BJ,2016-04-08,2016-04-08,1.98,7.0,2.5353535353535355,20,0,14707666.0,83036497.0,4151824.85,False,False,False,,,
bj920227,美登科技,,BJ,2024-09-18,2024-10-22,18.32,37.68,1.056768558951965,20,34,23325176.0,663966226.0,33198311.3,False,False,False,,,
bj920230,欧康医药,,BJ,2024-09-18,2024-10-22,8.8,22.25,1.5284090909090908,20,34,66654072.0,941205537.0,47060276.85,False,False,False,,,
bj920237,力佳科技,,BJ,2024-09-18,2024-10-22,10.4,21.35,1.0528846153846154,20,34,37035252.0,577525952.0,28876297.6,False,False,False,,,
bj920239,长虹能源,,BJ,2020-03-24,2020-04-21,11.6,23.99,1.068103448275862,20,28,1112902.0,15758463.0,787923.15,False,False,False,,,
bj920242,建邦科技,,BJ,2024-09-12,2024-10-18,13.47,27.49,1.0408314773570897,20,36,28116206.0,579297204.0,28964860.2,False,False,False,,,
bj920245,威博液压,,BJ,2024-09-25,2024-10-29,9.72,19.68,1.024691358024691,20,34,33111641.0,479236473.0,23961823.65,False,False,False,,,
bj920247,华密新材,,BJ,2023-11-01,2023-11-24,6.21,13.35,1.14975845410628,20,23,22804764.0,219959940.0,10997997.0,False,False,False,,,
bj920249,利尔达,,BJ,2024-09-13,2024-10-09,3.4,7.76,1.2823529411764705,20,26,208186128.0,973258378.0,48662918.9,False,False,False,,,
bj920252,天宏锂电,,BJ,2023-01-19,2023-02-01,6.4,17.17,1.6828125000000003,20,13,146467949.0,1832647332.0,91632366.6,False,False,False,,,
bj920260,中寰股份,,BJ,2024-09-20,2024-10-17,5.31,11.62,1.1883239171374766,20,27,76284798.0,628879706.0,31443985.3,False,False,False,,,
bj920262,太湖雪,,BJ,2023-11-10,2023-12-07,8.97,21.12,1.3545150501672238,20,27,32681656.0,443466513.0,22173325.65,False,False,False,,,
bj920263,中航泰达,,BJ,2016-07-01,2016-07-13,4.0,16.38,3.0949999999999998,20,12,787000.0,4174220.0,208711.0,False,False,False,,,
bj920266,生物谷,,BJ,2022-05-06,2022-05-17,7.26,15.9,1.1900826446280992,20,11,29746648.0,366214757.0,18310737.85,False,False,False,,,
bj920267,鑫汇科,,BJ,2024-09-18,2024-10-21,11.02,24.0,1.1778584392014522,20,33,40888690.0,680357989.0,34017899.45,False,False,False,,,
bj920270,天铭科技,,BJ,2023-10-31,2023-11-27,7.28,14.76,1.0274725274725274,20,27,27716783.0,302836009.0,15141800.45,False,False,False,,,
bj920271,邦德股份,,BJ,2022-09-01,2022-09-21,7.13,17.2,1.41234221598878,20,20,36040441.0,413607049.0,20680352.45,False,False,False,,,
bj920273,一致魔芋,,BJ,2024-09-24,2024-10-28,9.56,19.14,1.002092050209205,20,34,27954185.0,391862718.0,19593135.9,False,False,False,,,
bj920274,宏裕包材,,BJ,2023-10-31,2023-11-27,6.24,12.95,1.0753205128205128,20,27,38344774.0,334066541.0,16703327.05,False,False,False,,,
bj920275,驱动力,,BJ,2024-09-23,2024-10-25,2.82,5.64,1.0,20,32,117305193.0,521143219.0,26057160.95,False,False,False,,,
bj920278,鹿得医疗,,BJ,2015-12-21,2016-02-04,1.0,6.43,5.43,20,45,25540000.0,28238440.0,1411922.0,False,False,False,,,
bj920284,灵鸽科技,,BJ,2024-09-23,2024-10-25,5.01,10.8,1.1556886227544911,20,32,103958625.0,841599979.0,42079998.95,False,False,False,,,
bj920299,灿能电力,,BJ,2023-10-31,2023-11-27,3.87,8.2,1.1188630490956069,20,27,31093774.0,183083991.0,9154199.55,False,False,False,,,
bj920300,辰光医疗,,BJ,2023-11-24,2023-12-20,7.82,15.88,1.030690537084399,20,26,123081821.0,1288463931.0,64423196.55,False,False,False,,,
bj920304,迪尔化工,,BJ,2023-12-04,2023-12-29,5.2,10.8,1.076923076923077,20,25,145775408.0,1124524027.0,56226201.35,False,False,False,,,
bj920339,恒太照明,,BJ,2024-09-26,2024-10-30,3.91,7.88,1.0153452685421995,20,34,68829881.0,402133265.0,20106663.25,False,False,False,,,
bj920346,威贸电子,,BJ,2023-11-02,2023-11-28,6.28,14.83,1.361464968152866,20,26,38354669.0,387072037.0,19353601.85,False,False,False,,,
bj920351,华光源海,,BJ,2023-11-20,2023-12-15,4.97,10.86,1.1851106639839033,20,25,85476320.0,653128055.0,32656402.75,False,False,False,,,
bj920357,雅葆轩,,BJ,2023-12-04,2023-12-28,8.62,20.56,1.3851508120649654,20,24,73247726.0,947805655.0,47390282.75,False,False,False,,,
bj920363,莱赛激光,,BJ,2024-09-23,2024-10-24,8.84,18.73,1.1187782805429864,20,31,89174751.0,1227545735.0,61377286.75,False,False,False,,,
bj920367,新赣江,,BJ,2023-11-03,2023-11-27,8.2,18.72,1.282926829268293,20,24,40757879.0,543290720.0,27164536.0,False,False,False,,,
bj920368,连城数控,,BJ,2017-08-03,2017-08-11,1.0,13.7,12.7,20,8,6478129.0,11056612.0,552830.6,False,False,False,,,
bj920370,新安洁,,BJ,2015-04-01,2015-04-08,1.0,20.1,19.1,20,7,2494000.0,15540990.0,777049.5,False,False,False,,,
bj920371,欧福蛋业,,BJ,2023-11-10,2023-12-05,3.28,6.78,1.0670731707317076,20,25,158020068.0,796173310.0,39808665.5,False,False,False,,,
bj920374,云里物里,,BJ,2023-11-17,2023-12-14,7.53,15.35,1.0385126162018592,20,27,85017802.0,968912977.0,48445648.85,False,False,False,,,
bj920375,派诺科技,,BJ,2024-09-13,2024-10-21,8.47,18.0,1.1251475796930341,20,38,49432224.0,649052913.0,32452645.65,False,False,False,,,
bj920378,泰德股份,,BJ,2023-11-02,2023-11-28,2.82,6.15,1.1808510638297873,20,26,126160781.0,543360704.0,27168035.2,False,False,False,,,
bj920392,佳合科技,,BJ,2023-11-01,2023-11-27,5.74,13.05,1.273519163763066,20,26,17339301.0,161123327.0,8056166.35,False,False,False,,,
bj920394,民士达,,BJ,2024-09-13,2024-10-21,11.02,22.56,1.0471869328493648,20,38,60979347.0,1025375817.0,51268790.85,False,False,False,,,
bj920395,朗鸿科技,,BJ,2023-10-31,2023-11-27,5.6,12.43,1.219642857142857,20,27,26854696.0,230927680.0,11546384.0,False,False,False,,,
bj920396,常辅股份,,BJ,2021-08-31,2021-09-10,8.61,17.27,1.0058072009291523,20,10,4239870.0,52252036.0,2612601.8,False,False,False,,,
bj920402,硅烷科技,,BJ,2024-09-23,2024-10-21,5.52,11.5,1.0833333333333335,20,28,198833719.0,1805010353.0,90250517.65,False,False,False,,,
bj920403,康农种业,,BJ,2024-09-25,2024-10-29,8.18,16.5,1.0171149144254281,20,34,94660406.0,1132967531.0,56648376.55,False,False,False,,,
bj920405,海希通讯,,BJ,2024-09-24,2024-10-25,9.02,22.11,1.451219512195122,20,31,95432576.0,1463119744.0,73155987.2,False,False,False,,,
bj920407,驰诚股份,,BJ,2023-10-31,2023-11-27,5.02,11.83,1.356573705179283,20,27,16816558.0,120327470.0,6016373.5,False,False,False,,,
bj920414,欧普泰,,BJ,2024-09-24,2024-10-22,5.64,14.43,1.5585106382978724,20,28,77314973.0,707141554.0,35357077.7,False,False,False,,,
bj920415,恒拓开源,,BJ,2015-12-09,2015-12-09,0.45,45.0,99.0,20,0,4556480.0,41500786.0,2075039.3,False,False,False,,,
bj920418,苏轴股份,,BJ,2024-09-26,2024-10-30,13.47,27.98,1.0772086117297697,20,34,102674821.0,2176482631.0,108824131.55,False,False,False,,,
bj920422,润普食品,,BJ,2023-11-13,2023-12-06,5.02,10.3,1.0517928286852594,20,23,47314684.0,353536402.0,17676820.1,False,False,False,,,
bj920425,乐创技术,,BJ,2023-11-02,2023-11-27,11.21,23.2,1.069580731489741,20,25,22847497.0,372802382.0,18640119.1,False,False,False,,,
bj920427,华维设计,,BJ,2020-02-04,2020-02-04,4.33,10.96,1.5311778290993074,20,0,47427.0,454425.0,22721.25,False,False,False,,,
bj920433,大唐药业,,BJ,2019-04-19,2019-04-29,4.04,11.99,1.967821782178218,20,10,227465.0,1382970.0,69148.5,False,False,False,,,
bj920436,大地电气,,BJ,2023-11-01,2023-11-28,5.21,11.66,1.238003838771593,20,27,23506677.0,195195773.0,9759788.65,False,False,False,,,
bj920438,戈碧迦,,BJ,2024-09-23,2024-10-15,9.98,20.6,1.0641282565130261,20,22,107438111.0,1677146633.0,83857331.65,False,False,False,,,
bj920445,龙竹科技,,BJ,2015-11-27,2015-12-09,0.3,3.99,12.3,20,12,400000.0,1162350.0,58117.5,False,False,False,,,
bj920454,同心传动,,BJ,2023-11-01,2023-11-28,4.83,10.79,1.2339544513457557,20,27,56909989.0,433718602.0,21685930.1,False,False,False,,,
bj920455,汇隆活塞,,BJ,2023-11-02,2023-11-27,2.59,5.92,1.285714285714286,20,25,112154486.0,450821799.0,22541089.95,False,False,False,,,
bj920469,富恒新材,,BJ,2023-11-01,2023-11-27,5.83,13.66,1.3430531732418527,20,26,52327808.0,473968763.0,23698438.15,False,False,False,,,
bj920471,美邦科技,,BJ,2024-09-24,2024-10-25,8.93,21.88,1.4501679731243002,20,31,62104506.0,899277173.0,44963858.65,False,False,False,,,
bj920475,三友科技,,BJ,2024-10-14,2024-11-06,7.88,15.88,1.015228426395939,20,23,95938825.0,991823215.0,49591160.75,False,False,False,,,
bj920476,海能技术,,BJ,2025-07-22,2025-08-18,17.58,36.14,1.0557451649601823,20,27,54044742.0,1257085845.0,62854292.25,False,False,False,,,
bj920478,峆一药业,,BJ,2023-11-02,2023-11-24,13.91,29.74,1.1380301941049602,20,22,24115213.0,560998652.0,28049932.6,False,False,False,,,
bj920489,佳先股份,,BJ,2015-01-08,2015-01-27,6.0,12.0,1.0,20,19,793200.0,5160556.0,258027.8,False,False,False,,,
bj920491,奥迪威,,BJ,2024-09-18,2024-10-21,11.7,23.56,1.0136752136752136,20,33,143056636.0,2538585185.0,126929259.25,False,False,False,,,
bj920493,并行科技,,BJ,2024-09-13,2024-10-21,31.09,72.8,1.341588935348987,20,38,38061038.0,1986120537.0,99306026.85,False,False,False,,,
bj920496,许昌智能,,BJ,2024-09-26,2024-10-30,4.25,8.6,1.0235294117647058,20,34,258726747.0,1697711364.0,84885568.2,False,False,False,,,
bj920504,博迅生物,,BJ,2023-10-31,2023-11-24,8.29,17.28,1.084439083232811,20,24,32866955.0,389979051.0,19498952.55,False,False,False,,,
bj920505,九菱科技,,BJ,2024-09-18,2024-10-22,9.26,20.52,1.2159827213822894,20,34,52114990.0,731923326.0,36596166.3,False,False,False,,,
bj920508,殷图网联,,BJ,2016-01-15,2016-01-19,6.0,12.0,1.0,20,4,329000.0,2042800.0,102140.0,False,False,False,,,
bj920509,同惠电子,,BJ,2020-07-06,2020-08-05,6.3,18.8,1.9841269841269842,20,30,142900.0,2168368.0,108418.4,False,False,False,,,
bj920510,丰光精密,,BJ,2021-08-20,2021-09-08,10.15,23.95,1.359605911330049,20,19,9802528.0,149716452.0,7485822.6,False,False,False,,,
bj920522,纳科诺尔,,BJ,2024-09-24,2024-10-24,12.6,27.58,1.1888888888888887,20,30,115301323.0,2261216819.0,113060840.95,False,False,False,,,
bj920523,德瑞锂电,,BJ,2020-04-16,2020-05-29,5.99,12.72,1.1235392320534223,20,43,5779001.0,31366871.0,1568343.55,False,False,False,,,
bj920526,凯华材料,,BJ,2023-10-24,2023-11-20,4.15,9.04,1.178313253012048,20,27,49365341.0,310879628.0,15543981.4,False,False,False,,,
bj920527,夜光明,,BJ,2024-09-24,2024-10-28,6.6,13.55,1.0530303030303032,20,34,36740472.0,367830820.0,18391541.0,False,False,False,,,
bj920533,骏创科技,,BJ,2024-09-23,2024-10-08,8.5,20.94,1.4635294117647062,20,15,51808365.0,670446492.0,33522324.6,False,False,False,,,
bj920541,铁大科技,,BJ,2023-11-03,2023-11-24,3.18,7.89,1.481132075471698,20,21,76292223.0,402042603.0,20102130.15,False,False,False,,,
bj920547,无锡晶海,,BJ,2024-10-16,2024-11-07,14.28,28.6,1.0028011204481793,20,22,79176349.0,1632207551.0,81610377.55,False,False,False,,,
bj920553,凯腾精工,,BJ,2020-04-30,2020-05-27,3.0,6.8,1.2666666666666666,20,27,79800.0,272610.0,13630.5,False,False,False,,,
bj920556,雅达股份,,BJ,2023-11-17,2023-12-14,3.35,6.9,1.0597014925373136,20,27,160862184.0,833162933.0,41658146.65,False,False,False,,,
bj920564,天润科技,,BJ,2023-11-03,2023-11-27,5.2,11.28,1.169230769230769,20,24,24584141.0,212386695.0,10619334.75,False,False,False,,,
bj920566,梓橦宫,,BJ,2015-12-15,2016-01-12,7.01,22.95,2.2738944365192584,20,28,890000.0,10578110.0,528905.5,False,False,False,,,
bj920570,坤博精工,,BJ,2024-02-05,2024-02-27,27.72,67.91,1.4498556998557,20,22,24857542.0,1106886098.0,55344304.9,False,False,False,,,
bj920571,国航远洋,,BJ,2024-09-18,2024-10-22,3.41,6.94,1.035190615835777,20,34,575613184.0,3163452858.0,158172642.9,False,False,False,,,
bj920576,天力复合,,BJ,2023-11-02,2023-11-28,13.02,28.33,1.1758832565284179,20,26,37293744.0,723828303.0,36191415.15,False,False,False,,,
bj920578,巨能股份,,BJ,2023-05-12,2023-05-23,8.88,22.95,1.5844594594594592,20,11,159631575.0,2675189063.0,133759453.15,False,False,False,,,
bj920579,机科股份,,BJ,2024-09-24,2024-10-25,10.65,21.79,1.0460093896713611,20,31,118924558.0,1998861135.0,99943056.75,False,False,False,,,
bj920580,科创新材,,BJ,2022-05-13,2022-05-13,5.5,18.77,2.4127272727272726,20,0,81357431.0,569808748.0,28490437.4,False,False,False,,,
bj920592,华信永道,,BJ,2023-11-13,2023-12-08,10.41,23.88,1.2939481268011526,20,25,94651235.0,1418151050.0,70907552.5,False,False,False,,,
bj920593,鼎智科技,,BJ,2023-04-13,2023-05-05,30.65,82.43,1.6893964110929858,20,22,51194615.0,2794020348.0,139701017.4,False,False,False,,,
bj920599,同力股份,,BJ,2018-07-27,2018-09-25,0.51,2.9,4.686274509803921,20,60,50816000.0,36030560.0,1801528.0,False,False,False,,,
bj920627,力王股份,,BJ,2023-11-02,2023-11-28,6.35,13.4,1.1102362204724412,20,26,130818559.0,1138323100.0,56916155.0,False,False,False,,,
bj920634,新威凌,,BJ,2024-09-26,2024-10-30,9.56,22.0,1.301255230125523,20,34,73797389.0,1127487242.0,56374362.1,False,False,False,,,
bj920639,晨光电缆,,BJ,2024-09-26,2024-10-30,3.86,7.77,1.0129533678756477,20,34,203160791.0,1225515161.0,61275758.05,False,False,False,,,
bj920640,富士达,,BJ,2024-09-13,2024-10-21,10.4,22.6,1.1730769230769234,20,38,73477225.0,1227802225.0,61390111.25,False,False,False,,,
bj920641,格利尔,,BJ,2023-11-03,2023-11-27,5.93,11.99,1.021922428330523,20,24,30425373.0,284247986.0,14212399.3,False,False,False,,,
bj920642,通易航天,,BJ,2018-09-20,2018-09-28,2.01,7.9,2.930348258706468,20,8,9067000.0,21592700.0,1079635.0,False,False,False,,,
bj920651,天罡股份,,BJ,2024-10-11,2024-11-06,13.0,27.12,1.086153846153846,20,26,38597117.0,708146971.0,35407348.55,False,False,False,,,
bj920662,方盛股份,,BJ,2023-11-03,2023-11-29,7.8,17.74,1.2743589743589743,20,26,58512071.0,717569148.0,35878457.4,False,False,False,,,
bj920663,明阳科技,,BJ,2023-11-02,2023-11-27,7.6,15.33,1.017105263157895,20,25,100701545.0,1038303773.0,51915188.65,False,False,False,,,
bj920665,科强股份,,BJ,2023-10-31,2023-11-27,5.59,11.99,1.144901610017889,20,27,72767217.0,567152375.0,28357618.75,False,False,False,,,
bj920670,数字人,,BJ,2020-05-06,2020-05-21,8.0,20.0,1.5,20,15,1505307.0,18339205.0,916960.25,False,False,False,,,
bj920675,秉扬科技,,BJ,2020-03-06,2020-04-23,6.0,17.98,1.9966666666666666,20,48,143532.0,1008399.0,50419.95,False,False,False,,,
bj920682,球冠电缆,,BJ,2016-01-15,2016-02-18,1.0,9.8,8.8,20,34,41238000.0,200112100.0,10005605.0,False,False,False,,,
bj920689,克莱特,,BJ,2024-09-24,2024-10-23,10.05,20.58,1.0477611940298504,20,29,44105978.0,642981479.0,32149073.95,False,False,False,,,
bj920690,捷众科技,,BJ,2024-02-05,2024-02-28,10.06,21.0,1.0874751491053676,20,23,47252509.0,724119055.0,36205952.75,False,False,False,,,
bj920693,阿为特,,BJ,2023-10-27,2023-10-27,15.0,86.0,4.733333333333333,20,0,98953766.0,3615176044.0,180758802.2,False,False,False,,,
bj920699,海达尔,,BJ,2023-11-02,2023-11-27,8.08,17.18,1.1262376237623761,20,25,29864471.0,381141058.0,19057052.9,False,False,False,,,
bj920701,豪声电子,,BJ,2023-10-30,2023-11-24,6.19,12.8,1.0678513731825525,20,25,49423782.0,427833576.0,21391678.8,False,False,False,,,
bj920706,铁拓机械,,BJ,2025-02-06,2025-02-28,12.02,25.97,1.160565723793677,20,22,112914584.0,1995187472.0,99759373.6,False,False,False,,,
bj920717,瑞星股份,,BJ,2023-10-31,2023-11-27,4.09,8.61,1.1051344743276283,20,27,54993727.0,323693827.0,16184691.35,False,False,False,,,
bj920718,合肥高科,,BJ,2023-10-31,2023-11-27,5.62,12.56,1.2348754448398576,20,27,47354454.0,415557679.0,20777883.95,False,False,False,,,
bj920719,宁新新材,,BJ,2024-09-18,2024-10-08,5.82,12.68,1.1786941580756012,20,20,111918935.0,951953998.0,47597699.9,False,False,False,,,
bj920720,吉冈精密,,BJ,2023-10-27,2023-11-23,4.68,10.23,1.1858974358974361,20,27,61240913.0,445660935.0,22283046.75,False,False,False,,,
bj920725,惠丰钻石,,BJ,2022-07-19,2022-08-15,28.53,58.18,1.0392569225376795,20,27,34733741.0,1579700848.0,78985042.4,False,False,False,,,
bj920726,朱老六,,BJ,2020-03-16,2020-04-23,1.12,5.35,3.7767857142857135,20,38,161600.0,769886.0,38494.3,False,False,False,,,
bj920729,永顺生物,,BJ,2018-01-04,2018-01-04,16.97,51.42,2.0300530347672368,20,0,343189.0,8617114.0,430855.7,False,False,False,,,
bj920748,路桥信息,,BJ,2023-10-27,2023-11-23,7.82,17.8,1.2762148337595907,20,27,47066044.0,519095840.0,25954792.0,False,False,False,,,
bj920751,惠同新材,,BJ,2023-11-17,2023-12-14,5.68,11.57,1.0369718309859155,20,27,123918914.0,1033559944.0,51677997.2,False,False,False,,,
bj920753,天纺标,,BJ,2023-11-08,2023-12-05,7.01,14.3,1.0399429386590588,20,27,41384384.0,436209149.0,21810457.45,False,False,False,,,
bj920765,美之高,,BJ,2017-05-08,2017-05-17,8.25,17.65,1.1393939393939392,20,9,259000.0,3328820.0,166441.0,False,False,False,,,
bj920768,拾比佰,,BJ,2021-08-31,2021-09-08,7.49,14.98,1.0,20,8,28742940.0,324888603.0,16244430.15,False,False,False,,,
bj920770,艾能聚,,BJ,2023-12-04,2023-12-28,6.01,12.42,1.0665557404326123,20,24,258089607.0,2236347692.0,111817384.6,False,False,False,,,
bj920779,武汉蓝电,,BJ,2024-09-24,2024-10-25,16.5,35.49,1.1509090909090909,20,31,23408875.0,603893531.0,30194676.55,False,False,False,,,
bj920781,瑞奇智造,,BJ,2024-09-11,2024-10-17,3.91,8.76,1.2404092071611252,20,36,125699586.0,825412358.0,41270617.9,False,False,False,,,
bj920786,骑士乳业,,BJ,2023-11-17,2023-12-06,4.31,9.27,1.1508120649651974,20,19,229280772.0,1488768199.0,74438409.95,False,False,False,,,
bj920790,联迪信息,,BJ,2023-11-14,2023-12-08,5.27,11.4,1.1631878557874766,20,24,76439588.0,632796356.0,31639817.8,False,False,False,,,
bj920792,东和新材,,BJ,2024-09-18,2024-10-21,5.12,12.46,1.43359375,20,33,97152519.0,838864888.0,41943244.4,False,False,False,,,
bj920799,艾融软件,,BJ,2015-03-16,2015-04-07,3.0,145.0,47.333333333333336,20,22,1678000.0,38993760.0,1949688.0,False,False,False,,,
bj920802,保丽洁,,BJ,2023-10-31,2023-11-27,5.79,11.88,1.0518134715025909,20,27,17516882.0,154006186.0,7700309.3,False,False,False,,,
bj920806,云星宇,,BJ,2024-09-24,2024-10-18,7.11,14.48,1.0365682137834038,20,24,299893453.0,3233767835.0,161688391.75,False,False,False,,,
bj920807,奔朗新材,,BJ,2024-09-18,2024-10-22,4.36,11.23,1.5756880733944953,20,34,90443018.0,741592330.0,37079616.5,False,False,False,,,
bj920808,曙光数创,,BJ,2023-03-30,2023-04-21,40.2,93.5,1.3258706467661692,20,22,18258207.0,1077884725.0,53894236.25,False,False,False,,,
bj920809,安达科技,,BJ,2024-09-23,2024-10-22,3.12,6.98,1.2371794871794872,20,29,255456201.0,1316004133.0,65800206.65,False,False,False,,,
bj920810,春光智能,,BJ,2024-09-13,2024-10-18,5.19,10.58,1.0385356454720616,20,35,23128299.0,194678830.0,9733941.5,False,False,False,,,
bj920819,颖泰生物,,BJ,2024-09-13,2024-10-08,1.99,4.13,1.0753768844221105,20,25,178648624.0,485198918.0,24259945.9,False,False,False,,,
bj920821,则成电子,,BJ,2023-11-02,2023-11-27,7.84,16.47,1.1007653061224487,20,25,27955756.0,327211166.0,16360558.3,False,False,False,,,
bj920826,盖世食品,,BJ,2017-10-09,2017-12-05,2.4,11.2,3.666666666666667,20,57,468000.0,1779850.0,88992.5,False,False,False,,,
bj920832,齐鲁华信,,BJ,2015-05-22,2015-06-11,3.5,9.0,1.5714285714285716,20,20,14315876.0,78916932.0,3945846.6,False,False,False,,,
bj920833,美心翼申,,BJ,2024-09-24,2024-10-28,7.42,15.88,1.1401617250673857,20,34,80052049.0,890385858.0,44519292.9,False,False,False,,,
bj920834,三维装备,,BJ,2023-10-30,2023-11-23,3.31,7.7,1.3262839879154078,20,24,48708253.0,263959536.0,13197976.8,False,False,False,,,
bj920837,华原股份,,BJ,2023-11-01,2023-11-27,3.99,8.0,1.0050125313283207,20,26,68366505.0,392530340.0,19626517.0,False,False,False,,,
bj920839,万通液压,,BJ,2018-02-14,2018-03-29,1.5,3.12,1.08,20,43,178000.0,457530.0,22876.5,False,False,False,,,
bj920855,浙江大农,,BJ,2023-11-24,2023-12-21,7.37,15.68,1.1275440976933515,20,27,94042755.0,1051830551.0,52591527.55,False,False,False,,,
bj920856,浩淼科技,,BJ,2015-11-12,2016-01-05,1.0,9.7,8.7,20,54,2053000.0,6440690.0,322034.5,False,False,False,,,
bj920857,泓禧科技,,BJ,2023-12-04,2023-12-28,9.76,21.8,1.2336065573770494,20,24,64802492.0,911055036.0,45552751.8,False,False,False,,,
bj920870,恒进感应,,BJ,2023-11-01,2023-11-27,5.47,11.19,1.0457038391224862,20,26,51188254.0,423409235.0,21170461.75,False,False,False,,,
bj920871,派特尔,,BJ,2023-11-02,2023-11-27,4.07,8.37,1.0565110565110563,20,25,32992658.0,208174059.0,10408702.95,False,False,False,,,
bj920873,中设咨询,,BJ,2024-09-18,2024-10-17,2.81,6.49,1.3096085409252671,20,29,283640584.0,1362610170.0,68130508.5,False,False,False,,,
bj920876,慧为智能,,BJ,2023-11-03,2023-11-27,6.0,12.72,1.12,20,24,39076484.0,348368121.0,17418406.05,False,False,False,,,
bj920879,基康技术,,BJ,2025-06-25,2025-07-22,16.58,35.33,1.1308805790108565,20,27,90447443.0,2203793878.0,110189693.9,False,False,False,,,
bj920885,星辰科技,,BJ,2017-02-17,2017-03-14,2.5,11.5,3.5999999999999996,20,25,1251600.0,3195270.0,159763.5,False,False,False,,,
bj920892,广咨国际,,BJ,2021-10-28,2021-11-15,13.61,27.87,1.0477590007347541,20,18,14182800.0,271927677.0,13596383.85,False,False,False,,,
bj920895,花溪科技,,BJ,2023-10-31,2023-11-27,5.49,11.55,1.1038251366120218,20,27,31369059.0,254253092.0,12712654.6,False,False,False,,,
bj920896,旺成科技,,BJ,2023-10-27,2023-11-22,4.01,8.6,1.144638403990025,20,26,42484833.0,278136501.0,13906825.05,False,False,False,,,
bj920906,舜宇精工,,BJ,2023-10-31,2023-11-27,9.29,20.69,1.2271259418729819,20,27,34803470.0,530220609.0,26511030.45,False,False,False,,,
bj920914,远航精密,,BJ,2024-10-14,2024-11-06,9.51,21.06,1.2145110410094637,20,23,140717403.0,2012838105.0,100641905.25,False,False,False,,,
bj920924,广脉科技,,BJ,2019-01-15,2019-03-05,3.0,12.0,3.0,20,49,262706.0,1004916.0,50245.8,False,False,False,,,
bj920925,锦好医疗,,BJ,2020-07-03,2020-07-10,10.7,30.98,1.8953271028037384,20,7,56723.0,877856.0,43892.8,False,False,False,,,
bj920926,鸿智科技,,BJ,2023-10-31,2023-11-24,9.4,18.8,1.0,20,24,14989998.0,191401508.0,9570075.4,False,False,False,,,
bj920931,无锡鼎邦,,BJ,2024-10-14,2024-11-07,7.61,15.85,1.0827858081471748,20,24,90423698.0,988959116.0,49447955.8,False,False,False,,,
bj920932,科达自控,,BJ,2023-11-02,2023-11-29,10.37,21.24,1.048216007714561,20,27,51592224.0,798140433.0,39907021.65,False,False,False,,,
bj920942,恒立钻具,,BJ,2025-07-07,2025-07-23,19.13,43.23,1.259801359121798,20,16,29523036.0,697107591.0,34855379.55,False,False,False,,,
bj920943,优机股份,,BJ,2024-09-23,2024-10-17,7.41,15.27,1.0607287449392713,20,24,51413853.0,565040786.0,28252039.3,False,False,False,,,
bj920946,森萱医药,,BJ,2020-01-17,2020-02-24,3.0,6.01,1.0033333333333334,20,38,98000.0,347720.0,17386.0,False,False,False,,,
bj920950,迅安科技,,BJ,2023-11-02,2023-11-27,11.02,24.67,1.2386569872958262,20,25,17419867.0,306012399.0,15300619.95,False,False,False,,,
bj920953,国子软件,,BJ,2024-09-09,2024-10-08,11.4,25.01,1.1938596491228073,20,29,50060469.0,821212527.0,41060626.35,False,False,False,,,
bj920957,汉维科技,,BJ,2023-11-13,2023-12-06,4.73,9.68,1.0465116279069764,20,23,52674836.0,387709535.0,19385476.75,False,False,False,,,
bj920961,创远信科,,BJ,2015-03-17,2015-03-17,30.0,80.0,1.6666666666666665,20,0,2546000.0,145019800.0,7250990.0,False,False,False,,,
bj920964,润农节水,,BJ,2015-01-30,2015-03-09,4.0,10.88,1.7200000000000002,20,38,3411000.0,19169940.0,958497.0,False,False,False,,,
bj920970,大禹生物,,BJ,2023-12-04,2023-12-26,3.95,8.76,1.2177215189873416,20,22,101894104.0,578276817.0,28913840.85,False,False,False,,,
bj920971,天马新材,,BJ,2023-11-02,2023-11-29,6.72,14.15,1.1056547619047619,20,27,76862601.0,850873499.0,42543674.95,False,False,False,,,
bj920974,凯大催化,,BJ,2024-10-11,2024-11-07,5.3,10.61,1.0018867924528303,20,27,189646860.0,1542386436.0,77119321.8,False,False,False,,,
bj920976,视声智能,,BJ,2023-11-02,2023-11-27,8.41,17.66,1.0998810939357906,20,25,45396174.0,531021646.0,26551082.3,False,False,False,,,
bj920978,开特股份,,BJ,2023-11-01,2023-11-28,7.7,18.3,1.3766233766233769,20,27,138886029.0,1579796511.0,78989825.55,False,False,False,,,
bj920981,晶赛科技,,BJ,2024-09-13,2024-10-08,12.7,25.9,1.0393700787401574,20,25,91818670.0,1454706438.0,72735321.9,False,False,False,,,
bj920985,海泰新能,,BJ,2024-09-23,2024-10-23,4.93,11.66,1.3651115618661258,20,30,259067320.0,2041355770.0,102067788.5,False,False,False,,,
bj920992,中科美菱,,BJ,2023-11-09,2023-12-06,6.94,16.36,1.3573487031700284,20,27,49389460.0,556146472.0,27807323.6,False,False,False,,,
sh110044,,,SH,2020-08-07,2020-08-11,145.05,322.0,1.219924164081351,20,4,228911.2,0.0,0.0,False,False,False,2018-07-24,745.0,0
sh110060,,,SH,2025-06-30,2025-07-23,192.18,398.216,1.0720990737849934,20,23,598610.4,0.0,0.0,False,False,False,2019-11-28,2041.0,0
sh110072,,,SH,2024-06-25,2024-07-03,36.91,88.99,1.4109997290707126,20,8,8892268.899999999,0.0,0.0,False,False,False,2020-09-15,1379.0,0
sh113016,,,SH,2021-03-29,2021-04-20,143.95,360.0,1.500868357068427,20,22,2870782.0,0.0,0.0,False,False,False,2017-11-21,1224.0,0
sh113027,,,SH,2024-04-29,2024-05-29,137.862,285.98,1.0743932338135238,20,30,1660086.6,0.0,0.0,False,False,False,2019-07-10,1755.0,0
sh113036,,,SH,2022-01-18,2022-02-21,114.57,239.9,1.0939163829972944,20,34,1726054.2,0.0,0.0,False,False,False,2020-08-06,530.0,0
sh113068,,,SH,2025-08-04,2025-08-20,127.128,261.15,1.054228808759675,20,16,1160039.2,0.0,0.0,False,False,False,2023-08-28,707.0,0
sh113503,,,SH,2019-06-04,2019-07-02,99.45,209.9,1.1106083459024636,20,28,298489.1,0.0,0.0,False,False,False,2018-01-02,518.0,0
sh113510,,,SH,2020-02-20,2020-03-06,124.5,260.0,1.0883534136546187,20,15,251042.8,0.0,0.0,False,False,False,2018-07-13,587.0,0
sh113526,,,SH,2021-02-08,2021-03-08,115.31,244.67,1.1218454600641747,20,28,386802.5,0.0,0.0,False,False,False,2019-02-18,721.0,0
sh113527,,,SH,2021-03-31,2021-04-28,83.12,180.78,1.1749278152069298,20,28,1301114.7,0.0,0.0,False,False,False,2019-02-19,771.0,0
sh113534,,,SH,2021-05-31,2021-06-28,104.84,213.0,1.0316673025562761,20,28,1517476.3,0.0,0.0,False,False,False,2019-04-30,762.0,0
sh113555,,,SH,2020-05-25,2020-06-16,171.55,346.0,1.0169046925094722,20,22,1258414.5,0.0,0.0,False,False,False,2020-01-14,132.0,0
sh113557,,,SH,2021-02-23,2021-03-19,95.0,194.9,1.0515789473684212,20,24,1439349.8,0.0,0.0,False,False,False,2020-01-10,410.0,0
sh113566,,,SH,2024-02-27,2024-03-25,126.31,278.0,1.2009342094846014,20,27,931081.8,0.0,0.0,False,False,False,2020-03-31,1428.0,0
sh113575,,,SH,2024-06-26,2024-07-04,76.997,156.5,1.032546722599582,20,8,1768254.6,0.0,0.0,False,False,False,2020-04-30,1518.0,1
sh113576,,,SH,2021-09-29,2021-10-27,94.0,193.0,1.0531914893617023,20,28,938074.8,0.0,0.0,False,False,False,2020-05-07,510.0,0
sh113580,,,SH,2020-12-31,2021-01-05,152.23,329.0,1.1612034421598896,20,5,246111.8,0.0,0.0,False,False,False,2020-05-20,225.0,0
sh113589,,,SH,2024-08-19,2024-08-23,97.57,205.036,1.1014246182228145,20,4,126090.4,0.0,0.0,False,False,False,2020-07-16,1495.0,0
sh113596,,,SH,2024-09-19,2024-10-23,83.588,174.375,1.0861248026032446,20,34,1432865.0,0.0,0.0,False,False,False,2020-08-20,1491.0,0
sh113601,,,SH,2025-06-27,2025-07-24,128.113,260.853,1.036116553355241,20,27,5141150.3,0.0,0.0,False,False,False,2020-09-15,1746.0,0
sh113618,,,SH,2022-03-07,2022-03-28,117.22,235.4,1.0081897287152364,20,21,7418510.200000001,0.0,0.0,False,False,False,2021-02-04,396.0,0
sh113657,,,SH,2025-11-27,2025-12-23,134.6,284.681,1.1150148588410103,20,26,3987213.2,0.0,0.0,False,False,False,2022-10-27,1127.0,0
sh113664,,,SH,2025-08-06,2025-08-21,130.318,266.666,1.0462714283521843,20,15,1917506.9000000001,0.0,0.0,False,False,False,2023-01-04,945.0,0
sh113672,,,SH,2023-08-10,2023-08-30,130.0,288.888,1.2222153846153843,20,20,1895517.0,0.0,0.0,False,True,False,2023-08-10,0.0,0
sh113686,,,SH,2024-09-26,2024-10-30,143.0,295.7,1.0678321678321678,20,34,1209221.3,0.0,0.0,False,False,False,2024-07-24,64.0,1
sh510100,,,SH,2025-02-11,2025-03-10,1.295,2.68,1.0694980694980698,20,27,18301544.85,0.0,0.0,False,False,False,2019-10-09,1952.0,1
sh510310,,,SH,2024-09-18,2024-09-23,1.572,3.232,1.0559796437659035,20,5,228480628.32999998,0.0,0.0,False,False,False,2013-03-25,4195.0,1
sh510580,,,SH,2024-08-29,2024-09-02,0.555,2.323,3.185585585585585,20,4,4335931.92,0.0,0.0,False,False,False,2015-09-14,3272.0,1
sh511030,,,SH,2025-02-24,2025-03-19,10.474,105.046,9.029215199541722,20,23,8552174.68,0.0,0.0,False,False,False,2019-03-22,2166.0,1
sh512100,,,SH,2022-09-01,2022-09-05,0.978,2.733,1.794478527607362,20,4,289657177.58,0.0,0.0,False,False,False,2016-11-04,2127.0,1
sh512200,,,SH,2024-07-25,2024-08-12,0.408,1.228,2.0098039215686274,20,18,66888078.150000006,0.0,0.0,False,False,False,2017-09-25,2495.0,1
sh516100,,,SH,2024-09-18,2024-10-21,0.591,1.193,1.0186125211505925,20,33,6900726.0,0.0,0.0,False,False,False,2021-07-23,1153.0,1
sh516160,,,SH,2024-09-10,2024-09-18,0.493,1.606,2.2576064908722113,20,8,24938347.17,0.0,0.0,False,False,False,2021-02-04,1314.0,1
sh516300,,,SH,2024-09-24,2024-10-28,0.749,2.432,2.246995994659546,20,34,9549409.67,0.0,0.0,False,False,False,2021-03-24,1280.0,1
sh516860,,,SH,2024-09-18,2024-10-18,0.616,1.233,1.0016233766233769,20,30,9219066.0,0.0,0.0,False,False,False,2021-10-11,1073.0,1
sh560010,,,SH,2022-09-01,2022-09-14,0.944,2.74,1.9025423728813564,20,13,321041878.61,0.0,0.0,False,True,False,2022-08-04,28.0,1
sh563330,,,SH,2024-09-18,2024-10-14,0.828,3.167,2.82487922705314,20,26,3128006.74,0.0,0.0,False,False,False,2023-11-07,316.0,1
sh600001,,,SH,2006-04-28,2006-06-02,2.65,5.34,1.0150943396226415,20,35,9090663.379999999,0.0,0.0,False,False,False,1998-01-22,3018.0,0
sh600006,东风股份,C36汽车制造业,SH,2015-07-28,2015-08-18,8.0,16.35,1.0437500000000002,20,21,16250591.839999998,18324656112.0,916232805.6,False,False,False,1999-07-27,5845.0,1
sh600007,中国国贸,K70房地产业,SH,2021-04-21,2021-05-19,12.26,24.8,1.0228384991843393,20,28,1867899.1900000002,3584463921.0,179223196.05,False,False,False,1999-03-12,8076.0,1
sh600010,包钢股份,C31黑色金属冶炼和压延加工业,SH,2011-02-10,2011-03-29,3.75,8.13,1.1680000000000001,20,47,42251584.92,26080581232.0,1304029061.6,False,False,False,2001-03-09,3625.0,1
sh600018,上港集团,G55水上运输业,SH,2013-08-06,2013-09-02,2.44,4.97,1.0368852459016393,20,27,13127022.86,5172970811.0,258648540.55,False,False,False,2006-10-26,2476.0,1
sh600021,上海电力,D44电力、热力生产和供应业,SH,2025-08-08,2025-09-04,10.1,20.25,1.004950495049505,20,27,33520069.82,47337947603.0,2366897380.15,False,False,False,2003-10-29,7954.0,1
sh600025,华能水电,D44电力、热力生产和供应业,SH,2017-12-15,2017-12-27,2.6,6.12,1.353846153846154,20,12,72416516.6,38143664665.0,1907183233.25,False,True,False,2017-12-15,0.0,1
sh600029,南方航空,G56航空运输业,SH,2007-07-16,2007-08-10,8.6,17.6,1.0465116279069768,20,25,7387684.28,8948653513.0,447432675.65,False,False,False,2003-07-25,1452.0,1
sh600030,中信证券,J67资本市场服务,SH,2006-04-14,2006-05-16,7.75,16.68,1.152258064516129,20,32,4551673.340000001,5238508105.0,261925405.25,False,False,False,2003-01-06,1194.0,1
sh600032,XD浙江新,D44电力、热力生产和供应业,SH,2021-05-25,2021-06-11,4.21,14.8,2.5154394299287413,20,17,9950228.76,13000708021.0,650035401.05,False,True,False,2021-05-25,0.0,1
sh600035,楚天高速,G54道路运输业,SH,2015-03-27,2015-04-17,4.96,10.47,1.1108870967741935,20,21,18091400.43,14646263852.0,732313192.6,False,False,False,2004-03-10,4034.0,1
sh600038,中直股份,C37铁路、船舶、航空航天和其他运输设备制造业,SH,2007-11-12,2007-11-30,15.0,30.93,1.0619999999999998,20,18,247340.97,550333420.0,27516671.0,False,False,False,2000-12-18,2520.0,1
sh600039,四川路桥,E48土木工程建筑业,SH,2008-04-22,2008-05-22,5.51,11.15,1.0235934664246824,20,30,1315455.2899999998,1099691772.0,54984588.6,False,False,False,2003-03-25,1855.0,1
sh600052,东望时代,L72商务服务业,SH,2019-08-15,2019-09-09,2.54,5.34,1.1023622047244093,20,25,5494865.869999999,2447361808.0,122368090.4,False,False,False,1997-04-15,8157.0,1
sh600053,*ST九鼎,J67资本市场服务,SH,2004-12-28,2004-12-28,3.11,6.44,1.0707395498392285,20,0,1136630.5500000003,498443729.0,24922186.45,True,False,False,1997-04-18,2811.0,1
sh600055,万东医疗,C35专用设备制造业,SH,2008-11-07,2008-12-04,3.05,6.27,1.055737704918033,20,27,2370418.75,1147666918.0,57383345.9,False,False,False,1997-05-19,4190.0,1
sh600056,中国医药,F51批发业,SH,2022-02-24,2022-03-14,10.52,23.02,1.1882129277566542,20,18,7778472.450000001,12259729638.0,612986481.9,False,False,False,1997-05-15,9051.0,1
sh600061,国投资本,J67资本市场服务,SH,2014-11-18,2014-12-09,7.08,29.5,3.166666666666667,20,21,6135048.409999999,15728904445.0,786445222.25,False,False,False,1997-05-19,6392.0,1
sh600062,华润双鹤,C27医药制造业,SH,2004-06-07,2004-06-15,9.7,20.82,1.14639175257732,20,8,21670.16,37791059.0,1889552.95,False,False,False,1997-05-22,2573.0,1
sh600063,皖维高新,C26化学原料和化学制品制造业,SH,2007-06-05,2007-06-20,12.86,26.0,1.0217729393468118,20,15,2621810.5699999994,5099271635.0,254963581.75,False,False,False,1997-05-28,3660.0,1
sh600071,凤凰光学,C40仪器仪表制造业,SH,2014-06-20,2014-07-14,7.0,16.79,1.3985714285714286,20,24,4815631.800000001,6201098322.0,310054916.1,False,False,False,1997-05-28,6232.0,1
sh600072,中船科技,E48土木工程建筑业,SH,2007-01-26,2007-02-16,6.65,13.66,1.0541353383458647,20,21,3504403.3899999997,3167144228.0,158357211.4,False,False,False,1997-06-03,3524.0,1
sh600073,光明肉业,C13农副食品加工业,SH,2003-11-11,2003-11-25,5.47,11.4,1.0840950639853748,20,14,1061788.93,921482478.0,46074123.9,False,False,False,1997-07-04,2321.0,1
sh600076,康欣新材,C20木材加工和木、竹、藤、棕、草制品业,SH,2015-05-18,2015-06-04,5.8,18.48,2.1862068965517243,20,17,3516152.61,6033675886.0,301683794.3,False,False,False,1997-05-26,6566.0,1
sh600081,东风科技,C36汽车制造业,SH,2006-04-25,2006-05-22,2.05,4.1,1.0,20,27,1017771.2900000002,306816636.0,15340831.8,False,False,False,1997-07-03,3218.0,1
sh600082,ST海泰,F51批发业,SH,2022-03-09,2022-03-31,2.9,6.33,1.1827586206896554,20,22,4269314.9799999995,1777408444.0,88870422.2,True,False,False,1997-06-20,9028.0,1
sh600084,*ST尼雅,C15酒、饮料和精制茶制造业,SH,2006-04-25,2006-05-17,1.6,3.43,1.1437499999999998,20,22,3069457.9099999997,769778587.0,38488929.35,True,False,False,1997-07-11,3210.0,1
sh600088,中视传媒,R87广播、电视、电影和录音制作业,SH,2019-02-14,2019-03-13,8.92,18.75,1.1020179372197307,20,27,2605194.1300000004,3463430008.0,173171500.4,False,False,False,1997-06-16,7913.0,1
sh600094,大名城,K70房地产业,SH,2006-04-25,2006-05-23,2.55,5.41,1.1215686274509804,20,28,820133.0900000001,305562343.0,15278117.15,False,False,False,1997-07-03,3218.0,1
sh600095,湘财股份,J67资本市场服务,SH,2015-02-09,2015-03-17,6.38,13.15,1.061128526645768,20,36,4294205.04,4009958148.0,200497907.4,False,False,False,1997-07-08,6425.0,1
sh600096,XD云天化,C26化学原料和化学制品制造业,SH,2021-08-19,2021-09-13,16.86,34.31,1.0349940688018981,20,25,28816884.119999997,68307364478.0,3415368223.9,False,False,False,1997-07-09,8807.0,1
sh600098,广州发展,D44电力、热力生产和供应业,SH,2015-05-15,2015-06-09,10.0,20.25,1.025,20,25,12538200.54,17540009504.0,877000475.2,False,False,False,1997-07-18,6510.0,1
sh600099,林海股份,C37铁路、船舶、航空航天和其他运输设备制造业,SH,2007-03-19,2007-04-10,6.21,13.08,1.106280193236715,20,22,1721849.3799999997,1593785067.0,79689253.35,False,False,False,1997-07-04,3545.0,1
sh600101,明星电力,D44电力、热力生产和供应业,SH,2024-04-26,2024-05-28,7.81,15.74,1.0153649167733678,20,32,14522841.939999998,17560738929.0,878036946.45,False,False,False,1997-06-27,9800.0,1
sh600103,青山纸业,C22造纸和纸制品业,SH,2025-08-28,2025-09-15,2.27,4.6,1.0264317180616738,20,18,47757770.440000005,15157501031.0,757875051.55,False,False,False,1997-07-03,10283.0,1
sh600105,永鼎股份,C38电气机械和器材制造业,SH,2015-04-24,2015-05-28,13.06,26.2,1.006125574272588,20,34,5089969.029999999,8904752607.0,445237630.35,False,False,False,1997-09-29,6416.0,1
sh600106,重庆路桥,G54道路运输业,SH,2007-06-05,2007-06-19,10.56,21.32,1.018939393939394,20,14,3203267.1900000004,5369831866.0,268491593.3,False,False,False,1997-06-18,3639.0,1
sh600107,*ST尔雅,C18纺织服装、服饰业,SH,2007-04-19,2007-05-24,10.7,21.48,1.0074766355140188,20,35,5365722.87,8754514437.0,437725721.85,True,False,False,1997-11-06,3451.0,1
sh600108,亚盛集团,A01农业,SH,2007-04-05,2007-05-08,5.45,11.22,1.0587155963302752,20,33,16143758.260000002,12078666345.0,603933317.25,False,False,False,1997-08-18,3517.0,1
sh600109,国金证券,J67资本市场服务,SH,2007-03-29,2007-04-25,35.01,73.43,1.0974007426449588,20,27,523311.48000000004,2411081784.0,120554089.2,False,False,False,1997-08-07,3521.0,1
sh600110,诺德股份,C39计算机、通信和其他电子设备制造业,SH,2007-04-19,2007-05-24,15.63,32.0,1.0473448496481126,20,35,2243715.25,4695442001.0,234772100.05,False,False,False,1997-10-07,3481.0,1
sh600111,北方稀土,C32有色金属冶炼和压延加工业,SH,2009-01-08,2009-02-11,7.96,16.5,1.0728643216080402,20,34,8262242.74,9638661312.0,481933065.6,False,False,False,1997-09-24,4124.0,1
sh600113,浙江东日,L72商务服务业,SH,2012-03-26,2012-04-13,5.28,10.92,1.068181818181818,20,18,3405211.24,2815045892.0,140752294.6,False,False,False,1997-10-21,5270.0,1
sh600115,中国东航,G56航空运输业,SH,2007-09-03,2007-09-24,10.56,23.99,1.2717803030303028,20,21,6672972.59,12665088546.0,633254427.3,False,False,False,1997-11-05,3589.0,1
sh600116,三峡水利,D44电力、热力生产和供应业,SH,2011-01-18,2011-02-15,11.95,24.07,1.0142259414225943,20,28,4811636.72,8952571952.0,447628597.6,False,False,False,1997-08-04,4915.0,1
sh600117,西宁特钢,C31黑色金属冶炼和压延加工业,SH,2007-08-30,2007-10-15,11.5,24.15,1.1,20,46,5282754.48,8158195575.0,407909778.75,False,False,False,1997-10-15,3606.0,1
sh600118,中国卫星,C39计算机、通信和其他电子设备制造业,SH,2006-03-13,2006-05-08,7.4,15.0,1.0270270270270268,20,56,356273.01000000007,381965960.0,19098298.0,False,False,False,1997-09-08,3108.0,1
sh600120,浙江东方,J69其他金融业,SH,2007-04-04,2007-05-08,5.95,11.9,1.0,20,34,4216955.659999999,3779908467.0,188995423.35,False,False,False,1997-12-01,3411.0,1
sh600121,郑州煤电,B06煤炭开采和洗选业,SH,2020-11-04,2020-12-01,2.05,4.1,1.0,20,27,14241837.389999999,4247707033.0,212385351.65,False,False,False,1998-01-07,8337.0,1
sh600126,杭钢股份,C31黑色金属冶炼和压延加工业,SH,2025-01-08,2025-02-12,4.35,9.21,1.1172413793103453,20,35,11560831.410000002,5824383213.0,291219160.65,False,False,False,1998-03-11,9800.0,1
sh600127,金健米业,C13农副食品加工业,SH,2020-03-17,2020-04-02,4.16,8.97,1.15625,20,16,16223433.619999997,10327052123.0,516352606.15,False,False,False,1998-05-06,7986.0,1
sh600128,苏豪弘业,F51批发业,SH,2018-10-19,2018-11-09,4.7,9.79,1.082978723404255,20,21,1051923.02,801930589.0,40096529.45,False,False,False,1997-09-01,7718.0,1
sh600129,太极集团,C27医药制造业,SH,2015-04-29,2015-05-27,18.68,40.29,1.1568522483940042,20,28,2930830.71,8713849231.0,435692461.55,False,False,False,1997-11-18,6371.0,1
sh600130,波导股份,C39计算机、通信和其他电子设备制造业,SH,2015-05-07,2015-06-05,8.42,18.01,1.13895486935867,20,29,14501016.900000002,19162896389.0,958144819.45,False,False,False,2000-07-06,5418.0,1
sh600131,国网信通,I65软件和信息技术服务业,SH,2019-01-18,2019-02-26,6.06,13.28,1.1914191419141913,20,39,1438909.6800000002,1385496615.0,69274830.75,False,False,False,1998-04-02,7596.0,1
sh600133,东湖高新,N77生态保护和环境治理业,SH,2006-04-27,2006-06-06,3.75,8.75,1.3333333333333335,20,40,1118467.86,720131372.0,36006568.6,False,False,False,1998-02-12,2996.0,1
sh600135,乐凯胶片,C26化学原料和化学制品制造业,SH,2009-01-13,2009-02-16,3.71,7.85,1.1159029649595689,20,34,1590184.41,850964158.0,42548207.9,False,False,False,1998-01-22,4009.0,1
sh600137,浪莎股份,C18纺织服装、服饰业,SH,2007-04-13,2007-04-13,14.36,85.0,4.919220055710307,20,0,542434.26,2131556675.0,106577833.75,False,False,False,1998-04-16,3284.0,1
sh600141,兴发集团,C26化学原料和化学制品制造业,SH,2007-06-05,2007-06-19,11.71,23.47,1.0042698548249356,20,14,1678562.4699999997,2586868328.0,129343416.4,False,False,False,1999-06-16,2911.0,1
sh600148,长春一东,C36汽车制造业,SH,2015-07-09,2015-07-23,11.51,29.89,1.5968722849695918,20,14,1719085.54,3635506114.0,181775305.7,False,False,False,1998-05-20,6259.0,1
sh600149,廊坊发展,D44电力、热力生产和供应业,SH,2007-04-10,2007-05-15,7.0,14.45,1.064285714285714,20,35,4276972.620000001,4106057197.0,205302859.85,False,False,False,1999-10-14,2735.0,1
sh600150,中国船舶,C37铁路、船舶、航空航天和其他运输设备制造业,SH,2007-01-12,2007-02-02,28.6,60.74,1.1237762237762237,20,21,295739.79000000004,958673336.0,47933666.8,False,False,False,1998-05-20,3159.0,1
sh600151,航天机电,C38电气机械和器材制造业,SH,2006-03-10,2006-04-28,5.68,12.2,1.147887323943662,20,49,4069938.1000000006,3196344176.0,159817208.8,False,False,False,1998-06-05,2835.0,1
sh600155,华创云信,J67资本市场服务,SH,2007-04-25,2007-05-29,3.95,7.99,1.0227848101265824,20,34,3399271.4,2016067756.0,100803387.8,False,False,False,1998-09-18,3141.0,1
sh600156,华升股份,C17纺织业,SH,2006-04-25,2006-05-30,1.8,3.63,1.0166666666666666,20,35,1041459.54,272283780.0,13614189.0,False,False,False,1998-05-27,2890.0,1
sh600157,永泰能源,D44电力、热力生产和供应业,SH,2007-04-27,2007-06-01,6.42,16.23,1.52803738317757,20,35,29121.39,41413769.0,2070688.45,False,False,False,1998-05-13,3271.0,1
sh600158,中体产业,R89体育,SH,2007-03-28,2007-04-24,27.81,55.76,1.0050341603739663,20,27,886410.1599999999,3301717601.0,165085880.05,False,False,False,1998-03-27,3288.0,1
sh600160,巨化股份,C26化学原料和化学制品制造业,SH,2015-07-16,2015-08-11,7.15,15.69,1.1944055944055942,20,26,12190121.159999998,13295796352.0,664789817.6,False,False,False,1998-06-26,6229.0,1
sh600162,香江控股,K70房地产业,SH,2007-04-20,2007-06-08,8.58,17.3,1.0163170163170165,20,49,4638035.08,5597611385.0,279880569.25,False,False,False,1998-06-09,3237.0,1
sh600165,宁科生物,C26化学原料和化学制品制造业,SH,2015-07-08,2015-08-10,12.5,25.74,1.0591999999999997,20,33,2113044.2,4014634598.0,200731729.9,False,False,False,1998-05-29,6249.0,1
sh600167,联美控股,D44电力、热力生产和供应业,SH,2007-04-04,2007-05-08,7.7,15.4,1.0,20,34,1558065.4000000001,1627420087.0,81371004.35,False,False,False,1999-01-28,2988.0,1
sh600170,上海建工,E48土木工程建筑业,SH,2007-04-05,2007-05-09,8.86,18.85,1.127539503386005,20,34,6049768.98,7609257801.0,380462890.05,False,False,False,1998-06-23,3208.0,1
sh600171,上海贝岭,C39计算机、通信和其他电子设备制造业,SH,2024-09-19,2024-10-23,19.56,39.87,1.0383435582822087,20,34,20289020.119999997,56651614607.0,2832580730.35,False,False,False,1998-09-24,9492.0,1
sh600172,黄河旋风,C30非金属矿物制品业,SH,2015-05-21,2015-06-16,13.3,30.77,1.3135338345864662,20,26,5664417.930000001,13374341486.0,668717074.3,False,False,False,1998-11-26,6020.0,1
sh600176,中国巨石,C30非金属矿物制品业,SH,2026-06-08,2026-06-25,34.13,71.3,1.0890711983592145,20,17,37521847.6,175598768804.0,8779938440.2,False,False,False,1999-04-22,9909.0,1
sh600178,东安动力,C36汽车制造业,SH,2020-06-29,2020-07-24,4.33,9.34,1.1570438799076213,20,25,2542590.3200000003,1616382002.0,80819100.1,False,False,False,1998-10-14,7929.0,1
sh600179,安通控股,G58多式联运和运输代理业,SH,2006-04-25,2006-06-05,2.6,5.38,1.069230769230769,20,41,632596.55,243712419.0,12185620.95,False,False,False,1998-11-04,2729.0,1
sh600180,*ST瑞茂,F51批发业,SH,2007-04-10,2007-05-22,7.96,15.94,1.0025125628140703,20,42,3077195.1,3153031260.0,157651563.0,True,False,False,1998-07-03,3203.0,1
sh600184,光电股份,C35专用设备制造业,SH,2015-07-08,2015-07-22,14.97,36.28,1.4235136940547761,20,14,1691114.8599999999,4140579216.0,207028960.8,False,False,False,2003-11-06,4262.0,1
sh600185,珠免集团,L72商务服务业,SH,2020-04-15,2020-05-29,4.21,8.54,1.0285035629453678,20,44,2401790.71,1529230928.0,76461546.4,False,False,False,1999-06-11,7614.0,1
sh600187,*ST国中,D46水的生产和供应业,SH,2024-07-09,2024-07-29,1.31,2.76,1.1068702290076335,20,20,14892131.770000001,2865758736.0,143287936.8,True,False,False,1998-11-11,9372.0,1
sh600188,兖矿能源,B06煤炭开采和洗选业,SH,2021-08-20,2021-09-13,15.9,32.25,1.0283018867924527,20,24,8252371.910000001,19172958302.0,958647915.1,False,False,False,1998-07-01,8451.0,1
sh600189,泉阳泉,C15酒、饮料和精制茶制造业,SH,2020-12-07,2021-01-04,7.79,16.16,1.0744544287548137,20,28,12102028.48,13473559936.0,673677996.8,False,False,False,1998-10-07,8097.0,1
sh600191,华资实业,C13农副食品加工业,SH,2007-04-02,2007-04-27,10.95,22.83,1.084931506849315,20,25,3326324.82,5296501498.0,264825074.9,False,False,False,1998-12-10,3035.0,1
sh600195,中牧股份,C27医药制造业,SH,2008-04-22,2008-05-13,12.06,24.17,1.0041459369817578,20,21,1505726.5199999998,2696815183.0,134840759.15,False,False,False,1999-01-07,3393.0,1
sh600196,复星医药,C27医药制造业,SH,2020-07-08,2020-08-04,35.07,74.58,1.1266039349871684,20,27,23404975.88,118608397784.0,5930419889.2,False,False,False,1998-08-07,8006.0,1
sh600198,大唐电信,C39计算机、通信和其他电子设备制造业,SH,2015-05-07,2015-05-28,23.08,49.31,1.1364818024263434,20,21,6479488.580000001,21386639904.0,1069331995.2,False,False,False,1998-10-21,6042.0,1
sh600199,金种子酒,C15酒、饮料和精制茶制造业,SH,2020-12-03,2020-12-21,8.97,18.94,1.1114827201783721,20,18,17821863.97,21798261962.0,1089913098.1,False,False,False,1998-08-12,8149.0,1
sh600203,福日电子,C39计算机、通信和其他电子设备制造业,SH,2007-03-23,2007-04-19,5.16,11.22,1.1744186046511627,20,27,2454918.95,1762748412.0,88137420.6,False,False,False,1999-05-14,2870.0,1
sh600206,有研新材,C32有色金属冶炼和压延加工业,SH,2006-12-22,2007-01-23,8.86,17.98,1.0293453724604968,20,32,766516.25,991529884.0,49576494.2,False,False,False,1999-03-19,2835.0,1
sh600207,安彩高科,C30非金属矿物制品业,SH,2015-09-02,2015-10-28,4.82,10.52,1.1825726141078836,20,56,4582702.350000001,3141375984.0,157068799.2,False,False,False,1999-07-14,5894.0,1
sh600208,衢州发展,K70房地产业,SH,2025-07-08,2025-08-18,2.9,6.03,1.0793103448275865,20,41,49776350.900000006,19467606191.0,973380309.55,False,False,False,1999-06-23,9512.0,1
sh600211,西藏药业,C27医药制造业,SH,2020-05-22,2020-06-10,25.69,51.99,1.0237446477228493,20,19,1578814.1600000001,5686380298.0,284319014.9,False,False,False,1999-07-21,7611.0,1
sh600212,绿能慧充,C38电气机械和器材制造业,SH,2014-09-12,2014-10-09,3.85,9.54,1.4779220779220776,20,27,8228543.94,6832232400.0,341611620.0,False,False,False,1999-08-17,5505.0,1
sh600217,中再资环,C42废弃资源综合利用业,SH,2012-11-28,2012-12-17,3.23,6.46,1.0,20,19,6911387.870000001,3460973265.0,173048663.25,False,False,False,1999-12-16,4731.0,1
sh600218,全柴动力,C34通用设备制造业,SH,2019-01-02,2019-01-25,4.43,9.71,1.191873589164786,20,23,5569657.81,3949025371.0,197451268.55,False,False,False,1998-12-03,7335.0,1
sh600221,海航控股,G56航空运输业,SH,2006-04-28,2006-06-02,2.32,4.84,1.0862068965517242,20,35,3443483.9799999995,1153474219.0,57673710.95,False,False,False,1999-11-25,2346.0,1
sh600222,太龙药业,C27医药制造业,SH,2020-01-06,2020-02-07,4.44,8.9,1.0045045045045042,20,32,6177456.609999999,3948479507.0,197423975.35,False,False,False,1999-11-05,7367.0,1
sh600223,福瑞达,C26化学原料和化学制品制造业,SH,2007-02-12,2007-03-14,2.96,6.0,1.0270270270270272,20,30,3544426.1999999997,1494331993.0,74716599.65,False,False,False,2000-01-13,2587.0,1
sh600226,亨通股份,D44电力、热力生产和供应业,SH,2015-11-11,2015-11-23,5.75,12.34,1.146086956521739,20,12,15877366.110000001,16745462911.0,837273145.55,False,False,False,1999-11-16,5839.0,1
sh600227,赤天化,C26化学原料和化学制品制造业,SH,2014-12-22,2015-01-06,3.12,7.36,1.358974358974359,20,15,11277792.01,6566033340.0,328301667.0,False,False,False,2000-02-21,5418.0,1
sh600228,返利科技,I64互联网和相关服务,SH,2011-12-29,2012-02-06,6.2,12.67,1.043548387096774,20,39,1824281.77,1608347140.0,80417357.0,False,False,False,1999-01-19,4727.0,1
sh600229,城市传媒,R86新闻和出版业,SH,2015-04-21,2015-05-18,14.2,28.95,1.038732394366197,20,27,4576721.84,8984660160.0,449233008.0,False,False,False,2000-03-09,5521.0,1
sh600230,沧州大化,C26化学原料和化学制品制造业,SH,2007-01-05,2007-02-02,5.85,12.0,1.0512820512820515,20,28,1780590.8299999998,1530216554.0,76510827.7,False,False,False,2000-04-06,2465.0,1
sh600232,金鹰股份,C17纺织业,SH,2015-06-15,2015-06-26,6.96,14.93,1.1451149425287355,20,11,2963610.13,3415228920.0,170761446.0,False,False,False,2000-06-02,5491.0,1
sh600233,圆通速递,G60邮政业,SH,2009-09-02,2009-09-23,7.92,16.43,1.0744949494949494,20,21,2262687.8899999997,2873407786.0,143670389.3,False,False,False,2000-06-08,3373.0,1
sh600234,科新发展,E50建筑装饰、装修和其他建筑业,SH,2015-05-07,2015-06-01,14.5,29.17,1.0117241379310347,20,25,3926227.599999999,8022116976.0,401105848.8,False,False,False,2000-06-15,5439.0,1
sh600235,民丰特纸,C22造纸和纸制品业,SH,2018-10-19,2018-11-12,3.5,7.5,1.1428571428571428,20,24,708847.7100000001,338417808.0,16920890.4,False,False,False,2000-06-15,6700.0,1
sh600237,铜峰电子,C39计算机、通信和其他电子设备制造业,SH,2020-02-04,2020-02-25,2.71,5.59,1.0627306273062729,20,21,3031176.56,1155723629.0,57786181.45,False,False,False,2000-06-09,7179.0,1
sh600238,ST椰岛,C15酒、饮料和精制茶制造业,SH,2006-12-28,2007-01-25,4.97,10.05,1.0221327967806841,20,28,1736908.94,1282477662.0,64123883.1,True,False,False,2000-01-20,2534.0,1
sh600239,ST云城,K70房地产业,SH,2008-04-23,2008-05-13,13.1,27.36,1.0885496183206107,20,20,617819.05,1167928293.0,58396414.65,True,False,False,1999-12-02,3065.0,1
sh600241,时代万恒,C38电气机械和器材制造业,SH,2006-04-25,2006-05-29,3.92,8.26,1.1071428571428572,20,34,648375.0899999999,421722836.0,21086141.8,False,False,False,2000-11-28,1974.0,1
sh600243,*ST海华,C34通用设备制造业,SH,2021-08-06,2021-09-02,3.62,7.7,1.1270718232044197,20,27,4607425.62,2651253378.0,132562668.9,True,False,False,2000-11-20,7564.0,1
sh600246,万通发展,K70房地产业,SH,2009-01-20,2009-02-23,8.98,19.2,1.1380846325167036,20,34,3811162.590000001,5388410800.0,269420540.0,False,False,False,2000-09-22,3042.0,1
sh600248,陕建股份,E48土木工程建筑业,SH,2009-03-16,2009-04-14,6.76,14.8,1.1893491124260356,20,29,889549.25,902327204.0,45116360.2,False,False,False,2000-06-22,3189.0,1
sh600249,两面针,C26化学原料和化学制品制造业,SH,2007-03-19,2007-04-12,15.6,31.88,1.0435897435897434,20,24,963178.49,2070519798.0,103525989.9,False,False,False,2004-01-30,1144.0,1
sh600250,南京商旅,N78公共设施管理业,SH,2023-11-09,2023-12-06,6.59,14.18,1.1517450682852806,20,27,1736668.51,1729713032.0,86485651.6,False,False,False,2001-03-06,8283.0,1
sh600251,冠农股份,C13农副食品加工业,SH,2007-01-05,2007-01-29,8.05,16.37,1.0335403726708075,20,24,1476373.6899999997,1619138598.0,80956929.9,False,False,False,2003-06-09,1306.0,1
sh600252,中恒集团,C27医药制造业,SH,2006-04-25,2006-05-16,2.5,5.02,1.008,20,21,831543.8999999999,304483639.0,15224181.95,False,False,False,2000-11-30,1972.0,1
sh600255,鑫科材料,C32有色金属冶炼和压延加工业,SH,2024-11-27,2024-12-20,2.22,4.5,1.0270270270270268,20,23,43225625.6,14185929639.0,709296481.95,False,False,False,2000-11-22,8771.0,1
sh600256,广汇能源,B07石油和天然气开采业,SH,2021-08-18,2021-09-13,4.5,9.02,1.0044444444444443,20,26,47082924.72,29965218961.0,1498260948.05,False,False,False,2000-05-26,7754.0,1
sh600257,大湖股份,A04渔业,SH,2015-05-07,2015-06-05,10.04,20.3,1.02191235059761,20,29,4779798.75,6526564981.0,326328249.05,False,False,False,2000-06-12,5442.0,1
sh600259,中稀有色,B09有色金属矿采选业,SH,2007-03-27,2007-04-19,3.84,7.95,1.0703125,20,23,1765977.77,967323472.0,48366173.6,False,False,False,2000-05-25,2497.0,1
sh600262,北方股份,C35专用设备制造业,SH,2006-04-07,2006-05-23,5.82,12.25,1.104810996563574,20,46,575057.34,476489964.0,23824498.2,False,False,False,2000-06-30,2107.0,1
sh600265,*ST景谷,C20木材加工和木、竹、藤、棕、草制品业,SH,2008-04-22,2008-05-13,6.53,13.09,1.0045941807044407,20,21,752387.5700000001,731679217.0,36583960.85,True,False,False,2000-08-25,2797.0,1
sh600266,城建发展,K70房地产业,SH,2014-11-20,2014-12-17,11.62,24.84,1.1376936316695354,20,27,13679545.999999996,23161024832.0,1158051241.6,False,False,False,1999-02-03,5769.0,1
sh600268,国电南自,C38电气机械和器材制造业,SH,2020-04-02,2020-04-21,5.61,11.3,1.014260249554367,20,19,10796682.29,8595535845.0,429776792.25,False,False,False,1999-11-18,7441.0,1
sh600272,开开实业,F51批发业,SH,2005-07-22,2005-08-18,1.82,3.7,1.0329670329670328,20,27,494259.41000000003,135449219.0,6772460.95,False,False,False,2001-02-28,1605.0,1
sh600278,东方创业,F51批发业,SH,2007-04-03,2007-05-08,8.46,18.0,1.127659574468085,20,35,2257744.32,2631385256.0,131569262.8,False,False,False,2000-07-12,2456.0,1
sh600279,重庆港,G55水上运输业,SH,2007-06-05,2007-06-19,9.74,19.6,1.0123203285420947,20,14,2239888.1799999997,3540287778.0,177014388.9,False,False,False,2000-07-31,2500.0,1
sh600280,中央商场,F52零售业,SH,2015-04-20,2015-05-22,16.01,33.87,1.1155527795128042,20,32,4913735.86,11248822304.0,562441115.2,False,False,False,2000-09-26,5319.0,1
sh600284,浦东建设,E48土木工程建筑业,SH,2007-08-28,2007-09-28,14.4,30.73,1.1340277777777779,20,31,2638571.8500000006,5502150958.0,275107547.9,False,False,False,2004-03-16,1260.0,1
sh600285,羚锐制药,C27医药制造业,SH,2007-06-05,2007-06-20,12.94,27.95,1.1599690880989182,20,15,1306267.42,2488536832.0,124426841.6,False,False,False,2000-10-18,2421.0,1
sh600287,苏豪时尚,F51批发业,SH,2007-02-01,2007-02-27,3.86,7.94,1.05699481865285,20,26,2615519.9000000004,1403141806.0,70157090.3,False,False,False,2000-09-01,2344.0,1
sh600288,大恒科技,C39计算机、通信和其他电子设备制造业,SH,2015-03-17,2015-04-14,18.42,38.72,1.102062975027144,20,28,5767862.48,14396268544.0,719813427.2,False,False,False,2000-11-29,5221.0,1
sh600289,ST信通,I65软件和信息技术服务业,SH,2006-04-25,2006-06-02,9.22,18.78,1.036876355748373,20,38,958297.1,1255653301.0,62782665.05,True,False,False,2000-07-20,2105.0,1
sh600292,电投水电,N77生态保护和环境治理业,SH,2024-09-09,2024-10-28,4.56,9.6,1.1052631578947367,20,49,883624.5200000001,499860828.0,24993041.4,False,False,False,2000-11-01,8713.0,1
sh600293,三峡新材,C30非金属矿物制品业,SH,2009-03-10,2009-04-02,3.58,7.25,1.025139664804469,20,23,3807028.0500000003,2023092087.0,101154604.35,False,False,False,2000-09-19,3094.0,1
sh600295,鄂尔多斯,C31黑色金属冶炼和压延加工业,SH,2021-02-01,2021-03-02,10.81,22.91,1.1193339500462534,20,29,7097987.819999999,11005085407.0,550254270.35,False,False,False,2001-04-26,7221.0,1
sh600299,安迪苏,C14食品制造业,SH,2014-09-30,2014-10-30,4.11,8.84,1.1508515815085154,20,30,1218222.85,1002688144.0,50134407.2,False,False,False,2000-04-20,5276.0,1
sh600300,维维股份,C15酒、饮料和精制茶制造业,SH,2009-03-17,2009-04-14,5.63,11.75,1.0870337477797514,20,28,6142510.590000001,5268921704.0,263446085.2,False,False,False,2000-06-30,3182.0,1
sh600301,华锡有色,B09有色金属矿采选业,SH,2007-07-17,2007-08-14,8.71,17.47,1.0057405281285874,20,28,1495390.77,2043451985.0,102172599.25,False,False,False,2000-07-12,2561.0,1
sh600302,ST标准,C35专用设备制造业,SH,2024-02-08,2024-02-29,2.81,6.02,1.1423487544483986,20,21,3969375.5600000005,1851669906.0,92583495.3,True,False,False,2000-12-13,8457.0,1
sh600303,曙光股份,C36汽车制造业,SH,2015-11-03,2015-11-20,6.55,14.22,1.170992366412214,20,17,10170932.489999998,10092619472.0,504630973.6,False,False,False,2000-12-26,5425.0,1
sh600307,酒钢宏兴,C31黑色金属冶炼和压延加工业,SH,2007-08-10,2007-09-10,10.61,21.67,1.0424128180961358,20,31,4373422.010000001,6814065353.0,340703267.65,False,False,False,2000-12-20,2424.0,1
sh600310,广西能源,D44电力、热力生产和供应业,SH,2007-04-02,2007-04-30,15.28,31.5,1.0615183246073299,20,28,889025.71,1911123066.0,95556153.3,False,False,False,2001-02-28,2224.0,1
sh600313,农发种业,F51批发业,SH,2022-03-24,2022-04-21,5.55,11.7,1.108108108108108,20,28,40834863.35,33679896807.0,1683994840.35,False,False,False,2001-01-19,7734.0,1
sh600316,洪都航空,C37铁路、船舶、航空航天和其他运输设备制造业,SH,2006-04-14,2006-05-15,12.67,26.21,1.068666140489345,20,31,921050.3500000001,1480448422.0,74022421.1,False,False,False,2000-12-15,1946.0,1
sh600318,新力金融,J66货币金融服务,SH,2006-04-25,2006-05-17,3.84,8.2,1.1354166666666665,20,22,623608.7,354074330.0,17703716.5,False,False,False,2000-12-08,1964.0,1
sh600322,津投城开,K70房地产业,SH,2007-02-06,2007-03-29,5.49,11.02,1.007285974499089,20,51,2995420.89,2092636486.0,104631824.3,False,False,False,2001-09-10,1975.0,1
sh600325,华发股份,K70房地产业,SH,2014-11-12,2014-12-09,7.88,16.73,1.1230964467005076,20,27,11348085.12,13235397296.0,661769864.8,False,False,False,2004-02-25,3913.0,1
sh600326,西藏天路,C30非金属矿物制品业,SH,2006-04-14,2006-06-08,3.9,8.0,1.0512820512820515,20,55,1073345.0299999998,681794817.0,34089740.85,False,False,False,2001-01-16,1914.0,1
sh600327,大东方,Q84卫生,SH,2021-05-18,2021-06-01,4.39,9.09,1.070615034168565,20,14,8112444.7700000005,5470637418.0,273531870.9,False,False,False,2002-06-25,6902.0,1
sh600331,宏达股份,C26化学原料和化学制品制造业,SH,2006-04-14,2006-05-15,10.8,21.7,1.009259259259259,20,31,3375067.58,4929235864.0,246461793.2,False,False,False,2001-12-20,1576.0,1
sh600336,澳柯玛,C38电气机械和器材制造业,SH,2024-09-25,2024-10-29,5.42,11.35,1.0940959409594098,20,34,16758125.999999998,13522208471.0,676110423.55,False,False,False,2000-12-29,8671.0,1
sh600338,西藏珠峰,B09有色金属矿采选业,SH,2009-03-04,2009-03-31,4.51,9.33,1.0687361419068737,20,27,558327.66,372460048.0,18623002.4,False,False,False,2000-12-27,2989.0,1
sh600340,*ST华幸,K70房地产业,SH,2024-10-10,2024-11-04,1.36,2.76,1.0294117647058822,20,25,34515798.5,5941137958.0,297056897.9,True,False,False,2003-12-30,7590.0,1
sh600343,航天动力,C34通用设备制造业,SH,2007-01-04,2007-01-31,7.96,16.1,1.0226130653266332,20,27,1737386.02,1979578750.0,98978937.5,False,False,False,2003-04-08,1367.0,1
sh600346,恒力石化,C26化学原料和化学制品制造业,SH,2007-07-17,2007-08-07,6.73,13.72,1.038632986627043,20,21,937528.8400000001,1008144568.0,50407228.4,False,False,False,2001-08-20,2157.0,1
sh600348,华阳股份,B06煤炭开采和洗选业,SH,2010-09-28,2010-10-20,14.8,30.9,1.0878378378378377,20,22,18279434.159999996,41842977408.0,2092148870.4,False,False,False,2003-08-21,2595.0,1
sh600352,浙江龙盛,C26化学原料和化学制品制造业,SH,2019-03-08,2019-04-03,10.6,21.9,1.0660377358490565,20,26,32365994.33,52485888955.0,2624294447.75,False,False,False,2003-08-01,5698.0,1
sh600353,旭光电子,C39计算机、通信和其他电子设备制造业,SH,2015-03-16,2015-04-13,10.38,21.76,1.0963391136801541,20,28,3064682.3200000003,4857456703.0,242872835.15,False,False,False,2002-11-20,4499.0,1
sh600354,敦煌种业,A05农、林、牧、渔专业及辅助性活动,SH,2007-12-25,2008-01-24,7.23,14.89,1.0594744121715074,20,30,2891824.3600000003,3167120762.0,158356038.1,False,False,False,2004-01-15,1440.0,1
sh600359,新农开发,A01农业,SH,2008-06-23,2008-07-09,6.72,13.65,1.03125,20,16,3670881.49,3776303577.0,188815178.85,False,False,False,1999-04-29,3343.0,1
sh600360,华微电子,C39计算机、通信和其他电子设备制造业,SH,2015-05-07,2015-06-03,7.1,14.25,1.007042253521127,20,27,11912933.8,12005357472.0,600267873.6,False,False,False,2001-03-16,5165.0,1
sh600361,创新新材,C32有色金属冶炼和压延加工业,SH,2021-07-19,2021-08-18,3.38,7.08,1.0946745562130178,20,30,2220389.55,1393137998.0,69656899.9,False,False,False,2001-11-29,7172.0,1
sh600362,江西铜业,C32有色金属冶炼和压延加工业,SH,2006-03-16,2006-05-09,6.65,13.77,1.0706766917293233,20,54,5621079.29,5708240892.0,285412044.6,False,False,False,2002-01-11,1525.0,1
sh600363,联创光电,C39计算机、通信和其他电子设备制造业,SH,2024-10-14,2024-11-05,25.97,56.16,1.1624951867539468,20,22,4256402.62,15666448619.0,783322430.95,False,False,False,2001-03-29,8600.0,1
sh600367,红星发展,C26化学原料和化学制品制造业,SH,2026-05-12,2026-06-04,23.01,46.98,1.0417209908735328,20,23,8225550.74,24440087939.0,1222004396.95,False,False,False,2001-03-20,9184.0,1
sh600368,五洲交通,G54道路运输业,SH,2008-11-04,2008-12-01,2.97,6.15,1.0707070707070705,20,27,2625174.79,1185276766.0,59263838.3,False,False,False,2000-12-21,2875.0,1
sh600369,西南证券,J67资本市场服务,SH,2007-11-23,2007-12-24,2.95,7.48,1.535593220338983,20,31,1648.29,815401.0,40770.05,False,False,False,2001-01-09,2509.0,1
sh600371,万向德农,A05农、林、牧、渔专业及辅助性活动,SH,2015-04-16,2015-05-12,16.16,32.79,1.0290841584158414,20,26,2556759.02,5934595848.0,296729792.4,False,False,False,2002-09-16,4595.0,1
sh600372,中航机载,C37铁路、船舶、航空航天和其他运输设备制造业,SH,2015-07-09,2015-07-24,17.48,35.5,1.0308924485125859,20,15,9113695.08,25638273664.0,1281913683.2,False,False,False,2001-07-06,5116.0,1
sh600375,汉马科技,C36汽车制造业,SH,2009-10-09,2009-12-07,7.57,15.48,1.0449141347424042,20,59,1841233.9700000002,2384002573.0,119200128.65,False,False,False,2003-04-01,2383.0,1
sh600376,首开股份,K70房地产业,SH,2007-06-12,2007-06-29,15.98,41.6,1.6032540675844804,20,17,1665489.4600000002,5586829692.0,279341484.6,False,False,False,2001-03-12,2283.0,1
sh600378,昊华科技,C26化学原料和化学制品制造业,SH,2007-04-11,2007-05-11,7.59,15.62,1.0579710144927534,20,30,2747583.66,2788960264.0,139448013.2,False,False,False,2001-01-11,2281.0,1
sh600379,宝光股份,C38电气机械和器材制造业,SH,2006-07-10,2006-07-21,4.37,8.96,1.0503432494279177,20,11,801062.53,569665839.0,28483291.95,False,False,False,2002-01-16,1636.0,1
sh600380,健康元,C27医药制造业,SH,2007-04-03,2007-05-08,9.21,19.5,1.117263843648208,20,35,3226295.9300000006,4144661339.0,207233066.95,False,False,False,2001-06-08,2125.0,1
sh600381,*ST春天,C14食品制造业,SH,2007-02-06,2007-03-12,2.78,5.89,1.1187050359712232,20,34,2246436.69,884112481.0,44205624.05,True,False,False,2001-05-08,2100.0,1
sh600386,北巴传媒,F52零售业,SH,2024-07-09,2024-08-05,2.66,5.67,1.1315789473684208,20,27,10647983.93,4163293528.0,208164676.4,False,False,False,2001-02-16,8544.0,1
sh600389,江山股份,C26化学原料和化学制品制造业,SH,2007-04-19,2007-05-23,8.43,17.8,1.1115065243179125,20,34,1361234.31,1497913123.0,74895656.15,False,False,False,2001-01-10,2290.0,1
sh600390,五矿资本,J69其他金融业,SH,2007-04-30,2007-05-29,18.9,38.81,1.0534391534391538,20,29,919567.6699999998,2415865060.0,120793253.0,False,False,False,2001-01-15,2296.0,1
sh600391,航发科技,C37铁路、船舶、航空航天和其他运输设备制造业,SH,2015-07-09,2015-07-24,28.0,57.9,1.0678571428571426,20,15,5141435.71,22856212700.0,1142810635.0,False,False,False,2001-12-12,4957.0,1
sh600392,盛和资源,C32有色金属冶炼和压延加工业,SH,2012-12-04,2013-01-08,9.2,18.57,1.0184782608695655,20,35,451978.02999999997,616280654.0,30814032.7,False,False,False,2003-05-29,3477.0,1
sh600396,华电辽能,D44电力、热力生产和供应业,SH,2021-11-29,2021-12-21,2.31,5.06,1.1904761904761902,20,22,8881332.129999999,3449385166.0,172469258.3,False,False,False,2001-03-28,7551.0,1
sh600397,江钨装备,C35专用设备制造业,SH,2008-11-06,2008-12-18,2.42,5.21,1.1528925619834713,20,42,810511.9199999999,315081005.0,15754050.25,False,False,False,2002-07-02,2319.0,1
sh600398,海澜之家,C18纺织服装、服饰业,SH,2013-09-02,2013-09-12,3.41,7.3,1.1407624633431084,20,10,9076608.31,5306056005.0,265302800.25,False,False,False,2000-12-28,4631.0,1
sh600399,抚顺特钢,C31黑色金属冶炼和压延加工业,SH,2007-04-05,2007-05-10,6.48,13.62,1.1018518518518516,20,35,4074559.0000000005,3887217714.0,194360885.7,False,False,False,2000-12-29,2288.0,1
sh600400,红豆股份,C18纺织服装、服饰业,SH,2015-05-07,2015-06-03,10.28,21.35,1.0768482490272375,20,27,4812303.48,7218354776.0,360917738.8,False,False,False,2001-01-08,5232.0,1
sh600403,大有能源,B06煤炭开采和洗选业,SH,2025-09-23,2025-10-20,3.6,7.26,1.0166666666666666,20,27,9464011.170000002,4517764302.0,225888215.1,False,False,False,2003-10-09,8020.0,1
sh600405,动力源,C39计算机、通信和其他电子设备制造业,SH,2007-06-05,2007-06-19,15.27,31.3,1.0497707924034057,20,14,1160220.9800000002,2557693940.0,127884697.0,False,False,False,2004-04-01,1160.0,1
sh600408,安泰集团,C31黑色金属冶炼和压延加工业,SH,2025-10-13,2025-11-06,2.25,4.5,1.0,20,24,37955705.15,12279444060.0,613972203.0,False,False,False,2003-02-12,8279.0,1
sh600410,华胜天成,I65软件和信息技术服务业,SH,2024-11-19,2024-11-29,5.35,11.14,1.0822429906542057,20,10,18785736.34,15136364704.0,756818235.2,False,False,False,2004-04-27,7511.0,1
sh600416,湘电股份,C38电气机械和器材制造业,SH,2020-02-04,2020-02-25,5.74,11.56,1.013937282229965,20,21,2649898.91,1918378139.0,95918906.95,False,False,False,2002-07-18,6410.0,1
sh600418,江淮汽车,C36汽车制造业,SH,2020-05-06,2020-06-01,4.91,9.97,1.0305498981670063,20,26,11729638.479999999,8685005931.0,434250296.55,False,False,False,2001-08-24,6830.0,1
sh600419,天润乳业,C14食品制造业,SH,2007-05-29,2007-06-19,4.83,10.02,1.074534161490683,20,21,372562.88,336418274.0,16820913.7,False,False,False,2001-06-28,2161.0,1
sh600420,国药现代,C27医药制造业,SH,2015-07-09,2015-07-23,22.8,50.3,1.2061403508771926,20,14,2179284.04,7558469272.0,377923463.6,False,False,False,2004-06-16,4040.0,1
sh600428,中远海特,G55水上运输业,SH,2022-08-05,2022-08-25,4.54,9.68,1.1321585903083702,20,20,16154369.069999998,10855286322.0,542764316.1,False,False,False,2002-04-18,7414.0,1
sh600433,冠豪高新,C22造纸和纸制品业,SH,2013-01-29,2013-03-05,11.91,24.3,1.0403022670025188,20,35,3031321.66,5252368360.0,262618418.0,False,False,False,2003-06-19,3512.0,1
sh600435,北方导航,C39计算机、通信和其他电子设备制造业,SH,2007-07-06,2007-07-27,7.06,14.2,1.011331444759207,20,21,1253319.49,1326701558.0,66335077.9,False,False,False,2003-07-04,1463.0,1
sh600438,通威股份,C38电气机械和器材制造业,SH,2008-01-22,2008-02-29,12.46,25.6,1.0545746388443016,20,38,4891935.09,9251515863.0,462575793.15,False,False,False,2004-03-02,1421.0,1
sh600439,ST瑞贝卡,C19皮革、毛皮、羽毛及其制品和制鞋业,SH,2024-09-26,2024-10-30,2.45,5.15,1.1020408163265305,20,34,20388017.799999997,6996491354.0,349824567.7,True,False,False,2003-07-10,7749.0,1
sh600446,金证股份,I65软件和信息技术服务业,SH,2015-04-20,2015-05-13,128.66,258.0,1.005285247940308,20,23,1065495.4000000001,18367561600.0,918378080.0,False,False,False,2003-12-24,4135.0,1
sh600448,华纺股份,C17纺织业,SH,2025-04-28,2025-05-15,2.57,5.28,1.0544747081712065,20,17,20747234.75,8339562525.0,416978126.25,False,False,False,2001-09-03,8638.0,1
sh600455,博通股份,P83教育,SH,2015-07-09,2015-08-06,24.0,48.4,1.0166666666666666,20,28,525841.34,2170061199.0,108503059.95,False,False,False,2004-03-29,4119.0,1
sh600456,宝钛股份,C32有色金属冶炼和压延加工业,SH,2006-04-03,2006-05-10,21.52,44.97,1.0896840148698885,20,37,389178.77999999997,1066196889.0,53309844.45,False,False,False,2002-04-12,1452.0,1
sh600458,时代新材,C29橡胶和塑料制品业,SH,2006-12-25,2007-01-24,7.6,16.24,1.1368421052631579,20,30,1137785.79,1203855658.0,60192782.9,False,False,False,2002-12-19,1467.0,1
sh600459,贵研铂业,C32有色金属冶炼和压延加工业,SH,2006-03-10,2006-04-26,6.58,13.71,1.0835866261398177,20,47,424716.91,425729800.0,21286490.0,False,False,False,2003-05-16,1029.0,1
sh600468,百利电气,C38电气机械和器材制造业,SH,2007-04-20,2007-05-25,8.76,17.74,1.0251141552511416,20,35,2581080.21,2974657389.0,148732869.45,False,False,False,2001-06-15,2135.0,1
sh600475,华光环能,N77生态保护和环境治理业,SH,2025-07-31,2025-08-25,13.97,28.15,1.0150322118826054,20,25,5057675.159999999,10222754511.0,511137725.55,False,False,False,2003-07-21,8046.0,1
sh600476,*ST湘邮,I65软件和信息技术服务业,SH,2014-07-25,2014-08-25,10.6,21.29,1.008490566037736,20,31,1779981.5899999999,2729248282.0,136462414.1,True,False,False,2003-12-10,3880.0,1
sh600477,杭萧钢构,C33金属制品业,SH,2007-01-26,2007-02-26,3.51,7.34,1.0911680911680914,20,31,1169855.9099999997,486154299.0,24307714.95,False,False,False,2003-11-10,1173.0,1
sh600478,科力远,C38电气机械和器材制造业,SH,2007-04-02,2007-05-16,8.6,17.3,1.0116279069767442,20,44,1231355.6600000001,1425951616.0,71297580.8,False,False,False,2003-09-18,1292.0,1
sh600480,凌云股份,C36汽车制造业,SH,2009-01-09,2009-02-12,4.54,9.62,1.1189427312775329,20,34,1988288.7799999998,1291549416.0,64577470.8,False,False,False,2003-08-15,1974.0,1
sh600481,双良节能,C34通用设备制造业,SH,2007-07-03,2007-08-01,14.49,30.07,1.075224292615597,20,29,2469278.3,5306210855.0,265310542.75,False,False,False,2003-04-22,1533.0,1
sh600482,中国动力,C37铁路、船舶、航空航天和其他运输设备制造业,SH,2007-07-17,2007-08-31,18.18,39.44,1.1694169416941693,20,45,899540.2899999999,2376294391.0,118814719.55,False,False,False,2004-07-14,1098.0,1
sh600483,福能股份,D44电力、热力生产和供应业,SH,2007-04-05,2007-05-09,5.71,12.36,1.1646234676007006,20,34,3214746.21,2537189133.0,126859456.65,False,False,False,2004-05-31,1039.0,1
sh600488,津药药业,C27医药制造业,SH,2026-03-23,2026-04-07,3.68,7.67,1.0842391304347827,20,15,6297643.710000001,3684812653.0,184240632.65,False,False,False,2001-06-18,9044.0,1
sh600489,中金黄金,B09有色金属矿采选业,SH,2006-03-29,2006-05-18,12.9,26.29,1.037984496124031,20,50,1564370.7600000002,2639379512.0,131968975.6,False,False,False,2003-08-14,958.0,1
sh600490,鹏欣资源,C32有色金属冶炼和压延加工业,SH,2014-07-21,2014-08-14,6.41,13.04,1.0343213728549139,20,24,11174311.72,10414134456.0,520706722.8,False,False,False,2003-06-26,4043.0,1
sh600493,凤竹纺织,C17纺织业,SH,2015-07-09,2015-07-27,7.48,18.0,1.406417112299465,20,18,4796985.6,5829147302.0,291457365.1,False,False,False,2004-04-21,4096.0,1
sh600495,晋西车轴,C37铁路、船舶、航空航天和其他运输设备制造业,SH,2015-07-09,2015-07-30,5.68,13.5,1.376760563380282,20,21,24967565.49,28123240744.0,1406162037.2,False,False,False,2004-05-26,4061.0,1
sh600499,科达制造,C35专用设备制造业,SH,2006-12-22,2007-01-23,4.96,10.31,1.0786290322580645,20,32,984113.96,676103016.0,33805150.8,False,False,False,2002-10-10,1534.0,1
sh600500,中化国际,C26化学原料和化学制品制造业,SH,2015-05-18,2015-06-12,12.53,25.1,1.0031923383878691,20,25,15786150.0,28487877536.0,1424393876.8,False,False,False,2000-03-01,5556.0,1
sh600501,航天晨光,C35专用设备制造业,SH,2024-07-18,2024-08-02,11.3,23.08,1.0424778761061946,20,15,5038812.85,8023741734.0,401187086.7,False,False,False,2001-06-15,8434.0,1
sh600502,安徽建工,E48土木工程建筑业,SH,2009-06-30,2009-07-27,6.16,12.36,1.0064935064935066,20,27,4117914.72,3597314712.0,179865735.6,False,False,False,2003-04-15,2268.0,1
sh600503,华丽家族,K70房地产业,SH,2005-08-30,2005-09-26,1.77,4.46,1.5197740112994351,20,27,186192.54,70703360.0,3535168.0,False,False,False,2002-07-09,1148.0,1
sh600506,统一股份,C25石油、煤炭及其他燃料加工业,SH,2007-01-26,2007-02-15,3.75,7.79,1.0773333333333333,20,20,1064286.05,521926154.0,26096307.7,False,False,False,2001-12-26,1857.0,1
sh600509,天富能源,D44电力、热力生产和供应业,SH,2006-12-29,2007-01-23,7.31,14.66,1.0054719562243504,20,25,1450022.0199999998,1477007504.0,73850375.2,False,False,False,2002-02-28,1765.0,1
sh600510,黑牡丹,K70房地产业,SH,2022-02-15,2022-03-08,7.46,14.98,1.0080428954423595,20,21,15706224.79,18680366148.0,934018307.4,False,False,False,2002-06-18,7182.0,1
sh600513,联环药业,C27医药制造业,SH,2010-08-06,2010-08-25,9.68,19.59,1.0237603305785123,20,19,2378464.7600000002,3632884262.0,181644213.1,False,False,False,2003-03-19,2697.0,1
sh600515,海南机场,K70房地产业,SH,2007-04-13,2007-04-13,8.0,16.0,1.0,20,0,4228647.47,4219848637.0,210992431.85,False,False,False,2002-08-06,1711.0,1
sh600516,方大炭素,C30非金属矿物制品业,SH,2017-06-22,2017-07-19,11.16,23.49,1.104838709677419,20,27,34991046.1,59834794749.0,2991739737.45,False,False,False,2002-08-30,5410.0,1
sh600517,国网英大,J69其他金融业,SH,2019-02-26,2019-04-09,4.13,8.51,1.0605326876513317,20,42,4366797.1,2082673947.0,104133697.35,False,False,False,2003-10-10,5618.0,1
sh600518,康美药业,C27医药制造业,SH,2019-01-31,2019-03-04,5.75,11.74,1.0417391304347827,20,32,43372275.09,39314777280.0,1965738864.0,False,False,False,2001-03-19,6527.0,1
sh600520,三佳科技,C35专用设备制造业,SH,2023-10-11,2023-11-07,13.73,28.14,1.04952658412236,20,27,8881771.26,19120999290.0,956049964.5,False,False,False,2002-01-08,7946.0,1
sh600522,中天科技,C38电气机械和器材制造业,SH,2021-10-22,2021-11-12,8.72,17.95,1.0584862385321099,20,21,34665568.01,48823892337.0,2441194616.85,False,False,False,2002-10-24,6938.0,1
sh600523,贵航股份,C36汽车制造业,SH,2006-04-25,2006-05-29,2.32,4.71,1.0301724137931036,20,34,1003219.7799999999,375700577.0,18785028.85,False,False,False,2001-12-27,1580.0,1
sh600526,菲达环保,C35专用设备制造业,SH,2007-06-04,2007-06-13,9.08,18.5,1.037444933920705,20,9,1856484.6199999999,2455890925.0,122794546.25,False,False,False,2002-07-22,1778.0,1
sh600527,江南高纤,C28化学纤维制造业,SH,2020-04-02,2020-04-16,2.27,4.88,1.1497797356828192,20,14,15639626.85,5400705877.0,270035293.85,False,False,False,2003-11-27,5971.0,1
sh600528,中铁工业,C35专用设备制造业,SH,2008-10-23,2008-11-14,4.42,9.08,1.054298642533937,20,22,9764255.96,6325520821.0,316276041.05,False,False,False,2001-05-28,2705.0,1
sh600530,ST交昂,C14食品制造业,SH,2025-04-29,2025-05-28,4.52,9.26,1.0486725663716814,20,29,9248343.46,6869749571.0,343487478.55,True,False,False,2001-07-02,8702.0,1
sh600531,豫光金铅,C32有色金属冶炼和压延加工业,SH,2010-09-16,2010-10-18,17.02,34.98,1.0552291421856639,20,32,3046712.73,7357997160.0,367899858.0,False,False,False,2002-07-30,2970.0,1
sh600536,中国软件,I65软件和信息技术服务业,SH,2009-03-02,2009-03-18,9.03,19.0,1.1040974529346625,20,16,1158347.3800000001,1577100710.0,78855035.5,False,False,False,2002-05-17,2481.0,1
sh600537,*ST亿晶,C38电气机械和器材制造业,SH,2009-07-30,2009-09-28,7.36,15.13,1.0557065217391304,20,60,2011974.9500000002,2239771391.0,111988569.55,True,False,False,2003-01-23,2380.0,1
sh600538,国发股份,F51批发业,SH,2007-08-10,2007-09-25,6.56,13.54,1.0640243902439024,20,46,2778743.83,2674390561.0,133719528.05,False,False,False,2003-01-14,1669.0,1
sh600539,狮头股份,F52零售业,SH,2025-01-24,2025-03-12,6.61,14.4,1.178517397881997,20,47,3734997.9599999995,3086329029.0,154316451.45,False,False,False,2001-08-24,8554.0,1
sh600545,卓郎智能,C35专用设备制造业,SH,2024-11-19,2024-12-12,1.87,4.0,1.1390374331550799,20,23,23732855.710000005,6580875569.0,329043778.45,False,False,False,2003-12-03,7657.0,1
sh600546,山煤国际,B06煤炭开采和洗选业,SH,2021-08-20,2021-09-10,7.25,14.8,1.0413793103448277,20,21,27514036.400000002,28426273882.0,1421313694.1,False,False,False,2003-07-31,6595.0,1
sh600547,山东黄金,B09有色金属矿采选业,SH,2006-04-14,2006-05-11,17.22,36.25,1.105110336817654,20,27,830645.71,1854860431.0,92743021.55,False,False,False,2003-08-28,960.0,1
sh600549,厦门钨业,C32有色金属冶炼和压延加工业,SH,2010-09-29,2010-11-01,31.9,67.0,1.1003134796238245,20,33,5806602.06,26138073984.0,1306903699.2,False,False,False,2002-11-07,2883.0,1
sh600550,保变电气,C38电气机械和器材制造业,SH,2020-02-10,2020-03-06,2.96,6.08,1.054054054054054,20,25,5345220.359999999,2248122780.0,112406139.0,False,False,False,2001-02-28,6921.0,1
sh600552,凯盛科技,C39计算机、通信和其他电子设备制造业,SH,2007-01-18,2007-02-14,3.58,7.61,1.1256983240223466,20,27,1467190.88,722735062.0,36136753.1,False,False,False,2002-11-08,1532.0,1
sh600556,天下秀,I64互联网和相关服务,SH,2008-11-26,2008-12-23,1.42,2.92,1.056338028169014,20,27,2684135.5900000003,567128248.0,28356412.4,False,False,False,2001-08-07,2668.0,1
sh600559,老白干酒,C15酒、饮料和精制茶制造业,SH,2007-09-11,2007-10-10,10.5,21.47,1.0447619047619048,20,29,1092955.43,1678986819.0,83949340.95,False,False,False,2002-10-29,1778.0,1
sh600560,金自天正,C35专用设备制造业,SH,2015-04-16,2015-05-14,14.33,28.88,1.0153524075366365,20,28,3042421.1500000004,6280159920.0,314007996.0,False,False,False,2002-09-19,4592.0,1
sh600562,国睿科技,C39计算机、通信和其他电子设备制造业,SH,2009-04-09,2009-06-03,6.59,15.83,1.4021244309559941,20,55,342393.55999999994,267087796.0,13354389.8,False,False,False,2003-01-28,2263.0,1
sh600567,山鹰国际,C22造纸和纸制品业,SH,2015-05-21,2015-06-17,4.21,8.5,1.0190023752969122,20,27,76190254.72000001,44705940896.0,2235297044.8,False,False,False,2001-12-18,4902.0,1
sh600570,恒生电子,I65软件和信息技术服务业,SH,2007-08-10,2007-09-03,18.3,37.08,1.026229508196721,20,24,608772.6300000001,1560516989.0,78025849.45,False,False,False,2003-12-16,1333.0,1
sh600571,信雅达,I65软件和信息技术服务业,SH,2015-03-18,2015-04-14,42.71,88.35,1.0686022008897211,20,27,1677629.63,10233298112.0,511664905.6,False,False,False,2002-11-01,4520.0,1
sh600576,祥源文旅,N78公共设施管理业,SH,2009-04-28,2009-06-26,6.18,13.46,1.1779935275080908,20,59,1435107.9700000002,1239236141.0,61961807.05,False,False,False,2003-02-20,2259.0,1
sh600578,京能电力,D44电力、热力生产和供应业,SH,2026-04-28,2026-05-26,4.78,9.89,1.0690376569037658,20,28,42712054.300000004,31805449303.0,1590272465.15,False,False,False,2002-05-10,8754.0,1
sh600579,中化装备,C35专用设备制造业,SH,2020-02-07,2020-03-05,5.3,11.33,1.1377358490566039,20,27,3678436.62,3070898609.0,153544930.45,False,False,False,2002-08-09,6391.0,1
sh600581,*ST八钢,C31黑色金属冶炼和压延加工业,SH,2007-08-13,2007-09-07,8.3,16.94,1.040963855421687,20,25,4348483.58,5205032220.0,260251611.0,True,False,False,2002-08-16,1823.0,1
sh600584,长电科技,C39计算机、通信和其他电子设备制造业,SH,2020-06-15,2020-07-14,26.51,53.43,1.0154658619388908,20,29,22708920.96,83367609457.0,4168380472.85,False,False,False,2003-06-03,6222.0,1
sh600586,金晶科技,C30非金属矿物制品业,SH,2007-06-05,2007-06-27,10.58,22.1,1.0888468809073726,20,22,1561298.7400000002,2575416501.0,128770825.05,False,False,False,2002-08-15,1755.0,1
sh600588,用友网络,I65软件和信息技术服务业,SH,2025-01-13,2025-02-17,9.58,19.19,1.0031315240083507,20,35,23509751.11,34999066596.0,1749953329.8,False,False,False,2001-05-18,8641.0,1
sh600589,大位科技,I65软件和信息技术服务业,SH,2015-10-16,2015-12-04,7.16,14.48,1.022346368715084,20,49,5949721.12,5861079904.0,293053995.2,False,False,False,2001-06-12,5239.0,1
sh600590,泰豪科技,C38电气机械和器材制造业,SH,2025-02-05,2025-02-25,4.65,9.88,1.1247311827956987,20,20,10613251.53,7458935096.0,372946754.8,False,False,False,2002-07-03,8253.0,1
sh600592,龙溪股份,C34通用设备制造业,SH,2025-04-09,2025-05-08,13.67,29.8,1.1799561082662766,20,29,8507589.33,16819752847.0,840987642.35,False,False,False,2002-08-05,8283.0,1
sh600593,大连圣亚,N78公共设施管理业,SH,2008-10-27,2008-11-17,3.1,6.25,1.0161290322580645,20,21,1122074.3900000001,538950137.0,26947506.85,False,False,False,2002-07-11,2300.0,1
sh600594,益佰制药,C27医药制造业,SH,2007-07-27,2007-08-22,14.21,28.5,1.0056298381421533,20,26,759949.15,1516501913.0,75825095.65,False,False,False,2004-03-23,1221.0,1
sh600595,中孚实业,C32有色金属冶炼和压延加工业,SH,2006-04-14,2006-05-16,4.32,9.14,1.115740740740741,20,32,1873384.9699999997,1111904803.0,55595240.15,False,False,False,2002-06-26,1388.0,1
sh600596,新安股份,C26化学原料和化学制品制造业,SH,2021-08-05,2021-08-31,21.38,44.78,1.0944808231992518,20,26,14383067.619999997,45094911781.0,2254745589.05,False,False,False,2001-09-06,7273.0,1
sh600598,北大荒,A01农业,SH,2015-07-09,2015-07-30,8.61,17.47,1.0290360046457607,20,21,9438073.24,13055587088.0,652779354.4,False,False,False,2002-03-29,4850.0,1
sh600602,云赛智联,I65软件和信息技术服务业,SH,2023-05-25,2023-06-20,8.85,17.79,1.0101694915254238,20,26,14284677.010000002,19015008319.0,950750415.95,False,False,False,1990-12-19,11845.0,1
sh600604,市北高新,K70房地产业,SH,2015-08-27,2015-09-16,9.15,19.32,1.1114754098360655,20,20,2368257.19,3451070580.0,172553529.0,False,False,False,1992-03-27,8553.0,1
sh600605,汇通能源,K70房地产业,SH,2022-09-15,2022-10-17,9.07,18.3,1.0176405733186327,20,32,2310955.41,3453285699.0,172664284.95,False,False,False,1992-03-27,11129.0,1
sh600606,绿地控股,E48土木工程建筑业,SH,2006-07-05,2006-08-01,4.43,8.97,1.0248306997742667,20,27,2905563.48,1810219882.0,90510994.1,False,False,False,1992-03-27,5213.0,1
sh600609,金杯汽车,C36汽车制造业,SH,2012-09-24,2012-10-24,2.24,4.86,1.1696428571428572,20,30,6727809.49,2486013938.0,124300696.9,False,False,False,1992-07-24,7367.0,1
sh600610,中毅达,C26化学原料和化学制品制造业,SH,2006-04-26,2006-05-29,3.21,6.46,1.0124610591900312,20,33,573110.05,301066064.0,15053303.2,False,False,False,1992-08-05,5012.0,1
sh600611,大众交通,G54道路运输业,SH,2007-03-28,2007-04-24,10.71,21.64,1.0205415499533146,20,27,3657197.29,5298495582.0,264924779.1,False,False,False,1992-08-07,5346.0,1
sh600613,神奇制药,C27医药制造业,SH,2006-04-10,2006-06-01,7.48,14.97,1.001336898395722,20,52,112488.34,115186027.0,5759301.35,False,False,False,1992-08-20,4981.0,1
sh600615,鑫源智造,C33金属制品业,SH,2005-07-20,2005-08-11,1.91,3.84,1.0104712041884816,20,22,37582.920000000006,9539414.0,476970.7,False,False,False,1992-09-10,4696.0,1
sh600616,金枫酒业,C15酒、饮料和精制茶制造业,SH,2020-12-03,2020-12-23,6.08,13.13,1.1595394736842106,20,20,16829855.24,14262094115.0,713104705.75,False,False,False,1992-09-29,10292.0,1
sh600617,国新能源,D45燃气生产和供应业,SH,2007-02-06,2007-02-26,6.14,12.8,1.0846905537459284,20,20,177254.53,168248692.0,8412434.6,False,False,False,1992-10-13,5229.0,1
sh600618,氯碱化工,C26化学原料和化学制品制造业,SH,2005-07-21,2005-08-16,3.03,6.37,1.1023102310231025,20,26,237205.49999999997,113951399.0,5697569.95,False,False,False,1992-11-13,4633.0,1
sh600619,海立股份,C34通用设备制造业,SH,2024-09-09,2024-10-09,4.96,10.37,1.0907258064516125,20,30,18277549.32,14010093813.0,700504690.65,False,False,False,1992-11-16,11620.0,1
sh600620,天宸股份,S91综合,SH,2015-07-07,2015-07-23,9.19,19.35,1.1055495103373234,20,16,5800736.96,8650375848.0,432518792.4,False,False,False,1992-11-17,8267.0,1
sh600622,光大嘉宝,K70房地产业,SH,2015-07-09,2015-07-24,7.36,14.75,1.0040760869565215,20,15,6267203.1899999995,7295493010.0,364774650.5,False,False,False,1992-12-03,8253.0,1
sh600623,华谊集团,C26化学原料和化学制品制造业,SH,2005-07-19,2005-08-15,3.38,7.05,1.0857988165680474,20,27,192098.36000000002,100574588.0,5028729.4,False,False,False,1992-12-04,4610.0,1
sh600624,ST复华,C27医药制造业,SH,2008-01-17,2008-02-18,7.7,15.95,1.0714285714285712,20,32,7687458.68,9337303526.0,466865176.3,True,False,False,1993-01-05,5490.0,1
sh600626,申达股份,C17纺织业,SH,2013-08-09,2013-09-05,3.23,6.6,1.043343653250774,20,27,6841438.49,3343222338.0,167161116.9,False,False,False,1993-01-07,7519.0,1
sh600629,华建集团,M74专业技术服务业,SH,2023-04-11,2023-05-04,5.16,10.73,1.0794573643410854,20,23,12967750.530000001,9473476698.0,473673834.9,False,False,False,1993-02-09,11018.0,1
sh600630,龙头股份,C18纺织服装、服饰业,SH,2008-02-01,2008-03-05,8.4,17.02,1.026190476190476,20,33,9242297.009999998,11419139869.0,570956993.45,False,False,False,1993-02-09,5470.0,1
sh600633,浙数文化,I64互联网和相关服务,SH,2002-04-18,2002-04-30,11.35,24.33,1.143612334801762,20,12,504705.27999999997,1001302609.0,50065130.45,False,False,False,1993-03-04,3332.0,1
sh600635,大众公用,D45燃气生产和供应业,SH,2007-04-04,2007-05-08,7.11,15.17,1.1336146272855134,20,34,8561701.080000002,8304934997.0,415246749.85,False,False,False,1993-03-04,5144.0,1
sh600638,新黄浦,K70房地产业,SH,2007-01-18,2007-02-13,5.43,11.01,1.0276243093922655,20,26,3772311.49,3072243620.0,153612181.0,False,False,False,1993-03-26,5046.0,1
sh600639,浦东金桥,K70房地产业,SH,2013-08-09,2013-09-02,7.28,15.58,1.14010989010989,20,24,4605142.300000001,5051399794.0,252569989.7,False,False,False,1993-03-26,7441.0,1
sh600640,国脉文化,I64互联网和相关服务,SH,2006-12-28,2007-01-25,6.98,13.97,1.001432664756447,20,28,765604.8200000002,726838362.0,36341918.1,False,False,False,1993-04-07,5013.0,1
sh600641,先导基电,K70房地产业,SH,2026-06-08,2026-07-03,24.21,50.99,1.1061544816191655,20,25,17351001.759999998,62702716940.0,3135135847.0,False,False,False,1993-04-07,12115.0,1
sh600643,爱建集团,J69其他金融业,SH,2013-08-19,2013-09-10,6.57,13.28,1.0213089802130897,20,22,10719199.23,10323378996.0,516168949.8,False,False,False,1993-04-26,7420.0,1
sh600644,乐山电力,D44电力、热力生产和供应业,SH,2025-04-08,2025-04-22,6.34,12.94,1.0410094637223977,20,14,9476692.94,8619933930.0,430996696.5,False,False,False,1993-04-26,11670.0,1
sh600648,外高桥,F51批发业,SH,2009-01-05,2009-02-05,7.2,14.68,1.0388888888888888,20,31,2394242.0200000005,2885243550.0,144262177.5,False,False,False,1993-05-04,5725.0,1
sh600649,城投控股,K70房地产业,SH,2015-06-26,2015-07-15,7.73,15.48,1.0025873221216042,20,19,21340860.859999996,27713030444.0,1385651522.2,False,False,False,1993-05-18,8074.0,1
sh600650,锦江在线,G54道路运输业,SH,2013-08-06,2013-09-02,6.18,13.08,1.116504854368932,20,27,1419264.95,1425754428.0,71287721.4,False,False,False,1993-06-07,7365.0,1
sh600651,飞乐音响,C38电气机械和器材制造业,SH,2004-10-29,2004-11-30,4.75,9.92,1.088421052631579,20,32,1734747.3099999998,1342989636.0,67149481.8,False,False,False,1990-12-19,5063.0,1
sh600653,申华控股,F52零售业,SH,2024-10-11,2024-10-31,1.38,2.76,1.0,20,20,17199941.83,3388580601.0,169429030.05,False,False,False,1990-12-19,12350.0,1
sh600654,中安科,L72商务服务业,SH,2015-05-07,2015-05-27,17.5,35.7,1.04,20,20,7720454.4799999995,18713292128.0,935664606.4,False,False,False,1990-12-19,8905.0,1
sh600655,豫园股份,F52零售业,SH,2007-04-05,2007-05-09,17.66,35.79,1.026613816534541,20,34,1756923.62,4395701175.0,219785058.75,False,False,False,1992-09-02,5328.0,1
sh600657,信达地产,K70房地产业,SH,2006-08-08,2006-09-05,1.78,3.69,1.0730337078651684,20,28,4391267.789999999,1190174333.0,59508716.65,False,False,False,1993-05-24,4824.0,1
sh600661,昂立教育,P83教育,SH,2013-08-27,2013-09-09,7.44,16.6,1.231182795698925,20,13,2355183.8099999996,3336820100.0,166841005.0,False,False,False,1993-06-14,7379.0,1
sh600662,外服控股,L72商务服务业,SH,2007-04-25,2007-05-25,9.6,19.98,1.0812500000000003,20,30,8569779.059999999,11355119092.0,567755954.6,False,False,False,1993-06-14,5063.0,1
sh600663,陆家嘴,K70房地产业,SH,2013-08-06,2013-09-02,10.57,21.25,1.0104068117313152,20,27,2836144.61,4497838413.0,224891920.65,False,False,False,1993-06-28,7344.0,1
sh600664,哈药股份,C27医药制造业,SH,2026-06-29,2026-07-21,2.84,5.84,1.056338028169014,20,22,41086381.73,18873426552.0,943671327.6,False,False,False,1993-06-29,12053.0,1
sh600666,奥瑞德,C30非金属矿物制品业,SH,2014-08-12,2014-09-03,8.04,21.47,1.6703980099502491,20,22,5842900.76,11049254383.0,552462719.15,False,False,False,1993-07-12,7701.0,1
sh600667,太极实业,E48土木工程建筑业,SH,2026-05-29,2026-06-26,12.67,27.84,1.1973164956590372,20,28,65836023.8,118343006411.0,5917150320.55,False,False,False,1993-07-28,11993.0,1
sh600668,尖峰集团,C30非金属矿物制品业,SH,2007-01-05,2007-02-01,2.27,4.6,1.0264317180616738,20,27,3274027.7299999995,1137337638.0,56866881.9,False,False,False,1993-07-28,4909.0,1
sh600673,东阳光,S91综合,SH,2006-08-21,2006-09-14,3.65,7.34,1.010958904109589,20,24,592894.3,347913518.0,17395675.9,False,False,False,1993-09-17,4721.0,1
sh600674,川投能源,D44电力、热力生产和供应业,SH,2007-10-12,2007-11-30,12.74,26.97,1.116954474097331,20,49,2980283.15,5450321697.0,272516084.85,False,False,False,1993-09-24,5131.0,1
sh600676,久事动娱,G54道路运输业,SH,2007-04-04,2007-05-09,7.84,16.87,1.1517857142857144,20,35,4637024.18,5046067288.0,252303364.4,False,False,False,1993-09-28,4936.0,1
sh600678,ST金顶,C30非金属矿物制品业,SH,2007-04-04,2007-05-10,5.52,11.43,1.0706521739130435,20,36,2267087.1100000003,1902885698.0,95144284.9,True,False,False,1993-10-08,4926.0,1
sh600679,上海凤凰,C37铁路、船舶、航空航天和其他运输设备制造业,SH,2008-11-07,2008-12-04,2.99,6.13,1.0501672240802673,20,27,785845.8999999999,348209631.0,17410481.55,False,False,False,1993-10-08,5509.0,1
sh600681,百川能源,D45燃气生产和供应业,SH,2007-02-08,2007-03-14,1.69,3.79,1.2426035502958581,20,34,987514.24,288164887.0,14408244.35,False,False,False,1993-10-18,4861.0,1
sh600682,南京新百,C27医药制造业,SH,2015-04-01,2015-04-28,28.45,60.19,1.115641476274165,20,27,1528882.46,6259135440.0,312956772.0,False,False,False,1993-10-18,7835.0,1
sh600683,京投发展,K70房地产业,SH,2021-08-16,2021-09-10,3.42,7.11,1.0789473684210527,20,25,2149001.14,1140996183.0,57049809.15,False,False,False,1993-10-25,10157.0,1
sh600685,中船防务,C37铁路、船舶、航空航天和其他运输设备制造业,SH,2006-06-16,2006-07-13,6.12,12.5,1.0424836601307188,20,27,1339798.54,1207472667.0,60373633.35,False,False,False,1993-10-28,4614.0,1
sh600686,金龙汽车,C36汽车制造业,SH,2015-07-09,2015-08-11,12.98,26.98,1.078582434514638,20,33,2157098.95,4263236932.0,213161846.6,False,False,False,1993-11-08,7913.0,1
sh600689,上海三毛,F51批发业,SH,2015-09-28,2015-11-04,8.93,18.99,1.1265397536394177,20,37,3294007.12,4179076789.0,208953839.45,False,False,False,1993-11-08,7994.0,1
sh600693,东百集团,F52零售业,SH,2024-12-06,2025-01-02,3.83,7.7,1.010443864229765,20,27,18785452.1,9783437499.0,489171874.95,False,False,False,1993-11-22,11337.0,1
sh600698,湖南天雁,C36汽车制造业,SH,2021-11-17,2021-12-14,3.05,6.48,1.1245901639344265,20,27,6511029.699999999,3385987508.0,169299375.4,False,False,False,1993-12-06,10208.0,1
sh600699,均胜电子,C39计算机、通信和其他电子设备制造业,SH,2007-02-08,2007-03-14,2.77,5.68,1.0505415162454872,20,34,2290498.77,902702095.0,45135104.75,False,False,False,1993-12-06,4812.0,1
sh600703,三安光电,C39计算机、通信和其他电子设备制造业,SH,2009-12-18,2010-01-13,36.8,74.5,1.0244565217391304,20,26,787370.22,4147473030.0,207373651.5,False,False,False,1996-05-28,4952.0,1
sh600704,物产中大,F51批发业,SH,2015-07-08,2015-07-28,12.69,25.89,1.0401891252955084,20,20,9950581.59,19191183295.0,959559164.75,False,False,False,1996-06-06,6971.0,1
sh600707,彩虹股份,C39计算机、通信和其他电子设备制造业,SH,2020-11-06,2020-12-03,4.19,8.6,1.0525059665871117,20,27,6687805.339999999,3778730013.0,188936500.65,False,False,False,1996-05-20,8936.0,1
sh600711,盛屯矿业,B09有色金属矿采选业,SH,2007-08-21,2007-10-12,12.98,27.07,1.0855161787365177,20,52,251792.80000000005,448680683.0,22434034.15,False,False,False,1996-05-31,4099.0,1
sh600712,南宁百货,F52零售业,SH,2015-05-18,2015-06-12,9.35,19.0,1.0320855614973263,20,25,8165353.700000001,11422543040.0,571127152.0,False,False,False,1996-06-26,6900.0,1
sh600713,南京医药,F51批发业,SH,2006-09-18,2006-10-20,3.84,7.78,1.026041666666667,20,32,1770538.8800000001,1025770325.0,51288516.25,False,False,False,1996-07-01,3731.0,1
sh600714,金瑞矿业,C26化学原料和化学制品制造业,SH,2007-12-07,2008-01-17,8.06,16.59,1.0583126550868487,20,41,516516.30999999994,703217742.0,35160887.1,False,False,False,1996-06-06,4201.0,1
sh600715,文投控股,R87广播、电视、电影和录音制作业,SH,2007-04-20,2007-05-24,6.7,13.6,1.0298507462686568,20,34,959633.0500000002,838481115.0,41924055.75,False,False,False,1996-07-01,3945.0,1
sh600716,凤凰股份,K70房地产业,SH,2007-02-09,2007-03-15,2.92,6.16,1.1095890410958904,20,34,5107309.84,2257274815.0,112863740.75,False,False,False,1996-07-02,3874.0,1
sh600719,大连热电,D44电力、热力生产和供应业,SH,2023-06-20,2023-07-17,4.81,9.74,1.0249480249480252,20,27,4533462.89,3384506293.0,169225314.65,False,False,False,1996-07-16,9835.0,1
sh600720,中交设计,M74专业技术服务业,SH,2008-04-22,2008-05-21,5.21,10.74,1.0614203454894433,20,29,3388270.6399999997,2935249408.0,146762470.4,False,False,False,1996-07-16,4298.0,1
sh600721,百花医药,M73研究和试验发展,SH,2006-05-10,2006-06-06,1.96,4.11,1.0969387755102042,20,27,426325.36000000004,121641196.0,6082059.8,False,False,False,1996-06-26,3605.0,1
sh600722,金牛化工,C26化学原料和化学制品制造业,SH,2007-02-08,2007-03-15,2.49,5.19,1.0843373493975905,20,35,2660009.78,1009325281.0,50466264.05,False,False,False,1996-06-26,3879.0,1
sh600725,云维股份,F51批发业,SH,2015-04-21,2015-05-04,5.52,11.85,1.1467391304347827,20,13,7352273.69,6775266706.0,338763335.3,False,False,False,1996-07-02,6867.0,1
sh600726,华电能源,D44电力、热力生产和供应业,SH,2015-05-29,2015-06-26,7.42,16.1,1.1698113207547172,20,28,23026161.639999997,25510562656.0,1275528132.8,False,False,False,1996-07-01,6906.0,1
sh600728,佳都科技,I65软件和信息技术服务业,SH,2015-03-17,2015-04-14,17.51,36.12,1.0628212450028554,20,28,4915872.29,12709569904.0,635478495.2,False,False,False,1996-07-16,6818.0,1
sh600730,*ST高科,P83教育,SH,2007-03-19,2007-04-13,5.8,12.38,1.13448275862069,20,25,1350430.72,1061249762.0,53062488.1,True,False,False,1996-07-26,3888.0,1
sh600732,爱旭股份,C38电气机械和器材制造业,SH,2022-04-27,2022-05-11,10.49,21.1,1.011439466158246,20,14,2731181.6800000006,3488338733.0,174416936.65,False,False,False,1996-08-16,9385.0,1
sh600733,北汽蓝谷,C36汽车制造业,SH,2007-02-06,2007-03-13,6.93,17.49,1.5238095238095237,20,35,11853.82,15789524.0,789476.2,False,False,False,1996-08-16,3826.0,1
sh600734,*ST实达,I65软件和信息技术服务业,SH,2015-10-27,2015-11-20,6.9,14.11,1.0449275362318837,20,24,4940135.2299999995,5054146736.0,252707336.8,True,False,False,1996-08-08,7019.0,1
sh600735,ST新华锦,C41其他制造业,SH,2015-11-19,2015-12-16,12.33,26.35,1.137064071370641,20,27,5162396.8100000005,11508452261.0,575422613.05,True,False,False,1996-07-26,7055.0,1
sh600737,中粮糖业,C13农副食品加工业,SH,2015-07-09,2015-07-24,11.9,24.47,1.0563025210084032,20,15,30779342.039999995,54833021952.0,2741651097.6,False,False,False,1996-07-31,6917.0,1
sh600738,丽尚国潮,F52零售业,SH,2007-07-06,2007-08-01,6.4,13.16,1.05625,20,26,1572699.52,1569720794.0,78486039.7,False,False,False,1996-08-02,3990.0,1
sh600739,辽宁成大,F51批发业,SH,2006-03-27,2006-04-24,3.17,6.35,1.003154574132492,20,28,2776508.87,1237025689.0,61851284.45,False,False,False,1996-08-19,3507.0,1
sh600740,山西焦化,C25石油、煤炭及其他燃料加工业,SH,2021-08-19,2021-09-08,5.16,10.35,1.005813953488372,20,20,29358043.269999996,20684920629.0,1034246031.45,False,False,False,1996-08-08,9142.0,1
sh600742,富维股份,C36汽车制造业,SH,2007-04-19,2007-05-22,7.45,16.27,1.1838926174496645,20,33,3001868.3000000003,3123292432.0,156164621.6,False,False,False,1996-08-26,3888.0,1
sh600743,华远控股,K70房地产业,SH,2007-03-05,2007-04-02,4.9,12.4,1.5306122448979589,20,28,290084.77,304265886.0,15213294.3,False,False,False,1996-09-09,3829.0,1
sh600744,华银电力,D44电力、热力生产和供应业,SH,2015-04-16,2015-05-14,6.21,12.5,1.0128824476650564,20,28,11949081.61,11026070800.0,551303540.0,False,False,False,1996-09-05,6797.0,1
sh600745,*ST闻泰,C39计算机、通信和其他电子设备制造业,SH,2015-04-16,2015-05-14,14.93,41.99,1.8124581379772273,20,28,2019896.5699999998,6037163151.0,301858157.55,True,False,False,1996-08-28,6805.0,1
sh600746,江苏索普,C26化学原料和化学制品制造业,SH,2007-02-01,2007-03-02,3.46,6.95,1.008670520231214,20,29,2256985.03,1061952202.0,53097610.1,False,False,False,1996-09-18,3788.0,1
sh600748,上实发展,K70房地产业,SH,2007-07-02,2007-08-17,18.01,36.45,1.0238756246529706,20,46,1473893.6800000002,3739956329.0,186997816.45,False,False,False,1996-09-25,3932.0,1
sh600749,西藏旅游,N78公共设施管理业,SH,2015-07-09,2015-07-31,9.16,22.52,1.4585152838427948,20,22,2258966.3,3709644989.0,185482249.45,False,False,False,1996-10-15,6841.0,1
sh600751,海航科技,G55水上运输业,SH,2013-07-09,2013-09-02,3.1,6.75,1.1774193548387095,20,55,6375567.49,2865952663.0,143297633.15,False,False,False,1996-09-09,6147.0,1
sh600753,ST海钦,F51批发业,SH,2007-04-13,2007-05-22,6.68,13.5,1.0209580838323356,20,39,755053.48,687608471.0,34380423.55,True,False,False,1996-09-27,3850.0,1
sh600756,浪潮软件,I65软件和信息技术服务业,SH,2004-11-02,2004-11-19,9.01,18.05,1.0033296337402886,20,17,283110.0,406412538.0,20320626.9,False,False,False,1996-09-23,2962.0,1
sh600758,辽宁能源,B06煤炭开采和洗选业,SH,2019-03-28,2019-04-22,3.83,8.01,1.0913838120104438,20,25,5074079.430000001,2752401382.0,137620069.1,False,False,False,1996-10-29,8185.0,1
sh600759,ST洲际,B07石油和天然气开采业,SH,2026-01-06,2026-01-30,3.0,6.24,1.08,20,24,138052839.58,56694882022.0,2834744101.1,True,False,False,1996-10-08,10682.0,1
sh600760,中航沈飞,C37铁路、船舶、航空航天和其他运输设备制造业,SH,2016-12-13,2017-01-13,10.23,24.6,1.404692082111437,20,31,1334160.52,3009196065.0,150459803.25,False,False,False,1996-10-11,7368.0,1
sh600763,通策医疗,Q84卫生,SH,2007-01-04,2007-01-31,4.52,9.1,1.0132743362831858,20,27,322737.08999999997,234727706.0,11736385.3,False,False,False,1996-10-30,3718.0,1
sh600764,中国海防,C39计算机、通信和其他电子设备制造业,SH,2006-04-28,2006-05-23,3.56,7.5,1.106741573033708,20,25,1603266.54,813121587.0,40656079.35,False,False,False,1996-11-04,3462.0,1
sh600765,中航重机,C37铁路、船舶、航空航天和其他运输设备制造业,SH,2006-09-07,2006-10-10,6.31,12.9,1.0443740095087164,20,33,576956.77,524482443.0,26224122.15,False,False,False,1996-11-06,3592.0,1
sh600768,富邦新材,C32有色金属冶炼和压延加工业,SH,2015-07-09,2015-07-24,11.1,22.64,1.0396396396396397,20,15,1664116.4799999997,2856952712.0,142847635.6,False,False,False,1996-11-11,6814.0,1
sh600770,综艺股份,D44电力、热力生产和供应业,SH,2024-09-18,2024-10-21,2.24,4.58,1.0446428571428568,20,33,10401760.570000002,3456018523.0,172800926.15,False,False,False,1996-11-20,10164.0,1
sh600771,广誉远,C27医药制造业,SH,2006-04-07,2006-05-12,4.95,9.91,1.0020202020202018,20,35,461556.96,313159712.0,15657985.6,False,False,False,1996-11-05,3440.0,1
sh600773,西藏城投,K70房地产业,SH,2010-08-13,2010-09-10,10.36,20.93,1.0202702702702702,20,28,6181286.540000001,9270257416.0,463512870.8,False,False,False,1996-11-08,5026.0,1
sh600775,南京熊猫,C39计算机、通信和其他电子设备制造业,SH,2023-10-24,2023-11-20,7.69,16.37,1.1287386215864759,20,27,7524582.63,8632739162.0,431636958.1,False,False,False,1996-11-18,9836.0,1
sh600776,东方通信,C39计算机、通信和其他电子设备制造业,SH,2006-04-26,2006-05-18,2.97,6.03,1.0303030303030303,20,22,911133.37,370466247.0,18523312.35,False,False,False,1996-11-26,3438.0,1
sh600777,新潮能源,B07石油和天然气开采业,SH,2021-08-20,2021-09-16,1.52,3.09,1.0328947368421053,20,27,109530773.1,24658400516.0,1232920025.8,False,False,False,1996-11-21,9038.0,1
sh600778,友好集团,F52零售业,SH,2024-11-20,2024-12-17,5.24,10.81,1.0629770992366412,20,27,3403223.16,2744626354.0,137231317.7,False,False,False,1996-12-03,10214.0,1
sh600782,新钢股份,C31黑色金属冶炼和压延加工业,SH,2007-02-28,2007-04-10,5.26,10.67,1.0285171102661597,20,41,1192718.56,848773380.0,42438669.0,False,False,False,1996-12-25,3717.0,1
sh600783,鲁信创投,J67资本市场服务,SH,2008-12-31,2009-02-06,8.02,17.58,1.192019950124688,20,37,1400955.11,1659011304.0,82950565.2,False,False,False,1996-12-25,4389.0,1
sh600784,鲁银投资,C14食品制造业,SH,2006-12-13,2007-01-11,2.81,5.93,1.1103202846975089,20,29,3859788.72,1681302976.0,84065148.8,False,False,False,1996-12-25,3640.0,1
sh600785,新华百货,F52零售业,SH,2026-01-08,2026-02-04,13.58,27.76,1.0441826215022094,20,27,6281518.490000001,13453299035.0,672664951.75,False,False,False,1997-01-08,10592.0,1
sh600789,鲁抗医药,C27医药制造业,SH,2015-05-08,2015-06-04,11.41,23.5,1.0595968448729183,20,27,11898716.46,19835544832.0,991777241.6,False,False,False,1997-02-26,6645.0,1
sh600791,京能置业,K70房地产业,SH,2007-07-06,2007-08-03,7.56,16.35,1.162698412698413,20,28,1909760.3499999996,2385354323.0,119267716.15,False,False,False,1997-01-30,3809.0,1
sh600793,宜宾纸业,C22造纸和纸制品业,SH,2020-12-24,2021-01-14,7.72,15.97,1.0686528497409329,20,21,1142953.98,1374496133.0,68724806.65,False,False,False,1997-02-20,8708.0,1
sh600797,浙大网新,I65软件和信息技术服务业,SH,2015-06-01,2015-06-16,10.01,28.55,1.8521478521478523,20,15,10919885.370000001,22332444519.0,1116622225.95,False,False,False,1997-04-18,6618.0,1
sh600798,宁波海运,G55水上运输业,SH,2020-12-11,2021-01-06,3.31,6.67,1.0151057401812689,20,26,16040496.540000001,8047269867.0,402363493.35,False,False,False,1997-04-23,8633.0,1
sh600800,渤海化学,C26化学原料和化学制品制造业,SH,2012-08-21,2012-09-20,2.33,4.8,1.0600858369098711,20,30,4894776.1,1800344206.0,90017210.3,False,False,False,1993-12-06,6833.0,1
sh600807,济高发展,C27医药制造业,SH,2009-06-30,2009-08-26,6.95,19.44,1.7971223021582734,20,57,2344106.65,2967764344.0,148388217.2,False,False,False,1994-01-03,5657.0,1
sh600809,山西汾酒,C15酒、饮料和精制茶制造业,SH,2006-03-17,2006-05-16,9.79,19.6,1.0020429009193057,20,60,1215816.9099999997,1894060500.0,94703025.0,False,False,False,1994-01-06,4453.0,1
sh600812,华北制药,C27医药制造业,SH,2019-08-06,2019-08-28,3.96,8.67,1.1893939393939394,20,22,5691406.149999999,3760620109.0,188031005.45,False,False,False,1994-01-14,9335.0,1
sh600815,厦工股份,C35专用设备制造业,SH,2008-11-04,2008-11-18,3.03,6.06,1.0,20,14,2492824.7,1214818985.0,60740949.25,False,False,False,1994-01-28,5394.0,1
sh600816,建元信托,J69其他金融业,SH,2007-01-16,2007-01-29,5.27,12.43,1.3586337760910818,20,13,3726625.21,3983920098.0,199196004.9,False,False,False,1994-01-28,4736.0,1
sh600818,ST中路,C37铁路、船舶、航空航天和其他运输设备制造业,SH,2008-11-07,2008-11-26,4.48,9.76,1.1785714285714284,20,19,556704.95,398012753.0,19900637.65,True,False,False,1994-01-28,5397.0,1
sh600819,耀皮玻璃,C30非金属矿物制品业,SH,2007-04-25,2007-05-29,10.1,21.0,1.0792079207920793,20,34,1468585.75,2297920842.0,114896042.1,False,False,False,1994-01-28,4835.0,1
sh600820,隧道股份,E48土木工程建筑业,SH,2015-07-09,2015-07-30,7.31,14.87,1.0341997264021887,20,21,33081325.040000003,39123482248.0,1956174112.4,False,False,False,1994-01-28,7832.0,1
sh600821,金开新能,D44电力、热力生产和供应业,SH,2026-02-06,2026-03-13,5.5,11.18,1.0327272727272727,20,35,52918885.690000005,44428077184.0,2221403859.2,False,False,False,1994-01-28,11697.0,1
sh600822,上海物贸,F51批发业,SH,2013-08-01,2013-08-27,5.35,10.9,1.0373831775700935,20,26,5525959.4399999995,4560111152.0,228005557.6,False,False,False,1994-02-04,7118.0,1
sh600824,益民集团,F52零售业,SH,2024-11-25,2024-12-19,3.58,7.64,1.1340782122905027,20,24,12340574.389999999,6987291329.0,349364566.45,False,False,False,1994-02-04,11252.0,1
sh600825,新华传媒,R86新闻和出版业,SH,2006-04-10,2006-05-12,5.86,12.49,1.1313993174061432,20,32,1234503.8100000003,998940778.0,49947038.9,False,False,False,1994-02-04,4448.0,1
sh600826,兰生股份,L72商务服务业,SH,2007-04-04,2007-05-08,13.27,27.12,1.0437076111529766,20,34,2669510.8200000003,4947733144.0,247386657.2,False,False,False,1994-02-04,4807.0,1
sh600827,百联股份,F52零售业,SH,2020-05-25,2020-06-19,7.83,16.2,1.068965517241379,20,25,9902592.55,11765287169.0,588264358.45,False,False,False,1994-02-04,9607.0,1
sh600828,茂业商业,F52零售业,SH,2025-04-07,2025-04-30,2.84,5.8,1.0422535211267605,20,23,9514846.62,3921444677.0,196072233.85,False,False,False,1994-02-24,11365.0,1
sh600829,人民同泰,F51批发业,SH,2006-12-19,2007-01-18,10.2,21.2,1.0784313725490198,20,30,687250.1400000001,966276945.0,48313847.25,False,False,False,1994-02-24,4681.0,1
sh600834,申通地铁,S91综合,SH,2015-05-07,2015-06-02,13.7,29.79,1.1744525547445255,20,26,3546939.87,7219034904.0,360951745.2,False,False,False,1994-02-24,7742.0,1
sh600838,上海九百,F52零售业,SH,2015-08-03,2015-08-17,8.6,18.89,1.1965116279069767,20,14,5742531.79,7206298064.0,360314903.2,False,False,False,1994-02-24,7830.0,1
sh600839,四川长虹,C39计算机、通信和其他电子设备制造业,SH,2024-09-18,2024-10-22,4.6,9.81,1.1326086956521744,20,34,73273943.07000001,45475465203.0,2273773260.15,False,False,False,1994-03-11,11149.0,1
sh600843,上工申贝,C35专用设备制造业,SH,2024-09-25,2024-10-29,7.35,15.19,1.0666666666666669,20,34,12642744.61,11362782921.0,568139146.05,False,False,False,1994-03-11,11156.0,1
sh600844,金煤科技,C26化学原料和化学制品制造业,SH,2006-05-24,2006-06-15,3.79,7.81,1.0606860158311346,20,22,157280.86000000002,88218635.0,4410931.75,False,False,False,1994-03-11,4457.0,1
sh600847,万里股份,C38电气机械和器材制造业,SH,2021-11-10,2021-12-06,8.52,18.05,1.1185446009389675,20,26,650448.27,859191218.0,42959560.9,False,False,False,1994-03-24,10093.0,1
sh600848,上海临港,K70房地产业,SH,2007-04-12,2007-05-18,6.82,14.64,1.1466275659824046,20,36,657761.3699999999,611732201.0,30586610.05,False,False,False,1994-03-24,4767.0,1
sh600850,电科数字,I65软件和信息技术服务业,SH,2015-07-08,2015-07-24,29.65,60.15,1.0286677908937607,20,16,1407008.6099999999,6437494533.0,321874726.65,False,False,False,1994-03-24,7776.0,1
sh600851,海欣股份,C27医药制造业,SH,2007-03-30,2007-04-26,7.06,14.2,1.011331444759207,20,27,9499777.910000002,9548000764.0,477400038.2,False,False,False,1994-04-04,4743.0,1
sh600854,春兰股份,C38电气机械和器材制造业,SH,2021-11-08,2021-12-03,3.57,7.25,1.0308123249299719,20,25,5906985.720000001,3136097876.0,156804893.8,False,False,False,1994-04-25,10059.0,1
sh600855,航天长峰,C35专用设备制造业,SH,2020-03-19,2020-04-01,10.06,20.25,1.0129224652087476,20,13,4820373.03,7593364035.0,379668201.75,False,False,False,1994-04-25,9460.0,1
sh600857,宁波中百,F52零售业,SH,2007-01-04,2007-01-24,2.95,5.95,1.0169491525423728,20,20,1283450.0,584772478.0,29238623.9,False,False,False,1994-04-25,4637.0,1
sh600858,银座股份,F52零售业,SH,2006-04-17,2006-06-01,7.78,15.6,1.005141388174807,20,45,503449.18,618881896.0,30944094.8,False,False,False,1994-05-06,4364.0,1
sh600859,王府井,F52零售业,SH,2020-04-30,2020-06-01,12.57,26.44,1.1034208432776453,20,32,3959389.5899999994,7315616923.0,365780846.15,False,False,False,1994-05-06,9491.0,1
sh600860,京城股份,C35专用设备制造业,SH,2021-11-10,2021-12-03,5.86,11.8,1.013651877133106,20,23,3880796.8399999994,3360293297.0,168014664.85,False,False,False,1994-05-06,10050.0,1
sh600861,北京人力,L72商务服务业,SH,2015-05-18,2015-06-12,13.5,27.0,1.0,20,25,2946787.8499999996,5704172832.0,285208641.6,False,False,False,1994-05-20,7668.0,1
sh600862,中航高科,C37铁路、船舶、航空航天和其他运输设备制造业,SH,2014-09-18,2014-10-16,3.33,12.65,2.798798798798799,20,28,6080085.359999999,7279057165.0,363952858.25,False,False,False,1994-05-20,7426.0,1
sh600863,华能蒙电,D44电力、热力生产和供应业,SH,2021-08-26,2021-09-24,2.33,4.78,1.051502145922747,20,29,57003178.19,20624212483.0,1031210624.15,False,False,False,1994-05-20,9960.0,1
sh600864,哈投股份,J67资本市场服务,SH,2007-03-19,2007-04-13,17.35,35.78,1.0622478386167145,20,25,522877.69,1286314389.0,64315719.45,False,False,False,1994-08-09,4605.0,1
sh600865,百大集团,F52零售业,SH,2025-11-24,2025-12-19,8.87,19.13,1.156708004509583,20,25,5997125.57,8093439577.0,404671978.85,False,False,False,1994-08-09,11430.0,1
sh600866,星湖科技,C14食品制造业,SH,2007-04-05,2007-05-09,5.43,11.32,1.0847145488029466,20,34,8342712.5600000005,6704056811.0,335202840.55,False,False,False,1994-08-18,4613.0,1
sh600868,梅雁吉祥,D44电力、热力生产和供应业,SH,2015-08-03,2015-08-13,3.71,8.14,1.194070080862534,20,10,46920622.160000004,25916447664.0,1295822383.2,False,False,False,1994-09-12,7630.0,1
sh600869,远东股份,C38电气机械和器材制造业,SH,2004-10-29,2004-11-25,2.2,4.54,1.0636363636363635,20,27,121831.19,41070372.0,2053518.6,False,False,False,1995-02-06,3553.0,1
sh600872,中炬高新,C14食品制造业,SH,2006-03-13,2006-04-20,2.69,5.76,1.1412639405204459,20,38,1729557.05,713704594.0,35685229.7,False,False,False,1995-01-24,4066.0,1
sh600873,梅花生物,C14食品制造业,SH,2009-03-12,2009-05-06,5.85,11.92,1.037606837606838,20,55,1111751.53,744846201.0,37242310.05,False,False,False,1995-02-17,5137.0,1
sh600874,创业环保,D46水的生产和供应业,SH,2017-03-30,2017-04-27,8.08,16.21,1.006188118811881,20,28,16446436.61,20734727387.0,1036736369.35,False,False,False,1995-06-30,7944.0,1
sh600876,凯盛新能,C30非金属矿物制品业,SH,2015-05-07,2015-06-03,11.0,22.48,1.0436363636363635,20,27,2166673.33,3623572996.0,181178649.8,False,False,False,1995-10-31,7128.0,1
sh600877,电科芯片,C39计算机、通信和其他电子设备制造业,SH,2007-05-09,2007-05-28,7.09,14.5,1.0451339915373765,20,19,9435051.200000001,9149851971.0,457492598.55,False,False,False,1995-10-13,4226.0,1
sh600879,航天电子,C37铁路、船舶、航空航天和其他运输设备制造业,SH,2025-12-11,2026-01-09,13.36,28.69,1.1474550898203595,20,29,116174393.78999999,223729154516.0,11186457725.8,False,False,False,1995-11-15,10984.0,1
sh600880,博瑞传播,R86新闻和出版业,SH,2013-06-25,2013-07-24,12.58,25.27,1.0087440381558026,20,29,10332620.51,20539280796.0,1026964039.8,False,False,False,1995-11-15,6432.0,1
sh600881,亚泰集团,C30非金属矿物制品业,SH,2007-03-28,2007-04-23,9.5,20.53,1.1610526315789476,20,26,10565960.299999999,12918159577.0,645907978.85,False,False,False,1995-11-15,4151.0,1
sh600882,妙可蓝多,C14食品制造业,SH,2011-03-31,2011-04-18,10.12,21.11,1.0859683794466406,20,18,5481065.58,9918264862.0,495913243.1,False,False,False,1995-12-06,5594.0,1
sh600883,博闻科技,C13农副食品加工业,SH,2006-04-25,2006-05-26,3.98,8.28,1.0804020100502512,20,31,830008.8300000001,542043834.0,27102191.7,False,False,False,1995-12-08,3791.0,1
sh600884,杉杉股份,C39计算机、通信和其他电子设备制造业,SH,2007-06-05,2007-06-20,11.83,23.93,1.0228233305156382,20,15,5241877.340000001,9268532642.0,463426632.1,False,False,False,1996-01-30,4144.0,1
sh600888,新疆众和,C39计算机、通信和其他电子设备制造业,SH,2006-02-28,2006-04-06,9.16,18.84,1.056768558951965,20,37,357552.77,486570840.0,24328542.0,False,False,False,1996-02-15,3666.0,1
sh600889,*ST京化,C28化学纤维制造业,SH,2015-07-09,2015-07-22,7.08,15.26,1.1553672316384178,20,13,3720509.52,4491218235.0,224560911.75,True,False,False,1996-03-08,7062.0,1
sh600892,大晟文化,I64互联网和相关服务,SH,2007-03-09,2007-04-27,9.0,18.31,1.0344444444444445,20,49,90680.12,115212264.0,5760613.2,False,False,False,1996-03-15,4011.0,1
sh600893,航发动力,C37铁路、船舶、航空航天和其他运输设备制造业,SH,2007-04-27,2007-05-28,7.0,15.3,1.185714285714286,20,31,914015.02,965755648.0,48287782.4,False,False,False,1996-04-08,4036.0,1
sh600895,张江高科,K70房地产业,SH,2018-10-19,2018-11-15,7.82,16.61,1.1240409207161122,20,27,6966107.4799999995,9685192383.0,484259619.15,False,False,False,1996-04-22,8215.0,1
sh600903,贵州燃气,D45燃气生产和供应业,SH,2017-11-07,2017-11-27,2.65,12.09,3.5622641509433963,20,20,4023603.3299999996,4394442857.0,219722142.85,False,True,False,2017-11-07,0.0,1
sh600905,三峡能源,D44电力、热力生产和供应业,SH,2021-06-10,2021-06-24,3.18,8.79,1.764150943396226,20,14,276112053.53999996,168310776595.0,8415538829.75,False,True,False,2021-06-10,0.0,1
sh600906,财达证券,J67资本市场服务,SH,2021-05-07,2021-05-28,4.51,17.27,2.829268292682927,20,21,23024314.35,35701700251.0,1785085012.55,False,True,False,2021-05-07,0.0,1
sh600908,无锡银行,J66货币金融服务,SH,2016-09-23,2016-10-14,5.36,13.97,1.6063432835820897,20,21,5904827.989999999,7499711488.0,374985574.4,False,True,False,2016-09-23,0.0,1
sh600909,华安证券,J67资本市场服务,SH,2016-12-06,2016-12-15,7.69,15.39,1.0013003901170352,20,9,21877458.890000004,30820241227.0,1541012061.35,False,True,False,2016-12-06,0.0,1
sh600916,中国黄金,F52零售业,SH,2021-02-05,2021-02-26,5.99,18.65,2.113522537562604,20,21,5447426.76,8763153929.0,438157696.45,False,True,False,2021-02-05,0.0,1
sh600917,重庆燃气,D45燃气生产和供应业,SH,2014-09-30,2014-10-17,4.68,10.05,1.1474358974358978,20,17,4174784.7300000004,3750624402.0,187531220.1,False,True,False,2014-09-30,0.0,1
sh600918,中泰证券,J67资本市场服务,SH,2020-06-03,2020-06-22,5.26,15.51,1.9486692015209126,20,19,30172857.129999995,41658129003.0,2082906450.15,False,True,False,2020-06-03,0.0,1
sh600928,西安银行,J66货币金融服务,SH,2019-03-01,2019-03-21,5.62,13.94,1.4804270462633449,20,20,24080163.619999994,27981181220.0,1399059061.0,False,True,False,2019-03-01,0.0,1
sh600929,雪天盐业,C14食品制造业,SH,2018-03-26,2018-04-17,4.45,19.37,3.3528089887640453,20,22,4508901.24,7478787297.0,373939364.85,False,True,False,2018-03-26,0.0,1
sh600935,华塑股份,C26化学原料和化学制品制造业,SH,2021-11-26,2021-12-15,4.73,10.07,1.1289640591966172,20,19,24045619.98,20358111095.0,1017905554.75,False,True,False,2021-11-26,0.0,1
sh600936,北投科技,I63电信、广播电视和卫星传输服务,SH,2016-08-15,2016-08-30,5.76,19.71,2.4218750000000004,20,15,5006660.74,8574071735.0,428703586.75,False,True,False,2016-08-15,0.0,1
sh600939,重庆建工,E47房屋建筑业,SH,2017-02-21,2017-03-17,3.74,21.69,4.7994652406417115,20,24,5903597.3100000005,10781106742.0,539055337.1,False,True,False,2017-02-21,0.0,1
sh600956,新天绿能,D45燃气生产和供应业,SH,2020-06-29,2020-07-15,3.82,14.37,2.761780104712042,20,16,3633955.590000001,4455043110.0,222752155.5,False,True,False,2020-06-29,0.0,1
sh600958,东方证券,J67资本市场服务,SH,2015-03-23,2015-04-09,12.04,36.55,2.0357142857142856,20,17,33335920.54,92692937930.0,4634646896.5,False,True,False,2015-03-23,0.0,1
sh600959,江苏有线,I63电信、广播电视和卫星传输服务,SH,2015-04-28,2015-05-26,6.56,48.26,6.3567073170731705,20,28,1082752.47,4430468598.0,221523429.9,False,True,False,2015-04-28,0.0,1
sh600961,株冶集团,C32有色金属冶炼和压延加工业,SH,2006-03-10,2006-04-07,2.81,6.04,1.1494661921708187,20,28,3337184.64,1431225739.0,71561286.95,False,False,False,2004-08-30,557.0,1
sh600962,国投中鲁,C15酒、饮料和精制茶制造业,SH,2014-09-19,2014-10-13,8.12,16.9,1.0812807881773399,20,24,2115876.38,3266810029.0,163340501.45,False,False,False,2004-06-22,3741.0,1
sh600965,*ST福成,C13农副食品加工业,SH,2014-09-12,2014-09-26,6.02,12.19,1.0249169435215948,20,14,3453055.99,3567445198.0,178372259.9,True,False,False,2004-07-13,3713.0,1
sh600966,博汇纸业,C22造纸和纸制品业,SH,2007-08-15,2007-09-10,10.26,20.58,1.005847953216374,20,26,3783353.9699999997,6092146875.0,304607343.75,False,False,False,2004-06-08,1163.0,1
sh600973,宝胜股份,C38电气机械和器材制造业,SH,2009-01-08,2009-02-11,8.17,17.08,1.0905752753977964,20,34,2532947.2500000005,3132457232.0,156622861.6,False,False,False,2004-08-02,1620.0,1
sh600975,新五丰,A03畜牧业,SH,2008-04-22,2008-05-21,7.7,16.2,1.103896103896104,20,29,2132195.6399999997,2654033410.0,132701670.5,False,False,False,2004-06-09,1413.0,1
sh600977,中国电影,R87广播、电视、电影和录音制作业,SH,2016-08-09,2016-08-25,10.7,40.28,2.7644859813084115,20,16,8362777.920000002,30662571133.0,1533128556.65,False,True,False,2016-08-09,0.0,1
sh600979,广安爱众,D44电力、热力生产和供应业,SH,2024-11-19,2024-12-13,3.59,7.7,1.1448467966573816,20,24,39462444.74,21254014529.0,1062700726.45,False,False,False,2004-09-06,7379.0,1
sh600980,北矿科技,C35专用设备制造业,SH,2015-07-09,2015-07-27,13.37,26.9,1.011967090501122,20,18,1834216.79,3871654849.0,193582742.45,False,False,False,2004-05-12,4075.0,1
sh600981,苏豪汇鸿,F51批发业,SH,2007-03-01,2007-03-28,5.6,11.26,1.0107142857142857,20,27,2220183.6100000003,1811030039.0,90551501.95,False,False,False,2004-06-30,974.0,1
sh600982,宁波能源,D44电力、热力生产和供应业,SH,2022-02-07,2022-03-04,4.13,8.3,1.0096852300242132,20,25,12820425.770000001,7691643649.0,384582182.45,False,False,False,2004-07-06,6425.0,1
sh600983,惠而浦,C38电气机械和器材制造业,SH,2020-08-05,2020-09-02,5.08,10.21,1.0098425196850394,20,28,3403150.46,2498619799.0,124930989.95,False,False,False,2004-07-27,5853.0,1
sh600984,建设机械,L71租赁业,SH,2007-02-26,2007-03-23,4.75,10.23,1.153684210526316,20,25,1150547.3499999999,757319255.0,37865962.75,False,False,False,2004-07-07,964.0,1
sh600986,浙文互联,I64互联网和相关服务,SH,2015-05-07,2015-06-01,19.03,39.78,1.090383604834472,20,25,3116435.63,8335283104.0,416764155.2,False,False,False,2004-04-26,4028.0,1
sh600988,赤峰黄金,B09有色金属矿采选业,SH,2007-02-15,2007-03-21,6.15,12.33,1.0048780487804878,20,34,299088.96,238706739.0,11935336.95,False,False,False,2004-04-14,1037.0,1
sh600990,四创电子,C39计算机、通信和其他电子设备制造业,SH,2015-04-29,2015-05-27,62.9,128.25,1.0389507154213038,20,28,812385.95,6669234352.0,333461717.6,False,False,False,2004-05-10,4006.0,1
sh600992,贵绳股份,C33金属制品业,SH,2022-08-11,2022-09-06,16.03,33.23,1.0729881472239549,20,26,5599275.89,13372919462.0,668645973.1,False,False,False,2004-05-14,6663.0,1
sh600995,南网储能,D44电力、热力生产和供应业,SH,2021-09-17,2021-10-26,7.21,15.52,1.1525658807212205,20,39,1964959.9100000001,1568806734.0,78440336.7,False,False,False,2004-06-15,6303.0,1
sh600996,贵广网络,I63电信、广播电视和卫星传输服务,SH,2016-12-26,2017-01-04,10.7,21.73,1.0308411214953273,20,9,5452259.659999999,9883151131.0,494157556.55,False,True,False,2016-12-26,0.0,1
sh600997,开滦股份,C25石油、煤炭及其他燃料加工业,SH,2007-03-30,2007-04-27,11.52,23.06,1.0017361111111112,20,28,3318447.5,5345887555.0,267294377.75,False,False,False,2004-06-02,1031.0,1
sh600999,招商证券,J67资本市场服务,SH,2014-11-10,2014-12-05,12.89,26.05,1.0209464701318853,20,25,29867443.519999996,53318348000.0,2665917400.0,False,False,False,2009-11-17,1819.0,1
sh601000,唐山港,G55水上运输业,SH,2014-03-17,2014-04-14,2.98,6.06,1.0335570469798658,20,28,30081673.050000004,14289672644.0,714483632.2,False,False,False,2010-07-05,1351.0,1
sh601001,晋控煤业,B06煤炭开采和洗选业,SH,2021-08-20,2021-09-09,7.83,15.68,1.0025542784163473,20,20,12739027.910000002,13722829380.0,686141469.0,False,False,False,2006-06-23,5537.0,1
sh601002,晋亿实业,C34通用设备制造业,SH,2011-01-05,2011-02-01,14.5,29.0,1.0,20,27,8453311.68,16985053184.0,849252659.2,False,False,False,2007-01-26,1440.0,1
sh601003,柳钢股份,C31黑色金属冶炼和压延加工业,SH,2007-06-05,2007-06-20,22.75,49.96,1.196043956043956,20,15,2106008.07,6946717329.0,347335866.45,False,False,False,2007-02-27,98.0,1
sh601008,连云港,G55水上运输业,SH,2019-03-14,2019-04-11,3.73,7.77,1.0831099195710454,20,28,21331791.21,12593055484.0,629652774.2,False,False,False,2007-04-26,4340.0,1
sh601010,ST文峰,F52零售业,SH,2015-02-12,2015-03-18,10.81,21.86,1.0222016651248844,20,34,4640860.68,7652699236.0,382634961.8,True,False,False,2011-06-03,1350.0,1
sh601012,隆基绿能,C38电气机械和器材制造业,SH,2015-02-26,2015-03-24,25.65,51.72,1.0163742690058482,20,26,5887361.9799999995,20497719072.0,1024885953.6,False,False,False,2012-04-11,1051.0,1
sh601015,陕西黑猫,C25石油、煤炭及其他燃料加工业,SH,2014-11-05,2014-12-02,7.38,22.54,2.05420054200542,20,27,4884415.779999999,9596055127.0,479802756.35,False,True,False,2014-11-05,0.0,1
sh601016,节能风电,D44电力、热力生产和供应业,SH,2014-09-29,2014-10-30,2.6,9.35,2.596153846153846,20,31,6404568.4399999995,5401847066.0,270092353.3,False,True,False,2014-09-29,0.0,1
sh601020,华钰矿业,B09有色金属矿采选业,SH,2016-03-16,2016-04-11,8.62,30.7,2.5614849187935036,20,26,2635285.94,7124873827.0,356243691.35,False,True,False,2016-03-16,0.0,1
sh601021,春秋航空,G56航空运输业,SH,2015-01-21,2015-02-17,21.79,76.99,2.533272143184947,20,27,2712869.2,16470606658.0,823530332.9,False,True,False,2015-01-21,0.0,1
sh601038,一拖股份,C35专用设备制造业,SH,2015-07-09,2015-07-24,7.05,14.45,1.0496453900709217,20,15,5009436.74,5830031984.0,291501599.2,False,False,False,2012-08-08,1065.0,1
sh601059,信达证券,J67资本市场服务,SH,2023-02-01,2023-02-09,9.76,20.75,1.1260245901639343,20,8,728342008.18,23042644781.0,1152132239.05,False,True,False,2023-02-01,0.0,1
sh601066,中信建投,J67资本市场服务,SH,2019-01-24,2019-02-27,10.6,21.9,1.0660377358490565,20,34,11856452.77,17050030536.0,852501526.8,False,False,False,2018-06-20,218.0,1
sh601068,中铝国际,E48土木工程建筑业,SH,2018-08-31,2018-09-12,4.14,10.66,1.5748792270531404,20,12,14044402.51,13372706334.0,668635316.7,False,True,False,2018-08-31,0.0,1
sh601069,西部黄金,B09有色金属矿采选业,SH,2015-01-22,2015-02-12,4.28,18.09,3.2266355140186915,20,21,4320459.87,6766608104.0,338330405.2,False,True,False,2015-01-22,0.0,1
sh601086,国芳集团,F52零售业,SH,2017-09-29,2017-10-24,3.79,13.45,2.5488126649076515,20,25,4845160.8,5743852679.0,287192633.95,False,True,False,2017-09-29,0.0,1
sh601099,太平洋,J67资本市场服务,SH,2008-04-03,2008-04-30,15.9,33.2,1.0880503144654088,20,27,1155230.44,2898802741.0,144940137.05,False,False,False,2007-12-28,97.0,1
sh601101,昊华能源,B06煤炭开采和洗选业,SH,2021-08-19,2021-09-14,6.49,13.5,1.0801232665639446,20,26,12448253.389999999,11910871935.0,595543596.75,False,False,False,2010-03-31,4159.0,1
sh601106,中国一重,C35专用设备制造业,SH,2014-09-04,2014-10-09,2.18,4.37,1.0045871559633026,20,35,53473270.86,17535151280.0,876757564.0,False,False,False,2010-02-09,1668.0,1
sh601108,财通证券,J67资本市场服务,SH,2019-02-11,2019-03-08,7.38,14.99,1.0311653116531168,20,25,36101411.56,38333872494.0,1916693624.7,False,False,False,2017-10-24,475.0,1
sh601111,中国国航,G56航空运输业,SH,2007-08-27,2007-09-21,14.85,30.0,1.0202020202020203,20,25,10368441.48,22144046982.0,1107202349.1,False,False,False,2006-08-18,374.0,1
sh601116,三江购物,F52零售业,SH,2016-10-31,2016-11-29,12.06,24.77,1.0538971807628523,20,29,728098.6699999999,1313354879.0,65667743.95,False,False,False,2011-03-02,2070.0,1
sh601121,宝地矿业,B08黑色金属矿采选业,SH,2023-03-10,2023-03-21,5.26,12.29,1.3365019011406845,20,11,6955887.34,6530295618.0,326514780.9,False,True,False,2023-03-10,0.0,1
sh601126,四方股份,C38电气机械和器材制造业,SH,2021-07-28,2021-08-13,8.25,17.39,1.107878787878788,20,16,7574374.139999999,8788974049.0,439448702.45,False,False,False,2010-12-31,3862.0,1
sh601127,赛力斯,C36汽车制造业,SH,2016-06-15,2016-07-11,6.97,46.54,5.677187948350072,20,26,1436214.65,5975946731.0,298797336.55,False,True,False,2016-06-15,0.0,1
sh601128,常熟银行,J66货币金融服务,SH,2016-09-30,2016-11-01,5.14,12.98,1.5252918287937747,20,32,9899287.3,11127222901.0,556361145.05,False,True,False,2016-09-30,0.0,1
sh601136,首创证券,J67资本市场服务,SH,2022-12-22,2023-01-19,8.48,20.45,1.4115566037735845,20,28,24582204.73,35515856167.0,1775792808.35,False,True,False,2022-12-22,0.0,1
sh601162,天风证券,J67资本市场服务,SH,2018-10-19,2018-11-06,2.15,8.1,2.7674418604651163,20,18,17785723.22,12653700556.0,632685027.8,False,True,False,2018-10-19,0.0,1
sh601168,西部矿业,B09有色金属矿采选业,SH,2007-07-13,2007-08-07,29.58,60.47,1.0442866801893174,20,25,9924392.43,38345800590.0,1917290029.5,False,True,False,2007-07-12,1.0,1
sh601177,杭齿前进,C34通用设备制造业,SH,2025-01-16,2025-02-20,8.42,18.06,1.1448931116389547,20,35,2413997.1399999997,2928106819.0,146405340.95,False,False,False,2010-10-11,5211.0,1
sh601186,中国铁建,E48土木工程建筑业,SH,2014-11-18,2014-12-22,6.66,14.34,1.153153153153153,20,34,41051813.78000001,35383378952.0,1769168947.6,False,False,False,2008-03-10,2444.0,1
sh601198,东兴证券,J67资本市场服务,SH,2015-02-26,2015-03-20,11.02,26.3,1.3865698729582578,20,22,17081391.009999998,39074817471.0,1953740873.55,False,True,False,2015-02-26,0.0,1
sh601212,白银有色,C32有色金属冶炼和压延加工业,SH,2017-02-15,2017-03-17,2.14,15.64,6.308411214953271,20,30,14897973.68,18429904879.0,921495243.95,False,True,False,2017-02-15,0.0,1
sh601216,君正集团,C26化学原料和化学制品制造业,SH,2013-06-13,2013-07-05,5.37,10.99,1.0465549348230914,20,22,6014533.79,4827652493.0,241382624.65,False,False,False,2011-02-22,842.0,1
sh601218,吉鑫科技,C33金属制品业,SH,2021-10-14,2021-11-05,3.9,8.57,1.1974358974358976,20,22,17365669.04,10550511087.0,527525554.35,False,False,False,2011-05-06,3814.0,1
sh601226,华电科工,M74专业技术服务业,SH,2014-12-11,2014-12-19,12.0,25.51,1.1258333333333335,20,8,5241667.29,10924027420.0,546201371.0,False,True,False,2014-12-11,0.0,1
sh601228,广州港,G55水上运输业,SH,2017-03-29,2017-04-19,2.75,11.18,3.0654545454545454,20,21,20031032.71,19888783078.0,994439153.9,False,True,False,2017-03-29,0.0,1
sh601236,红塔证券,J67资本市场服务,SH,2019-07-05,2019-07-30,4.15,14.88,2.585542168674699,20,25,14672793.84,20164429751.0,1008221487.55,False,True,False,2019-07-05,0.0,1
sh601279,英利汽车,C36汽车制造业,SH,2021-04-15,2021-05-14,2.48,15.35,5.189516129032258,20,29,5149218.15,6564043346.0,328202167.3,False,True,False,2021-04-15,0.0,1
sh601311,骆驼股份,C38电气机械和器材制造业,SH,2019-02-14,2019-03-13,8.78,17.68,1.0136674259681095,20,27,6210815.92,8401308876.0,420065443.8,False,False,False,2011-06-02,2814.0,1
sh601319,中国人保,J68保险业,SH,2019-01-31,2019-03-06,5.6,11.66,1.0821428571428573,20,34,39642022.33,30177740873.0,1508887043.65,False,False,False,2018-11-16,76.0,1
sh601326,秦港股份,G55水上运输业,SH,2017-08-16,2017-09-07,2.81,12.44,3.4270462633451952,20,22,15684789.160000002,17625081018.0,881254050.9,False,True,False,2017-08-16,0.0,1
sh601330,绿色动力,N77生态保护和环境治理业,SH,2018-06-11,2018-07-04,4.74,21.75,3.5886075949367084,20,23,3661856.64,7331710352.0,366585517.6,False,True,False,2018-06-11,0.0,1
sh601360,三六零,I64互联网和相关服务,SH,2017-11-07,2017-12-01,9.67,53.79,4.562564632885212,20,24,1635177.6199999999,8163321644.0,408166082.2,False,False,False,2012-01-16,2122.0,1
sh601368,绿城水务,D46水的生产和供应业,SH,2015-06-12,2015-06-29,7.72,23.0,1.9792746113989637,20,17,3174000.34,5520728208.0,276036410.4,False,True,False,2015-06-12,0.0,1
sh601377,兴业证券,J67资本市场服务,SH,2014-11-17,2014-12-08,7.95,16.28,1.0477987421383648,20,21,95151707.2,102584921088.0,5129246054.4,False,False,False,2010-10-13,1496.0,1
sh601390,中国中铁,E48土木工程建筑业,SH,2014-11-24,2014-12-19,4.4,9.12,1.0727272727272723,20,25,108819125.91999999,66498671616.0,3324933580.8,False,False,False,2007-12-03,2548.0,1
sh601456,国联民生,J67资本市场服务,SH,2020-07-31,2020-08-19,5.1,18.29,2.5862745098039217,20,19,15692989.499999998,26128143670.0,1306407183.5,False,True,False,2020-07-31,0.0,1
sh601500,通用股份,C29橡胶和塑料制品业,SH,2016-09-19,2016-10-12,5.9,17.14,1.9050847457627116,20,23,6682566.590000001,10212472282.0,510623614.1,False,True,False,2016-09-19,0.0,1
sh601519,大智慧,J69其他金融业,SH,2015-01-23,2015-02-16,6.58,24.14,2.6686930091185412,20,24,19227598.62,41781637347.0,2089081867.35,False,False,False,2011-01-28,1456.0,1
sh601566,九牧王,C18纺织服装、服饰业,SH,2015-04-28,2015-06-02,19.5,40.09,1.0558974358974362,20,35,2125658.9899999998,5618407608.0,280920380.4,False,False,False,2011-05-30,1429.0,1
sh601567,三星电气,C40仪器仪表制造业,SH,2021-04-13,2021-05-13,6.28,13.58,1.162420382165605,20,30,6506107.51,6107390579.0,305369528.95,False,False,False,2011-06-15,3590.0,1
sh601579,会稽山,C15酒、饮料和精制茶制造业,SH,2014-08-25,2014-09-10,5.32,15.6,1.932330827067669,20,16,3538693.1500000004,4911334645.0,245566732.25,False,True,False,2014-08-25,0.0,1
sh601588,北辰实业,K70房地产业,SH,2006-11-07,2006-12-04,3.58,7.38,1.0614525139664805,20,27,24767964.849999998,12778764580.0,638938229.0,False,True,False,2006-10-16,22.0,1
sh601595,上海电影,R87广播、电视、电影和录音制作业,SH,2016-08-17,2016-09-05,12.23,49.55,3.0515126737530656,20,19,2097487.15,9342570333.0,467128516.65,False,True,False,2016-08-17,0.0,1
sh601599,浙文影业,C17纺织业,SH,2015-07-07,2015-07-27,9.14,20.94,1.2910284463894968,20,20,3622543.49,5819801975.0,290990098.75,False,False,False,2011-05-27,1502.0,1
sh601600,中国铝业,C32有色金属冶炼和压延加工业,SH,2007-07-30,2007-08-24,23.8,48.0,1.0168067226890756,20,25,17071073.04,57164586917.0,2858229345.85,False,False,False,2007-04-30,91.0,1
sh601606,长城军工,C33金属制品业,SH,2018-08-06,2018-08-30,4.0,21.51,4.3775,20,24,3826770.59,7740031399.0,387001569.95,False,True,False,2018-08-06,0.0,1
sh601608,中信重工,C35专用设备制造业,SH,2015-05-07,2015-05-29,7.1,30.0,3.225352112676057,20,22,11782392.920000002,29019611439.0,1450980571.95,False,False,False,2012-07-06,1035.0,1
sh601611,中国核建,E48土木工程建筑业,SH,2016-06-06,2016-07-04,4.16,23.68,4.692307692307692,20,28,9847027.27,21994269425.0,1099713471.25,False,True,False,2016-06-06,0.0,1
sh601615,明阳智能,C34通用设备制造业,SH,2019-01-23,2019-02-20,5.7,13.75,1.4122807017543857,20,28,18277332.0,21022387261.0,1051119363.05,False,True,False,2019-01-23,0.0,1
sh601618,中国中冶,E48土木工程建筑业,SH,2015-04-09,2015-04-28,5.39,10.81,1.0055658627087203,20,19,137182640.16,98569676288.0,4928483814.4,False,False,False,2009-09-21,2026.0,1
sh601619,嘉泽新能,D44电力、热力生产和供应业,SH,2017-07-20,2017-08-16,1.51,10.05,5.655629139072848,20,27,2894804.59,2561102221.0,128055111.05,False,True,False,2017-07-20,0.0,1
sh601669,中国电建,E48土木工程建筑业,SH,2014-11-28,2014-12-22,4.1,8.36,1.0390243902439025,20,24,87894727.04,49934531648.0,2496726582.4,False,False,False,2011-10-18,1137.0,1
sh601688,华泰证券,J67资本市场服务,SH,2014-10-27,2014-12-01,8.81,18.54,1.104426787741203,20,35,29047799.33,36319753488.0,1815987674.4,False,False,False,2010-02-26,1704.0,1
sh601689,拓普集团,C36汽车制造业,SH,2015-05-07,2015-05-28,22.31,48.07,1.1546391752577323,20,21,4486669.54,13944623008.0,697231150.4,False,True,False,2015-03-19,49.0,1
sh601696,中银证券,J67资本市场服务,SH,2020-02-26,2020-03-19,6.56,25.03,2.815548780487805,20,22,11020594.229999999,25642658929.0,1282132946.45,False,True,False,2020-02-26,0.0,1
sh601698,中国卫通,I63电信、广播电视和卫星传输服务,SH,2019-06-28,2019-07-17,3.26,13.12,3.0245398773006134,20,19,14683683.540000001,17167412461.0,858370623.05,False,True,False,2019-06-28,0.0,1
sh601699,潞安环能,B06煤炭开采和洗选业,SH,2009-03-16,2009-04-13,16.39,33.97,1.0726052471018912,20,28,5178218.62,12552471552.0,627623577.6,False,False,False,2006-09-22,906.0,1
sh601700,风范股份,C33金属制品业,SH,2018-12-25,2019-01-07,2.78,5.59,1.0107913669064748,20,13,4025596.12,1633526568.0,81676328.4,False,False,False,2011-01-18,2898.0,1
sh601718,ST际华,C18纺织服装、服饰业,SH,2015-07-09,2015-07-30,9.09,18.19,1.0011001100110013,20,21,33134571.72,45290915400.0,2264545770.0,True,False,False,2010-08-16,1788.0,1
sh601727,上海电气,C34通用设备制造业,SH,2024-09-26,2024-10-30,3.94,8.5,1.1573604060913705,20,34,69736267.77000001,44161153939.0,2208057696.95,False,False,False,2008-12-05,5774.0,1
sh601766,中国中车,C37铁路、船舶、航空航天和其他运输设备制造业,SH,2014-12-31,2015-01-22,6.38,14.65,1.2962382445141065,20,22,82316859.88999999,101500827755.0,5075041387.75,False,False,False,2008-08-18,2326.0,1
sh601777,千里科技,C36汽车制造业,SH,2015-04-09,2015-06-02,12.52,25.96,1.0734824281150162,20,54,4811121.609999999,7984002668.0,399200133.4,False,False,False,2010-11-25,1596.0,1
sh601778,晶科科技,D44电力、热力生产和供应业,SH,2020-05-19,2020-05-28,5.24,10.56,1.0152671755725189,20,9,27088614.29,24532886612.0,1226644330.6,False,True,False,2020-05-19,0.0,1
sh601788,光大证券,J67资本市场服务,SH,2014-10-28,2014-11-28,9.65,20.12,1.0849740932642487,20,31,20885237.480000004,29003939072.0,1450196953.6,False,False,False,2009-08-18,1897.0,1
sh601789,宁波建工,E48土木工程建筑业,SH,2022-01-28,2022-02-23,3.9,8.34,1.1384615384615384,20,26,12082460.759999998,5619530006.0,280976500.3,False,False,False,2011-08-16,3818.0,1
sh601798,蓝科高新,C35专用设备制造业,SH,2021-11-30,2021-12-17,5.44,11.39,1.09375,20,17,1813219.2699999998,1651041706.0,82552085.3,False,False,False,2011-06-22,3814.0,1
sh601799,星宇股份,C36汽车制造业,SH,2015-04-30,2015-05-28,26.86,53.89,1.0063291139240507,20,28,898087.02,3357356232.0,167867811.6,False,False,False,2011-02-01,1549.0,1
sh601800,中国交建,E48土木工程建筑业,SH,2014-11-21,2014-12-18,6.3,13.33,1.115873015873016,20,27,46337622.96,40855851968.0,2042792598.4,False,False,False,2012-03-09,987.0,1
sh601811,新华文轩,R86新闻和出版业,SH,2016-08-08,2016-08-29,10.25,35.88,2.5004878048780492,20,21,2204166.5100000002,7362864516.0,368143225.8,False,True,False,2016-08-08,0.0,1
sh601858,中国科传,R86新闻和出版业,SH,2017-01-18,2017-02-17,9.85,20.31,1.0619289340101523,20,30,6851476.609999999,11510066491.0,575503324.55,False,True,False,2017-01-18,0.0,1
sh601860,紫金银行,J66货币金融服务,SH,2019-01-03,2019-01-14,3.77,7.74,1.0530503978779842,20,11,18379027.259999998,11782330231.0,589116511.55,False,True,False,2019-01-03,0.0,1
sh601865,福莱特,C30非金属矿物制品业,SH,2019-02-15,2019-03-14,2.88,16.65,4.78125,20,27,2085050.75,3181196265.0,159059813.25,False,True,False,2019-02-15,0.0,1
sh601866,中远海发,G55水上运输业,SH,2015-04-02,2015-04-27,5.22,10.45,1.0019157088122603,20,25,74398291.28,55673865344.0,2783693267.2,False,False,False,2007-12-12,2668.0,1
sh601869,长飞光纤,C39计算机、通信和其他电子设备制造业,SH,2018-07-20,2018-07-31,32.05,74.94,1.3382215288611548,20,11,2611148.19,13825562625.0,691278131.25,False,True,False,2018-07-20,0.0,1
sh601878,浙商证券,J67资本市场服务,SH,2020-06-12,2020-07-09,9.51,19.32,1.0315457413249214,20,27,12762073.91,16165551632.0,808277581.6,False,False,False,2017-06-26,1082.0,1
sh601882,海天精工,C34通用设备制造业,SH,2016-11-07,2016-12-02,2.16,13.22,5.12037037037037,20,25,7829.549999999999,7725088.0,386254.4,False,True,False,2016-11-07,0.0,1
sh601886,XD江河集,E50建筑装饰、装修和其他建筑业,SH,2015-07-08,2015-07-24,8.06,16.3,1.0223325062034738,20,16,6070083.629999999,7305759894.0,365287994.7,False,False,False,2011-08-18,1420.0,1
sh601888,中国中免,L72商务服务业,SH,2020-06-05,2020-07-06,99.86,201.03,1.0131183657119966,20,31,3432123.71,46828431526.0,2341421576.3,False,False,False,2009-10-15,3886.0,1
sh601890,亚星锚链,C37铁路、船舶、航空航天和其他运输设备制造业,SH,2015-05-07,2015-05-28,15.22,31.3,1.0565045992115638,20,21,3782786.0200000005,7825721344.0,391286067.2,False,False,False,2010-12-28,1591.0,1
sh601899,紫金矿业,B09有色金属矿采选业,SH,2009-01-21,2009-02-24,4.81,9.84,1.0457380457380459,20,34,26629624.28,19796119536.0,989805976.8,False,False,False,2008-04-25,271.0,1
sh601900,南方传媒,R86新闻和出版业,SH,2016-02-15,2016-03-03,7.36,23.39,2.1779891304347827,20,17,5834364.039999999,11841705168.0,592085258.4,False,True,False,2016-02-15,0.0,1
sh601901,方正证券,J67资本市场服务,SH,2014-11-06,2014-12-04,6.34,12.88,1.0315457413249214,20,28,79080138.64,69144667072.0,3457233353.6,False,False,False,2011-08-10,1184.0,1
sh601908,京运通,C38电气机械和器材制造业,SH,2020-12-10,2021-01-07,6.79,13.66,1.011782032400589,20,28,23832563.009999998,22633535244.0,1131676762.2,False,False,False,2011-09-08,3381.0,1
sh601918,新集能源,B06煤炭开采和洗选业,SH,2015-05-29,2015-06-25,9.2,19.04,1.0695652173913044,20,27,45371949.12,63870629632.0,3193531481.6,False,False,False,2007-12-19,2718.0,1
sh601919,中远海控,G55水上运输业,SH,2007-07-20,2007-09-18,17.73,46.17,1.6040609137055837,20,60,7316790.340000001,25110688057.0,1255534402.85,False,True,False,2007-06-26,24.0,1
sh601929,吉视传媒,I63电信、广播电视和卫星传输服务,SH,2025-07-17,2025-08-13,1.79,3.6,1.011173184357542,20,27,65189459.31000001,15483154517.0,774157725.85,False,False,False,2012-02-23,4893.0,1
sh601949,中国出版,R86新闻和出版业,SH,2017-08-21,2017-09-07,4.01,14.54,2.625935162094763,20,17,12312410.33,15979046021.0,798952301.05,False,True,False,2017-08-21,0.0,1
sh601966,玲珑轮胎,C29橡胶和塑料制品业,SH,2016-07-06,2016-07-19,15.58,43.0,1.7599486521181,20,13,3934608.5499999993,15604377373.0,780218868.65,False,True,False,2016-07-06,0.0,1
sh601968,宝钢包装,C33金属制品业,SH,2015-06-11,2015-07-01,4.44,15.35,2.457207207207207,20,20,5299214.4399999995,6631791524.0,331589576.2,False,True,False,2015-06-11,0.0,1
sh601985,中国核电,D44电力、热力生产和供应业,SH,2015-06-10,2015-07-01,4.07,14.38,2.533169533169533,20,21,96038114.96000001,121245039292.0,6062251964.6,False,True,False,2015-06-10,0.0,1
sh601990,南京证券,J67资本市场服务,SH,2018-06-13,2018-06-28,4.55,11.96,1.628571428571429,20,15,17577328.450000003,18662699282.0,933134964.1,False,True,False,2018-06-13,0.0,1
sh601991,大唐发电,D44电力、热力生产和供应业,SH,2007-06-05,2007-06-18,18.27,37.39,1.0465243568691847,20,13,5570500.549999999,13747449978.0,687372498.9,False,False,False,2006-12-20,167.0,1
sh601997,贵阳银行,J66货币金融服务,SH,2016-08-16,2016-08-24,10.19,21.2,1.0804710500490677,20,8,13851664.13,26866292622.0,1343314631.1,False,True,False,2016-08-16,0.0,1
sh601999,出版传媒,R86新闻和出版业,SH,2020-01-07,2020-02-11,6.17,12.55,1.034035656401945,20,35,3457803.33,3158963426.0,157948171.3,False,False,False,2007-12-21,4400.0,1
sh603000,人民网,I64互联网和相关服务,SH,2019-01-23,2019-02-26,8.21,17.42,1.1218026796589524,20,34,2786017.2199999997,2943493998.0,147174699.9,False,False,False,2012-04-27,2462.0,1
sh603001,奥康国际,C19皮革、毛皮、羽毛及其制品和制鞋业,SH,2015-05-15,2015-06-15,26.0,55.58,1.1376923076923076,20,31,1177817.2499999998,4172055079.0,208602753.95,False,False,False,2012-04-26,1114.0,1
sh603005,晶方科技,C39计算机、通信和其他电子设备制造业,SH,2014-02-10,2014-02-20,22.99,47.8,1.0791648542844716,20,10,2338936.83,9652236624.0,482611831.2,False,True,False,2014-02-10,0.0,1
sh603006,联明股份,C36汽车制造业,SH,2014-06-30,2014-07-15,11.92,37.07,2.1098993288590604,20,15,753271.01,2371117718.0,118555885.9,False,True,False,2014-06-30,0.0,1
sh603007,顺景科技,E48土木工程建筑业,SH,2016-08-26,2016-09-20,13.99,60.0,3.2887776983559682,20,25,891565.96,4875844107.0,243792205.35,False,True,False,2016-08-26,0.0,1
sh603009,北特科技,C36汽车制造业,SH,2014-07-18,2014-08-04,8.41,28.56,2.3959571938168844,20,17,1105420.85,2674453046.0,133722652.3,False,True,False,2014-07-18,0.0,1
sh603010,万盛股份,C26化学原料和化学制品制造业,SH,2014-10-10,2014-11-06,14.04,30.7,1.1866096866096867,20,27,1134123.44,3006038758.0,150301937.9,False,True,False,2014-10-10,0.0,1
sh603011,合锻智能,C34通用设备制造业,SH,2014-11-07,2014-12-05,6.13,37.53,5.122349102773247,20,28,224826.40999999997,749333060.0,37466653.0,False,True,False,2014-11-07,0.0,1
sh603012,创力集团,C35专用设备制造业,SH,2015-05-07,2015-05-27,24.5,52.16,1.1289795918367345,20,20,3073514.6800000006,10571722000.0,528586100.0,False,True,False,2015-03-20,48.0,1
sh603013,亚普股份,C36汽车制造业,SH,2018-05-09,2018-05-25,16.8,48.88,1.9095238095238094,20,16,2812502.02,11801874104.0,590093705.2,False,True,False,2018-05-09,0.0,1
sh603015,弘讯科技,C40仪器仪表制造业,SH,2015-03-03,2015-03-19,12.72,26.93,1.117138364779874,20,16,1777524.79,4251823905.0,212591195.25,False,True,False,2015-03-03,0.0,1
sh603016,新宏泰,C38电气机械和器材制造业,SH,2016-07-01,2016-07-22,12.23,51.08,3.176614881439084,20,21,761132.94,3499071404.0,174953570.2,False,True,False,2016-07-01,0.0,1
sh603017,中衡设计,M74专业技术服务业,SH,2024-04-16,2024-04-26,6.92,15.03,1.1719653179190752,20,10,2190198.74,2639371374.0,131968568.7,False,False,False,2014-12-31,3394.0,1
sh603019,中科曙光,C39计算机、通信和其他电子设备制造业,SH,2014-11-06,2014-12-03,7.62,46.63,5.119422572178478,20,27,35522.47000000001,103848935.0,5192446.75,False,True,False,2014-11-06,0.0,1
sh603020,爱普股份,C14食品制造业,SH,2015-05-07,2015-05-28,43.2,89.76,1.077777777777778,20,21,1168955.8099999998,7173658480.0,358682924.0,False,True,False,2015-03-25,43.0,1
sh603021,*ST华鹏,C30非金属矿物制品业,SH,2015-04-23,2015-05-21,12.57,70.99,4.647573587907717,20,28,982496.4099999999,3802317144.0,190115857.2,True,True,False,2015-04-23,0.0,1
sh603022,新通联,C20木材加工和木、竹、藤、棕、草制品业,SH,2015-05-18,2015-06-12,20.61,87.6,3.2503639010189227,20,25,419079.25999999995,3127527049.0,156376352.45,False,True,False,2015-05-18,0.0,1
sh603023,威帝股份,C39计算机、通信和其他电子设备制造业,SH,2015-05-27,2015-06-17,19.08,77.0,3.035639412997904,20,21,332879.35,2215320086.0,110766004.3,False,True,False,2015-05-27,0.0,1
sh603025,大豪科技,C39计算机、通信和其他电子设备制造业,SH,2015-04-22,2015-05-20,16.08,55.52,2.4527363184079607,20,28,1592255.99,6100120029.0,305006001.45,False,True,False,2015-04-22,0.0,1
sh603026,石大胜华,C26化学原料和化学制品制造业,SH,2015-05-29,2015-06-18,7.81,35.59,3.556978233034572,20,20,914703.94,2815594432.0,140779721.6,False,True,False,2015-05-29,0.0,1
sh603027,千禾味业,C14食品制造业,SH,2016-03-07,2016-03-25,11.03,33.27,2.016319129646419,20,18,1770281.51,5147821406.0,257391070.3,False,True,False,2016-03-07,0.0,1
sh603028,赛福天,C33金属制品业,SH,2016-03-31,2016-04-27,6.13,34.12,4.566068515497553,20,27,1410821.5,4189921454.0,209496072.7,False,True,False,2016-03-31,0.0,1
sh603029,天鹅股份,C35专用设备制造业,SH,2016-04-27,2016-05-16,12.86,40.38,2.1399688958009335,20,19,971951.8400000001,3490381020.0,174519051.0,False,True,False,2016-04-27,0.0,1
sh603030,全筑股份,E50建筑装饰、装修和其他建筑业,SH,2015-03-20,2015-04-16,14.18,41.8,1.9478138222849082,20,27,1784419.19,6006798641.0,300339932.05,False,True,False,2015-03-20,0.0,1
sh603031,安孚科技,C38电气机械和器材制造业,SH,2016-08-22,2016-09-20,16.86,75.75,3.49288256227758,20,29,459415.64999999997,2976016443.0,148800822.15,False,True,False,2016-08-22,0.0,1
sh603032,德新科技,C35专用设备制造业,SH,2017-01-05,2017-02-08,6.97,29.39,3.216642754662841,20,34,978076.7400000001,2561736847.0,128086842.35,False,True,False,2017-01-05,0.0,1
sh603033,三维股份,C29橡胶和塑料制品业,SH,2016-12-07,2016-12-21,21.06,64.88,2.080721747388414,20,14,630348.19,3577921717.0,178896085.85,False,True,False,2016-12-07,0.0,1
sh603035,常熟汽饰,C36汽车制造业,SH,2017-01-05,2017-01-17,12.53,27.32,1.1803671189146052,20,12,3446567.64,8370410951.0,418520547.55,False,True,False,2017-01-05,0.0,1
sh603036,如通股份,C35专用设备制造业,SH,2016-12-09,2016-12-27,9.85,29.12,1.956345177664975,20,18,1738418.1800000002,4555587981.0,227779399.05,False,True,False,2016-12-09,0.0,1
sh603037,凯众股份,C36汽车制造业,SH,2017-01-20,2017-02-15,23.05,59.98,1.6021691973969627,20,26,756740.74,3955216542.0,197760827.1,False,True,False,2017-01-20,0.0,1
sh603038,华立股份,C41其他制造业,SH,2017-01-16,2017-02-15,33.49,71.88,1.1463123320394146,20,30,669270.2100000001,4121184517.0,206059225.85,False,True,False,2017-01-16,0.0,1
sh603039,泛微网络,I65软件和信息技术服务业,SH,2017-01-13,2017-02-14,21.46,84.5,2.9375582479030755,20,32,410551.88,3251985564.0,162599278.2,False,True,False,2017-01-13,0.0,1
sh603040,新坐标,C36汽车制造业,SH,2017-02-09,2017-02-27,23.67,72.34,2.056189269117026,20,18,441075.19000000006,3032323629.0,151616181.45,False,True,False,2017-02-09,0.0,1
sh603041,美思德,C26化学原料和化学制品制造业,SH,2017-03-30,2017-04-14,18.6,43.88,1.3591397849462363,20,15,543548.23,1911715539.0,95585776.95,False,True,False,2017-03-30,0.0,1
sh603042,华脉科技,C39计算机、通信和其他电子设备制造业,SH,2017-06-02,2017-06-14,16.21,34.74,1.1431215299198025,20,12,1049450.79,3211495673.0,160574783.65,False,True,False,2017-06-02,0.0,1
sh603045,福达合金,C38电气机械和器材制造业,SH,2018-05-17,2018-06-11,13.9,58.79,3.2294964028776976,20,25,760599.6500000001,4112267053.0,205613352.65,False,True,False,2018-05-17,0.0,1
sh603050,科林电气,C38电气机械和器材制造业,SH,2017-04-14,2017-05-08,12.35,57.34,3.6429149797570854,20,24,976219.63,4955924119.0,247796205.95,False,True,False,2017-04-14,0.0,1
sh603051,鹿山新材,C29橡胶和塑料制品业,SH,2022-03-25,2022-04-07,30.95,72.37,1.3382875605815836,20,13,1583510.3499999999,8518405114.0,425920255.7,False,True,False,2022-03-25,0.0,1
sh603052,可川科技,C39计算机、通信和其他电子设备制造业,SH,2022-10-12,2022-11-07,17.72,59.98,2.384875846501129,20,26,4336236.230000001,4270551785.0,213527589.25,False,True,False,2022-10-11,1.0,1
sh603055,台华新材,C17纺织业,SH,2017-09-21,2017-10-18,13.26,27.51,1.074660633484163,20,27,2720974.39,6617365226.0,330868261.3,False,True,False,2017-09-21,0.0,1
sh603058,永吉股份,C23印刷和记录媒介复制业,SH,2016-12-23,2017-01-13,5.71,24.55,3.299474605954466,20,21,1104807.49,2297316250.0,114865812.5,False,True,False,2016-12-23,0.0,1
sh603060,国检集团,M74专业技术服务业,SH,2016-11-09,2016-12-02,12.05,51.35,3.2614107883817427,20,23,1523952.51,7182595412.0,359129770.6,False,True,False,2016-11-09,0.0,1
sh603061,金海通,C35专用设备制造业,SH,2023-03-03,2023-03-15,70.3,150.8,1.1450924608819348,20,12,863516.49,10817233610.0,540861680.5,False,True,False,2023-03-03,0.0,1
sh603063,禾望电气,C38电气机械和器材制造业,SH,2026-04-13,2026-05-13,30.48,61.86,1.029527559055118,20,30,9159738.26,39348979949.0,1967448997.45,False,False,False,2017-07-28,3181.0,1
sh603065,宿迁联盛,C26化学原料和化学制品制造业,SH,2026-05-29,2026-06-17,7.48,15.9,1.1256684491978608,20,19,4131894.92,4935052103.0,246752605.15,False,False,False,2023-03-21,1165.0,1
sh603066,音飞储存,G59装卸搬运和仓储业,SH,2015-06-11,2015-06-26,14.92,46.43,2.1119302949061662,20,15,530106.7899999999,1895560831.0,94778041.55,False,True,False,2015-06-11,0.0,1
sh603067,振华股份,C26化学原料和化学制品制造业,SH,2016-09-13,2016-10-11,8.83,28.58,2.2366930917327292,20,28,1898282.27,4914805887.0,245740294.35,False,True,False,2016-09-13,0.0,1
sh603068,博通集成,C39计算机、通信和其他电子设备制造业,SH,2019-04-15,2019-04-26,26.83,63.26,1.3578084234066345,20,11,1264358.9200000002,6496602791.0,324830139.55,False,True,False,2019-04-15,0.0,1
sh603069,海汽集团,G54道路运输业,SH,2016-07-12,2016-08-04,4.58,27.59,5.024017467248908,20,23,1969633.32,4739847032.0,236992351.6,False,True,False,2016-07-12,0.0,1
sh603070,万控智造,C38电气机械和器材制造业,SH,2022-03-10,2022-03-28,11.3,42.58,2.7681415929203537,20,18,3705042.5900000003,11530072024.0,576503601.2,False,True,False,2022-03-10,0.0,1
sh603076,乐惠国际,C35专用设备制造业,SH,2017-11-13,2017-11-22,23.65,51.5,1.177589852008457,20,9,638575.5799999998,2716591101.0,135829555.05,False,True,False,2017-11-13,0.0,1
sh603077,和邦生物,C26化学原料和化学制品制造业,SH,2021-08-20,2021-09-16,2.4,5.11,1.1291666666666669,20,27,123538583.74,43663588195.0,2183179409.75,False,False,False,2012-07-31,3307.0,1
sh603078,江化微,C26化学原料和化学制品制造业,SH,2017-04-10,2017-04-28,34.82,72.85,1.0921883974727167,20,18,552011.2499999999,3592585313.0,179629265.65,False,True,False,2017-04-10,0.0,1
sh603079,圣达生物,C14食品制造业,SH,2017-08-23,2017-09-11,18.11,75.01,3.1419105466593047,20,19,603337.1499999999,3903821621.0,195191081.05,False,True,False,2017-08-23,0.0,1
sh603080,新疆火炬,D45燃气生产和供应业,SH,2018-01-03,2018-01-18,16.32,55.88,2.4240196078431375,20,15,1229867.24,5800455500.0,290022775.0,False,True,False,2018-01-03,0.0,1
sh603081,大丰实业,C35专用设备制造业,SH,2017-04-20,2017-05-03,15.0,32.18,1.1453333333333333,20,13,1890586.2600000002,5098703732.0,254935186.6,False,True,False,2017-04-20,0.0,1
sh603083,剑桥科技,C39计算机、通信和其他电子设备制造业,SH,2017-11-10,2017-11-24,18.06,56.19,2.111295681063123,20,14,974921.3500000001,4825920797.0,241296039.85,False,True,False,2017-11-10,0.0,1
sh603085,天成自控,C36汽车制造业,SH,2015-06-30,2015-07-27,10.47,38.21,2.6494746895893027,20,27,1398284.12,4030500501.0,201525025.05,False,True,False,2015-06-30,0.0,1
sh603086,先达股份,C26化学原料和化学制品制造业,SH,2017-05-11,2017-05-31,21.17,49.49,1.3377420878601796,20,20,818845.27,3527003818.0,176350190.9,False,True,False,2017-05-11,0.0,1
sh603087,甘李药业,C27医药制造业,SH,2020-06-29,2020-07-15,91.18,286.18,2.13862689186225,20,16,592616.2200000001,12925017769.0,646250888.45,False,True,False,2020-06-29,0.0,1
sh603088,宁波精达,C34通用设备制造业,SH,2014-11-11,2014-12-03,10.28,56.72,4.517509727626459,20,22,462109.18000000005,2308950114.0,115447505.7,False,True,False,2014-11-11,0.0,1
sh603089,正裕工业,C36汽车制造业,SH,2017-01-26,2017-02-17,16.75,47.81,1.8543283582089551,20,22,697081.86,2965102028.0,148255101.4,False,True,False,2017-01-26,0.0,1
sh603090,宏盛股份,C34通用设备制造业,SH,2016-08-31,2016-09-26,10.16,56.09,4.520669291338583,20,26,250450.11,1178527883.0,58926394.15,False,True,False,2016-08-31,0.0,1
sh603093,南华期货,J67资本市场服务,SH,2019-08-30,2019-09-26,6.97,33.86,3.857962697274032,20,27,2065584.27,6252165759.0,312608287.95,False,True,False,2019-08-30,0.0,1
sh603096,新经典,R86新闻和出版业,SH,2017-04-25,2017-05-09,25.86,60.8,1.3511214230471769,20,14,1211632.3599999999,6304245249.0,315212262.45,False,True,False,2017-04-25,0.0,1
sh603097,江苏华辰,C38电气机械和器材制造业,SH,2022-05-12,2022-06-02,10.24,32.2,2.14453125,20,21,2895799.880000001,7928450265.0,396422513.25,False,True,False,2022-05-12,0.0,1
sh603098,森特股份,E50建筑装饰、装修和其他建筑业,SH,2016-12-16,2016-12-28,13.22,28.34,1.1437216338880485,20,12,1548808.4400000002,3764645796.0,188232289.8,False,True,False,2016-12-16,0.0,1
sh603099,长白山,N78公共设施管理业,SH,2014-08-22,2014-09-10,5.45,18.8,2.44954128440367,20,19,1942693.3699999999,3267993939.0,163399696.95,False,True,False,2014-08-22,0.0,1
sh603100,川仪股份,C40仪器仪表制造业,SH,2014-08-05,2014-08-21,8.06,16.17,1.0062034739454093,20,16,3426229.49,4948271060.0,247413553.0,False,True,False,2014-08-05,0.0,1
sh603101,汇嘉时代,F52零售业,SH,2016-05-06,2016-06-02,12.69,30.0,1.3640661938534282,20,27,2477433.2,6131692803.0,306584640.15,False,True,False,2016-05-06,0.0,1
sh603103,横店影视,R87广播、电视、电影和录音制作业,SH,2017-10-12,2017-10-24,18.54,47.36,1.5544768069039914,20,12,1757662.3499999999,7006708374.0,350335418.7,False,True,False,2017-10-12,0.0,1
sh603105,芯能科技,D44电力、热力生产和供应业,SH,2018-07-09,2018-07-30,5.8,28.49,3.912068965517241,20,21,2673363.2800000003,6828385261.0,341419263.05,False,True,False,2018-07-09,0.0,1
sh603106,恒银科技,C39计算机、通信和其他电子设备制造业,SH,2017-09-20,2017-10-18,15.48,42.96,1.7751937984496124,20,28,3427828.3000000003,12503548551.0,625177427.55,False,True,False,2017-09-20,0.0,1
sh603108,润达医疗,F51批发业,SH,2015-05-27,2015-06-24,24.48,104.31,3.2610294117647056,20,28,455508.92999999993,4155464307.0,207773215.35,False,True,False,2015-05-27,0.0,1
sh603109,神驰机电,C38电气机械和器材制造业,SH,2020-04-13,2020-04-30,20.2,42.96,1.1267326732673268,20,17,1739440.7899999998,5258452177.0,262922608.85,False,False,False,2019-12-31,104.0,1
sh603110,东方材料,C26化学原料和化学制品制造业,SH,2017-10-13,2017-10-25,15.65,40.27,1.573162939297125,20,12,1054014.65,3674724583.0,183736229.15,False,True,False,2017-10-13,0.0,1
sh603111,康尼机电,C37铁路、船舶、航空航天和其他运输设备制造业,SH,2014-08-01,2014-08-21,8.27,20.38,1.464328899637243,20,20,2787460.38,5001980718.0,250099035.9,False,True,False,2014-08-01,0.0,1
sh603113,金能科技,C26化学原料和化学制品制造业,SH,2017-05-11,2017-05-19,16.04,32.5,1.0261845386533666,20,8,2007996.2100000002,5148139272.0,257406963.6,False,True,False,2017-05-11,0.0,1
sh603115,海星股份,C39计算机、通信和其他电子设备制造业,SH,2019-08-09,2019-09-05,14.66,29.75,1.029331514324693,20,27,2651856.88,7039790713.0,351989535.65,False,True,False,2019-08-09,0.0,1
sh603117,万林物流,G55水上运输业,SH,2015-06-29,2015-07-15,8.54,21.73,1.5444964871194382,20,16,2205640.0799999996,3920933326.0,196046666.3,False,True,False,2015-06-29,0.0,1
sh603118,共进股份,C39计算机、通信和其他电子设备制造业,SH,2015-04-24,2015-05-26,33.63,72.52,1.15640796907523,20,32,1793136.3900000001,8633016176.0,431650808.8,False,True,False,2015-02-25,58.0,1
sh603121,华培动力,C36汽车制造业,SH,2019-01-11,2019-01-24,16.98,40.06,1.35924617196702,20,13,2985208.24,9340934655.0,467046732.75,False,True,False,2019-01-11,0.0,1
sh603122,合富中国,F51批发业,SH,2022-02-16,2022-03-10,5.03,22.5,3.4731610337972167,20,22,4913936.32,9522651300.0,476132565.0,False,True,False,2022-02-16,0.0,1
sh603123,翠微股份,F52零售业,SH,2021-12-16,2022-01-13,7.48,15.13,1.022727272727273,20,28,8596641.76,10024620060.0,501231003.0,False,False,False,2012-05-03,3514.0,1
sh603125,常青科技,C26化学原料和化学制品制造业,SH,2023-05-24,2023-05-25,14.19,33.39,1.353065539112051,20,1,11002169.469999999,2675802599.0,133790129.95,False,True,False,2023-04-10,44.0,1
sh603126,中材节能,M74专业技术服务业,SH,2014-07-31,2014-08-22,4.15,17.89,3.3108433734939755,20,22,4126959.3300000005,5779103695.0,288955184.75,False,True,False,2014-07-31,0.0,1
sh603127,昭衍新药,M73研究和试验发展,SH,2017-08-25,2017-09-15,18.01,75.24,3.1776790671848962,20,21,300145.3,1988490424.0,99424521.2,False,True,False,2017-08-25,0.0,1
sh603128,华贸物流,G58多式联运和运输代理业,SH,2013-08-01,2013-08-28,5.18,10.36,1.0,20,27,2919190.62,2096197150.0,104809857.5,False,False,False,2012-05-29,429.0,1
sh603129,春风动力,C37铁路、船舶、航空航天和其他运输设备制造业,SH,2017-08-18,2017-09-01,19.63,50.92,1.5939887926642897,20,14,904066.8899999999,3914000851.0,195700042.55,False,True,False,2017-08-18,0.0,1
sh603131,上海沪工,C34通用设备制造业,SH,2016-06-07,2016-07-06,14.53,88.88,5.116999311768755,20,29,20185.910000000003,123406958.0,6170347.9,False,True,False,2016-06-07,0.0,1
sh603136,天目湖,N78公共设施管理业,SH,2017-09-27,2017-10-16,23.62,59.38,1.5139712108382728,20,19,776663.6000000001,3940642093.0,197032104.65,False,True,False,2017-09-27,0.0,1
sh603137,恒尚节能,E50建筑装饰、装修和其他建筑业,SH,2026-06-11,2026-07-08,11.2,22.91,1.0455357142857142,20,27,737569.3099999999,1418996348.0,70949817.4,False,False,False,2023-04-19,1149.0,1
sh603138,海量数据,I65软件和信息技术服务业,SH,2017-03-06,2017-03-31,14.39,83.9,4.830437804030577,20,25,207022.31,1607040239.0,80352011.95,False,True,False,2017-03-06,0.0,1
sh603139,康惠股份,C27医药制造业,SH,2017-04-21,2017-05-04,20.98,44.5,1.121067683508103,20,13,661625.4700000001,2468739325.0,123436966.25,False,True,False,2017-04-21,0.0,1
sh603158,腾龙股份,C36汽车制造业,SH,2015-04-28,2015-05-26,35.01,70.09,1.0019994287346474,20,28,895158.1099999999,4252418048.0,212620902.4,False,True,False,2015-03-20,39.0,1
sh603159,上海亚虹,C29橡胶和塑料制品业,SH,2016-08-12,2016-09-08,9.91,58.99,4.952573158425833,20,27,200967.03,1125239671.0,56261983.55,False,True,False,2016-08-12,0.0,1
sh603160,汇顶科技,C39计算机、通信和其他电子设备制造业,SH,2016-10-17,2016-11-11,23.3,170.98,6.338197424892703,20,25,61738.31,861262701.0,43063135.05,False,True,False,2016-10-17,0.0,1
sh603162,海通发展,G55水上运输业,SH,2023-04-28,2023-05-23,7.69,28.22,2.6697009102730815,20,25,1081338.36,571957973.0,28597898.65,False,True,False,2023-03-29,30.0,1
sh603165,荣晟环保,C22造纸和纸制品业,SH,2017-01-17,2017-02-16,15.03,44.5,1.9607451763140387,20,30,1423649.9699999997,5207692027.0,260384601.35,False,True,False,2017-01-17,0.0,1
sh603166,福达股份,C36汽车制造业,SH,2014-11-27,2014-12-12,8.35,23.84,1.8550898203592814,20,15,1371611.8399999999,2790244873.0,139512243.65,False,True,False,2014-11-27,0.0,1
sh603167,渤海轮渡,G55水上运输业,SH,2020-07-24,2020-08-12,7.36,14.87,1.0203804347826084,20,19,3219273.15,3328098615.0,166404930.75,False,False,False,2012-09-06,2878.0,1
sh603168,莎普爱思,C27医药制造业,SH,2014-07-02,2014-07-25,26.22,79.9,2.0472921434019837,20,23,591723.8899999999,4291721246.0,214586062.3,False,True,False,2014-07-02,0.0,1
sh603169,兰石重装,C35专用设备制造业,SH,2014-10-09,2014-11-05,2.02,14.8,6.326732673267327,20,27,2723742.2699999996,3125367460.0,156268373.0,False,True,False,2014-10-09,0.0,1
sh603170,宝立食品,C14食品制造业,SH,2022-07-15,2022-07-29,12.06,35.84,1.9718076285240467,20,14,1614922.9599999997,4852476401.0,242623820.05,False,True,False,2022-07-15,0.0,1
sh603171,税友股份,I64互联网和相关服务,SH,2021-06-30,2021-07-16,16.0,60.26,2.76625,20,16,1513079.17,7130551412.0,356527570.6,False,True,False,2021-06-30,0.0,1
sh603176,汇通集团,E48土木工程建筑业,SH,2021-12-31,2022-01-26,2.04,11.89,4.82843137254902,20,26,2724795.07,2740074745.0,137003737.25,False,True,False,2021-12-31,0.0,1
sh603177,德创环保,N77生态保护和环境治理业,SH,2017-02-07,2017-03-06,5.18,31.72,5.123552123552123,20,27,322144.68,964998540.0,48249927.0,False,True,False,2017-02-07,0.0,1
sh603178,圣龙股份,C36汽车制造业,SH,2017-03-28,2017-04-13,10.84,26.86,1.4778597785977858,20,16,1095380.18,2521160724.0,126058036.2,False,True,False,2017-03-28,0.0,1
sh603179,新泉股份,C36汽车制造业,SH,2017-03-17,2017-04-12,16.81,52.95,2.1499107674003572,20,26,1433365.69,6711800798.0,335590039.9,False,True,False,2017-03-17,0.0,1
sh603181,皇马科技,C26化学原料和化学制品制造业,SH,2017-08-24,2017-09-11,14.92,45.49,2.048927613941019,20,18,2187570.1100000003,8337457386.0,416872869.3,False,True,False,2017-08-24,0.0,1
sh603183,建研院,M74专业技术服务业,SH,2017-09-05,2017-09-26,19.53,81.6,3.1781874039938547,20,21,675158.06,4678226392.0,233911319.6,False,True,False,2017-09-05,0.0,1
sh603186,华正新材,C39计算机、通信和其他电子设备制造业,SH,2017-01-03,2017-02-06,7.73,31.65,3.0944372574385506,20,34,915646.5200000001,2617768170.0,130888408.5,False,True,False,2017-01-03,0.0,1
sh603189,*ST网达,I65软件和信息技术服务业,SH,2016-09-14,2016-10-17,10.45,45.0,3.3062200956937806,20,33,864570.53,3658764562.0,182938228.1,True,True,False,2016-09-14,0.0,1
sh603191,望变电气,C38电气机械和器材制造业,SH,2022-04-28,2022-05-11,14.23,30.26,1.1264933239634574,20,13,5638973.0,12557258224.0,627862911.2,False,True,False,2022-04-28,0.0,1
sh603192,汇得科技,C26化学原料和化学制品制造业,SH,2018-08-28,2018-09-06,23.52,54.8,1.3299319727891157,20,9,1579347.03,7704240402.0,385212020.1,False,True,False,2018-08-28,0.0,1
sh603195,公牛集团,C38电气机械和器材制造业,SH,2020-02-06,2020-02-20,71.34,193.99,1.7192318474908888,20,14,1873330.0999999999,32528848345.0,1626442417.25,False,True,False,2020-02-06,0.0,1
sh603196,璞源材料,C18纺织服装、服饰业,SH,2017-05-31,2017-06-12,8.5,21.86,1.571764705882353,20,12,2067072.2,3855016846.0,192750842.3,False,True,False,2017-05-31,0.0,1
sh603198,迎驾贡酒,C15酒、饮料和精制茶制造业,SH,2015-05-28,2015-06-15,14.16,53.34,2.7669491525423733,20,18,1947055.13,8095068852.0,404753442.6,False,True,False,2015-05-28,0.0,1
sh603199,九华旅游,N78公共设施管理业,SH,2015-03-26,2015-04-10,17.4,44.97,1.5844827586206898,20,15,668754.7400000001,2730813383.0,136540669.15,False,True,False,2015-03-26,0.0,1
sh603200,上海洗霸,N77生态保护和环境治理业,SH,2017-06-01,2017-06-13,24.98,53.56,1.1441152922337872,20,12,697882.0499999998,3300207410.0,165010370.5,False,True,False,2017-06-01,0.0,1
sh603203,快克智能,C35专用设备制造业,SH,2016-11-08,2016-11-28,19.8,90.23,3.5570707070707073,20,20,406251.97,3296495085.0,164824754.25,False,True,False,2016-11-08,0.0,1
sh603211,晋拓股份,C36汽车制造业,SH,2022-07-25,2022-08-09,7.86,26.91,2.4236641221374047,20,15,3316017.51,7329354451.0,366467722.55,False,True,False,2022-07-25,0.0,1
sh603212,赛伍技术,C29橡胶和塑料制品业,SH,2020-04-30,2020-05-20,15.06,32.97,1.189243027888446,20,20,2101284.75,6048208216.0,302410410.8,False,True,False,2020-04-30,0.0,1
sh603213,镇洋发展,C26化学原料和化学制品制造业,SH,2021-11-11,2021-11-26,7.19,23.48,2.265646731571627,20,15,3473347.7400000007,6396757534.0,319837876.7,False,True,False,2021-11-11,0.0,1
sh603214,爱婴室,F52零售业,SH,2018-03-30,2018-04-16,23.94,67.1,1.8028404344193816,20,17,1186207.95,6874560827.0,343728041.35,False,True,False,2018-03-30,0.0,1
sh603216,梦天家居,C20木材加工和木、竹、藤、棕、草制品业,SH,2021-12-15,2021-12-23,20.23,43.02,1.1265447355412754,20,8,2854199.1999999997,8689059615.0,434452980.75,False,True,False,2021-12-15,0.0,1
sh603219,富佳股份,C38电气机械和器材制造业,SH,2021-11-22,2021-12-15,11.47,26.91,1.346120313862249,20,23,2412102.06,5715778236.0,285788911.8,False,True,False,2021-11-22,0.0,1
sh603220,中贝通信,I65软件和信息技术服务业,SH,2018-11-15,2018-11-28,9.42,23.15,1.4575371549893843,20,13,4681243.359999999,9844147079.0,492207353.95,False,True,False,2018-11-15,0.0,1
sh603221,爱丽家居,C29橡胶和塑料制品业,SH,2024-03-05,2024-03-29,7.38,15.75,1.1341463414634148,20,24,1084382.89,1247036931.0,62351846.55,False,False,False,2020-03-23,1443.0,1
sh603222,济民健康,C35专用设备制造业,SH,2015-02-17,2015-03-09,10.6,23.9,1.2547169811320753,20,20,1176553.5999999999,2532596431.0,126629821.55,False,True,False,2015-02-17,0.0,1
sh603223,恒通股份,D45燃气生产和供应业,SH,2015-06-30,2015-07-27,11.97,33.65,1.8111946532999164,20,27,1470597.4800000002,3573653705.0,178682685.25,False,True,False,2015-06-30,0.0,1
sh603227,雪峰科技,C26化学原料和化学制品制造业,SH,2015-05-15,2015-06-11,7.17,43.91,5.1241283124128305,20,27,506917.58,1877734491.0,93886724.55,False,True,False,2015-05-15,0.0,1
sh603229,奥翔药业,C27医药制造业,SH,2017-05-09,2017-06-01,11.25,26.18,1.327111111111111,20,23,1957818.6,4535924511.0,226796225.55,False,True,False,2017-05-09,0.0,1
sh603230,内蒙新华,R86新闻和出版业,SH,2026-08-28,2026-09-24,9.01,18.47,1.0499445061043287,20,27,4292730.279999999,1242325396.0,62116269.8,False,False,False,2021-12-24,1708.0,1
sh603232,格尔软件,I65软件和信息技术服务业,SH,2017-04-21,2017-05-17,26.06,77.0,1.954719877206447,20,26,473903.08,3131135247.0,156556762.35,False,True,False,2017-04-21,0.0,1
sh603236,移远通信,C39计算机、通信和其他电子设备制造业,SH,2019-07-16,2019-08-12,52.72,138.41,1.6253793626707131,20,27,923310.5700000001,11300902550.0,565045127.5,False,True,False,2019-07-16,0.0,1
sh603237,五芳斋,C14食品制造业,SH,2023-01-19,2023-02-14,21.29,53.87,1.5302959135744483,20,26,2112177.38,2325408512.0,116270425.6,False,False,False,2022-08-31,141.0,1
sh603238,诺邦股份,C17纺织业,SH,2017-02-22,2017-03-09,19.17,54.65,1.8508085550339066,20,15,876606.9600000001,4396116441.0,219805822.05,False,True,False,2017-02-22,0.0,1
sh603239,浙江仙通,C36汽车制造业,SH,2016-12-30,2017-01-26,31.45,67.98,1.1615262321144675,20,27,774522.71,4252662407.0,212633120.35,False,True,False,2016-12-30,0.0,1
sh603256,宏和科技,C30非金属矿物制品业,SH,2019-07-19,2019-08-07,5.32,22.01,3.137218045112782,20,19,3656688.0300000003,7121087295.0,356054364.75,False,True,False,2019-07-19,0.0,1
sh603258,电魂网络,I64互联网和相关服务,SH,2016-10-26,2016-11-17,22.49,88.83,2.949755446865274,20,22,1316712.04,10989020943.0,549451047.15,False,True,False,2016-10-26,0.0,1
sh603259,药明康德,M73研究和试验发展,SH,2018-05-08,2018-06-04,25.92,138.87,4.357638888888888,20,27,1951444.03,24716046934.0,1235802346.7,False,True,False,2018-05-08,0.0,1
sh603260,合盛硅业,C26化学原料和化学制品制造业,SH,2017-10-30,2017-11-15,28.11,83.98,1.9875489149768768,20,16,2052612.65,14902517595.0,745125879.75,False,True,False,2017-10-30,0.0,1
sh603261,立航科技,C37铁路、船舶、航空航天和其他运输设备制造业,SH,2022-03-15,2022-03-30,23.64,75.0,2.1725888324873095,20,15,870937.2499999999,5468085843.0,273404292.15,False,True,False,2022-03-15,0.0,1
sh603266,天龙股份,C29橡胶和塑料制品业,SH,2017-01-10,2017-02-13,21.07,42.53,1.0185097294731849,20,34,942302.05,3599183409.0,179959170.45,False,True,False,2017-01-10,0.0,1
sh603268,松发股份,C37铁路、船舶、航空航天和其他运输设备制造业,SH,2015-03-19,2015-04-14,13.99,35.19,1.5153681200857751,20,26,882339.7399999999,2722543741.0,136127187.05,False,True,False,2015-03-19,0.0,1
sh603269,海鸥股份,C34通用设备制造业,SH,2017-05-17,2017-06-08,12.61,44.44,2.5241871530531323,20,22,1086106.98,3921586014.0,196079300.7,False,True,False,2017-05-17,0.0,1
sh603272,*ST联翔,C24文教、工美、体育和娱乐用品制造业,SH,2022-05-20,2022-05-30,16.37,34.0,1.0769700671960902,20,10,1025239.2,2623027223.0,131151361.15,True,True,False,2022-05-20,0.0,1
sh603273,天元智能,C35专用设备制造业,SH,2023-10-24,2023-10-26,17.88,53.88,2.0134228187919465,20,2,4497941.21,13679370956.0,683968547.8,False,True,False,2023-10-23,1.0,1
sh603278,大业股份,C33金属制品业,SH,2024-11-18,2024-12-06,6.3,12.73,1.0206349206349206,20,18,4796187.72,4158426451.0,207921322.55,False,False,False,2017-11-13,2562.0,1
sh603280,南方路机,C35专用设备制造业,SH,2025-07-10,2025-07-31,25.38,54.86,1.161544523246651,20,21,1564265.95,5536110464.0,276805523.2,False,False,False,2022-11-08,975.0,1
sh603281,江瀚新材,C26化学原料和化学制品制造业,SH,2023-03-03,2023-03-09,26.03,61.1,1.3472915866308104,20,6,4319933.1,5402159661.0,270107983.05,False,True,False,2023-01-31,31.0,1
sh603283,赛腾股份,C35专用设备制造业,SH,2017-12-25,2018-01-16,9.94,36.9,2.7122736418511066,20,22,1217856.04,3985773333.0,199288666.65,False,True,False,2017-12-25,0.0,1
sh603286,日盈电子,C36汽车制造业,SH,2017-06-27,2017-07-12,11.42,32.29,1.8274956217162872,20,15,794058.8899999999,2187461135.0,109373056.75,False,True,False,2017-06-27,0.0,1
sh603289,泰瑞机器,C35专用设备制造业,SH,2017-10-31,2017-11-14,11.28,29.0,1.5709219858156032,20,14,1516384.72,3645991130.0,182299556.5,False,True,False,2017-10-31,0.0,1
sh603290,斯达半导,C39计算机、通信和其他电子设备制造业,SH,2020-02-04,2020-03-02,15.29,112.29,6.344015696533683,20,27,79820.42,699738509.0,34986925.45,False,True,False,2020-02-04,0.0,1
sh603291,联合水务,D46水的生产和供应业,SH,2023-03-27,2023-04-07,7.03,18.1,1.5746799431009957,20,11,2295734.98,3500243839.0,175012191.95,False,True,False,2023-03-27,0.0,1
sh603296,华勤技术,C39计算机、通信和其他电子设备制造业,SH,2023-12-01,2023-12-12,37.2,81.78,1.1983870967741934,20,11,1791454.3499999996,2694749340.0,134737467.0,False,False,False,2023-08-08,115.0,1
sh603297,永新光学,C40仪器仪表制造业,SH,2018-09-10,2018-09-19,31.04,68.97,1.2219716494845363,20,9,1226618.7300000004,6948457112.0,347422855.6,False,True,False,2018-09-10,0.0,1
sh603299,苏盐井神,C26化学原料和化学制品制造业,SH,2015-12-31,2016-01-21,5.31,20.19,2.80225988700565,20,21,2055521.1,3486718246.0,174335912.3,False,True,False,2015-12-31,0.0,1
sh603300,海南华铁,L71租赁业,SH,2015-05-29,2015-06-17,11.84,40.88,2.452702702702703,20,19,1004974.84,3417830672.0,170891533.6,False,True,False,2015-05-29,0.0,1
sh603301,振德医疗,C27医药制造业,SH,2018-04-12,2018-04-27,28.54,78.98,1.7673440784863352,20,15,1008835.4600000001,6871585260.0,343579263.0,False,True,False,2018-04-12,0.0,1
sh603305,旭升集团,C36汽车制造业,SH,2017-07-10,2017-08-01,13.51,51.8,2.8341968911917097,20,22,1559098.8,7050264890.0,352513244.5,False,True,False,2017-07-10,0.0,1
sh603306,华懋科技,C36汽车制造业,SH,2014-09-26,2014-10-13,14.5,30.83,1.1262068965517242,20,17,991192.95,2847866948.0,142393347.4,False,True,False,2014-09-26,0.0,1
sh603307,扬州金泉,C17纺织业,SH,2023-02-17,2023-02-24,30.53,79.2,1.594169669177858,20,7,1020190.04,4223733078.0,211186653.9,False,True,False,2023-02-16,1.0,1
sh603309,维力医疗,C35专用设备制造业,SH,2015-03-02,2015-03-25,18.48,49.56,1.681818181818182,20,23,950846.13,4182675755.0,209133787.75,False,True,False,2015-03-02,0.0,1
sh603311,金海高科,C35专用设备制造业,SH,2015-05-18,2015-06-12,7.76,47.47,5.117268041237113,20,25,41276.91,150650123.0,7532506.15,False,True,False,2015-05-18,0.0,1
sh603313,梦百合,C21家具制造业,SH,2016-10-13,2016-11-04,22.19,57.18,1.5768364127985577,20,22,3328626.86,15548802021.0,777440101.05,False,True,False,2016-10-13,0.0,1
sh603315,福鞍股份,N77生态保护和环境治理业,SH,2015-04-24,2015-05-22,15.51,79.46,4.12314635718891,20,28,869869.6100000001,3729248638.0,186462431.9,False,True,False,2015-04-24,0.0,1
sh603316,诚邦股份,E48土木工程建筑业,SH,2017-06-19,2017-06-30,8.18,22.2,1.7139364303178484,20,11,2213584.83,4472570658.0,223628532.9,False,True,False,2017-06-19,0.0,1
sh603317,天味食品,C14食品制造业,SH,2019-04-16,2019-04-29,16.15,41.77,1.5863777089783286,20,13,2238270.26,8044078843.0,402203942.15,False,True,False,2019-04-16,0.0,1
sh603318,水发燃气,D45燃气生产和供应业,SH,2015-04-24,2015-05-22,9.39,57.44,5.1171458998935035,20,28,21388.920000000002,57534262.0,2876713.1,False,True,False,2015-04-24,0.0,1
sh603319,美湖股份,C36汽车制造业,SH,2016-11-30,2016-12-21,15.06,62.48,3.148738379814077,20,21,404507.55999999994,2276757174.0,113837858.7,False,True,False,2016-11-30,0.0,1
sh603320,迪贝电气,C34通用设备制造业,SH,2017-05-02,2017-05-17,11.92,40.7,2.4144295302013425,20,15,898730.05,3115799510.0,155789975.5,False,True,False,2017-05-02,0.0,1
sh603321,梅轮电梯,C34通用设备制造业,SH,2017-09-15,2017-09-29,7.28,22.66,2.1126373626373627,20,14,1920869.2999999998,3474047579.0,173702378.95,False,True,False,2017-09-15,0.0,1
sh603322,超讯科技,I65软件和信息技术服务业,SH,2016-07-28,2016-08-23,14.39,92.9,5.4558721334259905,20,26,298917.25,2637569346.0,131878467.3,False,True,False,2016-07-28,0.0,1
sh603323,苏农银行,J66货币金融服务,SH,2016-11-29,2016-12-08,8.2,19.16,1.3365853658536588,20,9,3764004.9299999997,6430540504.0,321527025.2,False,True,False,2016-11-29,0.0,1
sh603324,盛剑科技,C35专用设备制造业,SH,2021-04-07,2021-04-23,23.84,51.07,1.1421979865771812,20,16,1344418.1199999999,5715058328.0,285752916.4,False,True,False,2021-04-07,0.0,1
sh603326,我乐家居,C21家具制造业,SH,2017-06-16,2017-07-06,11.84,29.18,1.4645270270270272,20,20,2577025.9200000004,6608080814.0,330404040.7,False,True,False,2017-06-16,0.0,1
sh603327,福蓉科技,C39计算机、通信和其他电子设备制造业,SH,2019-05-23,2019-06-20,10.14,29.86,1.944773175542406,20,28,3027969.24,8247040166.0,412352008.3,False,True,False,2019-05-23,0.0,1
sh603329,上海雅仕,L72商务服务业,SH,2017-12-29,2018-01-25,12.65,37.59,1.9715415019762847,20,27,1777372.9899999995,5521254416.0,276062720.8,False,True,False,2017-12-29,0.0,1
sh603330,天洋新材,C29橡胶和塑料制品业,SH,2017-02-13,2017-02-28,26.19,74.46,1.8430698739977087,20,15,382768.06999999995,2655568711.0,132778435.55,False,True,False,2017-02-13,0.0,1
sh603331,百达精工,C34通用设备制造业,SH,2017-07-05,2017-07-14,11.56,27.05,1.3399653979238755,20,9,835855.6900000001,1810351327.0,90517566.35,False,True,False,2017-07-05,0.0,1
sh603332,苏州龙杰,C28化学纤维制造业,SH,2025-04-21,2025-05-21,8.82,18.0,1.0408163265306123,20,30,4036912.8400000003,5762206959.0,288110347.95,False,False,False,2019-01-17,2286.0,1
sh603335,迪生力,C36汽车制造业,SH,2017-06-20,2017-07-10,4.34,19.77,3.555299539170507,20,20,1338191.65,2220563799.0,111028189.95,False,True,False,2017-06-20,0.0,1
sh603336,宏辉果蔬,C13农副食品加工业,SH,2016-11-24,2016-12-19,11.17,60.7,4.434198746642793,20,25,1162879.75,5968455596.0,298422779.8,False,True,False,2016-11-24,0.0,1
sh603338,浙江鼎力,C35专用设备制造业,SH,2015-05-07,2015-05-28,71.5,147.57,1.0639160839160837,20,21,416173.28,4204419016.0,210220950.8,False,True,False,2015-03-25,43.0,1
sh603339,四方科技,C33金属制品业,SH,2016-05-19,2016-06-08,14.67,55.74,2.79959100204499,20,20,1956735.7,9422637577.0,471131878.85,False,True,False,2016-05-19,0.0,1
sh603345,安井食品,C13农副食品加工业,SH,2017-02-22,2017-03-17,16.01,45.75,1.8575890068707057,20,23,1651180.75,7238572261.0,361928613.05,False,True,False,2017-02-22,0.0,1
sh603348,文灿股份,C36汽车制造业,SH,2018-04-26,2018-05-23,18.31,53.97,1.9475696340797382,20,27,3664353.89,16558286071.0,827914303.55,False,True,False,2018-04-26,0.0,1
sh603353,和顺石油,F52零售业,SH,2025-10-27,2025-11-19,17.3,35.44,1.0485549132947973,20,23,1468734.7799999998,3586496708.0,179324835.4,False,False,False,2020-04-07,2029.0,1
sh603355,莱克电气,C38电气机械和器材制造业,SH,2015-05-13,2015-06-04,22.9,115.0,4.021834061135372,20,22,432541.64,4195362952.0,209768147.6,False,True,False,2015-05-13,0.0,1
sh603357,设计总院,M74专业技术服务业,SH,2017-08-01,2017-08-28,12.53,28.66,1.2873104549082206,20,27,4193302.8600000003,9402352269.0,470117613.45,False,True,False,2017-08-01,0.0,1
sh603359,*ST东珠,E48土木工程建筑业,SH,2017-09-01,2017-09-13,26.18,56.0,1.1390374331550803,20,12,1530901.23,7448840289.0,372442014.45,True,True,False,2017-09-01,0.0,1
sh603360,百傲化学,C26化学原料和化学制品制造业,SH,2017-02-06,2017-02-24,11.09,40.07,2.6131650135256987,20,18,1344141.87,4897103436.0,244855171.8,False,True,False,2017-02-06,0.0,1
sh603363,傲农生物,C13农副食品加工业,SH,2017-09-26,2017-10-20,6.9,23.84,2.455072463768116,20,24,1524564.75,3089080622.0,154454031.1,False,True,False,2017-09-26,0.0,1
sh603366,日出东方,C38电气机械和器材制造业,SH,2019-12-11,2020-01-08,4.29,8.69,1.0256410256410255,20,28,6358703.75,4090871373.0,204543568.65,False,False,False,2012-05-21,2760.0,1
sh603367,辰欣药业,C27医药制造业,SH,2017-09-29,2017-10-17,13.99,32.73,1.3395282344531805,20,18,2690834.9200000004,7535151511.0,376757575.55,False,True,False,2017-09-29,0.0,1
sh603368,柳药集团,F51批发业,SH,2015-04-09,2015-05-20,59.51,122.33,1.0556209040497397,20,41,400814.9,3162938960.0,158146948.0,False,False,False,2014-12-04,126.0,1
sh603373,安邦护卫,L72商务服务业,SH,2024-07-30,2024-08-06,18.03,36.91,1.0471436494731,20,7,4795325.71,1509022954.0,75451147.7,False,False,False,2023-12-20,223.0,1
sh603377,ST东时,P83教育,SH,2016-02-05,2016-02-25,19.68,55.68,1.8292682926829267,20,20,1926466.65,8698976780.0,434948839.0,True,True,False,2016-02-05,0.0,1
sh603378,*ST亚士,C26化学原料和化学制品制造业,SH,2017-09-28,2017-10-17,15.53,39.93,1.5711526078557632,20,19,1890688.14,6600311922.0,330015596.1,True,True,False,2017-09-28,0.0,1
sh603383,顶点软件,I65软件和信息技术服务业,SH,2017-05-22,2017-06-05,22.86,58.81,1.5726159230096242,20,14,928037.5599999999,4737587305.0,236879365.25,False,True,False,2017-05-22,0.0,1
sh603385,惠达卫浴,C30非金属矿物制品业,SH,2017-04-05,2017-04-17,19.11,38.52,1.0156985871271589,20,12,1957609.51,6147181831.0,307359091.55,False,True,False,2017-04-05,0.0,1
sh603386,骏亚科技,C39计算机、通信和其他电子设备制造业,SH,2017-09-12,2017-09-28,8.97,28.2,2.1438127090301,20,16,1411985.28,3397438032.0,169871901.6,False,True,False,2017-09-12,0.0,1
sh603389,亚振家居,C21家具制造业,SH,2016-12-15,2017-01-04,9.35,29.17,2.119786096256685,20,20,2293243.33,5725075006.0,286253750.3,False,True,False,2016-12-15,0.0,1
sh603392,万泰生物,C27医药制造业,SH,2020-04-29,2020-05-29,12.6,77.11,5.11984126984127,20,30,23621.410000000003,107727784.0,5386389.2,False,True,False,2020-04-29,0.0,1
sh603393,新天然气,D45燃气生产和供应业,SH,2016-09-12,2016-09-23,31.99,74.0,1.3132228821506722,20,11,947623.55,5665341459.0,283267072.95,False,True,False,2016-09-12,0.0,1
sh603396,金辰股份,C35专用设备制造业,SH,2017-10-18,2017-11-14,23.36,66.85,1.8617294520547945,20,27,773514.9299999999,4364201953.0,218210097.65,False,True,False,2017-10-18,0.0,1
sh603398,*ST沐邦,C38电气机械和器材制造业,SH,2015-12-09,2016-01-06,20.12,123.01,5.113817097415507,20,28,513357.56,5116623192.0,255831159.6,True,True,False,2015-12-09,0.0,1
sh603399,永杉锂业,C32有色金属冶炼和压延加工业,SH,2021-02-08,2021-02-26,3.24,6.7,1.067901234567901,20,18,3544110.6500000004,1795690445.0,89784522.25,False,False,False,2012-08-24,3090.0,1
sh603400,华之杰,C34通用设备制造业,SH,2025-06-23,2025-06-26,34.79,73.66,1.1172750790457027,20,3,62671921.870000005,7417519607.0,370875980.35,False,True,False,2025-06-20,3.0,1
sh603402,陕西旅游,R88文化艺术业,SH,2026-01-09,2026-01-12,95.38,192.0,1.0130006290626965,20,3,30935178.729999997,16565098990.0,828254949.5,False,True,False,2026-01-06,3.0,1
sh603407,长裕集团,C26化学原料和化学制品制造业,SH,2026-06-11,2026-06-25,47.79,99.61,1.0843272651182256,20,14,54349261.41,8124475828.0,406223791.4,False,True,False,2026-05-11,31.0,1
sh603416,信捷电气,C40仪器仪表制造业,SH,2016-12-21,2017-01-04,21.42,60.3,1.8151260504201678,20,14,710697.26,3697215964.0,184860798.2,False,True,False,2016-12-21,0.0,1
sh603421,鼎信通讯,C40仪器仪表制造业,SH,2016-10-11,2016-11-02,16.82,52.77,2.1373365041617123,20,22,1699712.4,7987158981.0,399357949.05,False,True,False,2016-10-11,0.0,1
sh603429,*ST集友,C23印刷和记录媒介复制业,SH,2017-01-24,2017-02-23,21.6,69.0,2.194444444444444,20,30,359547.47,2320159074.0,116007953.7,True,True,False,2017-01-24,0.0,1
sh603439,三力制药,C27医药制造业,SH,2020-04-28,2020-05-27,8.82,35.18,2.9886621315192743,20,29,2219605.2700000005,6921024903.0,346051245.15,False,True,False,2020-04-28,0.0,1
sh603444,吉比特,I64互联网和相关服务,SH,2017-01-04,2017-02-03,77.76,297.96,2.8317901234567895,20,30,517316.7899999999,12401694115.0,620084705.75,False,True,False,2017-01-04,0.0,1
sh603456,九洲药业,C27医药制造业,SH,2014-10-10,2014-11-04,18.52,40.77,1.201403887688985,20,25,1645818.31,5816085442.0,290804272.1,False,True,False,2014-10-10,0.0,1
sh603466,风语筑,R88文化艺术业,SH,2017-10-20,2017-11-10,19.87,84.0,3.227478610971313,20,21,1237535.6099999999,9290224503.0,464511225.15,False,True,False,2017-10-20,0.0,1
sh603477,巨星农牧,A03畜牧业,SH,2017-12-18,2018-01-02,6.7,20.6,2.074626865671642,20,15,2311511.21,4195994175.0,209799708.75,False,True,False,2017-12-18,0.0,1
sh603486,科沃斯,C39计算机、通信和其他电子设备制造业,SH,2018-05-28,2018-06-12,24.02,82.26,2.4246461282264784,20,15,1507928.26,10814206848.0,540710342.4,False,True,False,2018-05-28,0.0,1
sh603488,展鹏科技,C34通用设备制造业,SH,2017-05-16,2017-05-31,11.04,26.04,1.358695652173913,20,15,1662107.99,3593497677.0,179674883.85,False,True,False,2017-05-16,0.0,1
sh603489,八方股份,C38电气机械和器材制造业,SH,2019-11-11,2019-11-20,52.13,104.95,1.013236140418185,20,9,1699408.7000000002,14719574647.0,735978732.35,False,True,False,2019-11-11,0.0,1
sh603496,恒为科技,C39计算机、通信和其他电子设备制造业,SH,2017-06-07,2017-06-19,16.97,43.65,1.5721862109605187,20,12,675549.32,2519999522.0,125999976.1,False,True,False,2017-06-07,0.0,1
sh603499,翔港科技,C23印刷和记录媒介复制业,SH,2017-10-16,2017-11-01,11.09,41.76,2.7655545536519384,20,16,1097599.85,3840430834.0,192021541.7,False,True,False,2017-10-16,0.0,1
sh603500,祥和实业,C37铁路、船舶、航空航天和其他运输设备制造业,SH,2017-09-04,2017-09-15,15.8,44.75,1.8322784810126582,20,11,913063.88,3450259715.0,172512985.75,False,True,False,2017-09-04,0.0,1
sh603501,豪威集团,C39计算机、通信和其他电子设备制造业,SH,2017-05-04,2017-05-19,10.11,28.84,1.8526211671612267,20,15,1286011.8099999998,2921715010.0,146085750.5,False,True,False,2017-05-04,0.0,1
sh603505,金石资源,B10非金属矿采选业,SH,2017-05-03,2017-05-31,4.49,26.37,4.87305122494432,20,28,2012544.3499999999,4684848994.0,234242449.7,False,True,False,2017-05-03,0.0,1
sh603506,南都物业,K70房地产业,SH,2018-02-01,2018-02-13,19.5,40.68,1.086153846153846,20,12,913697.84,3048603773.0,152430188.65,False,True,False,2018-02-01,0.0,1
sh603508,思维列控,C37铁路、船舶、航空航天和其他运输设备制造业,SH,2015-12-24,2016-01-11,48.33,137.9,1.853300227601904,20,18,779069.34,8319086751.0,415954337.55,False,True,False,2015-12-24,0.0,1
sh603515,欧普照明,C38电气机械和器材制造业,SH,2016-08-19,2016-09-06,17.93,54.02,2.012827663134412,20,18,2087181.2199999995,10194990216.0,509749510.8,False,True,False,2016-08-19,0.0,1
sh603516,淳中科技,C39计算机、通信和其他电子设备制造业,SH,2018-02-02,2018-02-13,23.57,55.1,1.3377174374204497,20,11,1344315.99,6437161265.0,321858063.25,False,True,False,2018-02-02,0.0,1
sh603517,ST绝味,C13农副食品加工业,SH,2017-03-17,2017-03-31,19.31,59.0,2.055411703780425,20,14,1153134.94,5369372449.0,268468622.45,True,True,False,2017-03-17,0.0,1
sh603518,锦泓集团,C18纺织服装、服饰业,SH,2021-04-13,2021-04-28,5.46,11.73,1.1483516483516483,20,15,1051472.4000000001,799111218.0,39955560.9,False,False,False,2014-12-03,2323.0,1
sh603519,立霸股份,C38电气机械和器材制造业,SH,2015-03-19,2015-04-09,16.43,41.9,1.5502130249543518,20,21,653792.4799999999,2292487817.0,114624390.85,False,True,False,2015-03-19,0.0,1
sh603520,司太立,C27医药制造业,SH,2016-03-09,2016-03-24,17.5,46.0,1.6285714285714286,20,15,951624.33,3924170887.0,196208544.35,False,True,False,2016-03-09,0.0,1
sh603527,众源新材,C32有色金属冶炼和压延加工业,SH,2017-09-07,2017-09-25,19.11,49.61,1.5960230245944533,20,18,1446809.4400000002,6117659318.0,305882965.9,False,True,False,2017-09-07,0.0,1
sh603528,多伦科技,I65软件和信息技术服务业,SH,2016-05-03,2016-05-30,13.61,75.68,4.560617193240265,20,27,791146.76,5512316088.0,275615804.4,False,True,False,2016-05-03,0.0,1
sh603530,神马电力,C38电气机械和器材制造业,SH,2019-08-05,2019-08-21,8.55,26.83,2.138011695906432,20,16,1455937.1799999997,3543293029.0,177164651.45,False,True,False,2019-08-05,0.0,1
sh603533,掌阅科技,I64互联网和相关服务,SH,2017-09-21,2017-10-25,5.83,35.66,5.116638078902229,20,34,16865.72,41765455.0,2088272.75,False,True,False,2017-09-21,0.0,1
sh603536,惠发食品,C13农副食品加工业,SH,2017-06-13,2017-06-26,10.99,25.92,1.3585077343039127,20,13,1191360.89,2834745656.0,141737282.8,False,True,False,2017-06-13,0.0,1
sh603538,美诺华,C27医药制造业,SH,2017-04-07,2017-04-19,20.2,40.79,1.0193069306930695,20,12,971234.0399999999,3495753416.0,174787670.8,False,True,False,2017-04-07,0.0,1
sh603556,海兴电力,C40仪器仪表制造业,SH,2016-11-10,2016-11-23,28.36,69.0,1.4330042313117066,20,13,2195267.9499999997,13596054587.0,679802729.35,False,True,False,2016-11-10,0.0,1
sh603557,*ST起步,C19皮革、毛皮、羽毛及其制品和制鞋业,SH,2017-08-18,2017-09-04,11.13,31.75,1.8526504941599278,20,17,1505684.3399999999,4187513728.0,209375686.4,True,True,False,2017-08-18,0.0,1
sh603559,中通国脉,I63电信、广播电视和卫星传输服务,SH,2016-12-02,2016-12-23,12.41,62.19,4.011281224818695,20,21,300043.52,1667082007.0,83354100.35,False,True,False,2016-12-02,0.0,1
sh603566,普莱柯,C27医药制造业,SH,2015-05-18,2015-06-12,22.35,86.49,2.8697986577181203,20,25,869211.1700000002,6570601734.0,328530086.7,False,True,False,2015-05-18,0.0,1
sh603567,珍宝岛,C27医药制造业,SH,2015-04-24,2015-05-19,28.32,85.9,2.0331920903954805,20,25,2205005.34,14308930339.0,715446516.95,False,True,False,2015-04-24,0.0,1
sh603568,伟明环保,N77生态保护和环境治理业,SH,2015-05-28,2015-06-16,16.23,56.03,2.4522489217498458,20,19,688319.48,3203425588.0,160171279.4,False,True,False,2015-05-28,0.0,1
sh603569,长久物流,G54道路运输业,SH,2016-08-10,2016-08-25,18.52,63.39,2.4227861771058317,20,15,851751.37,4855970734.0,242798536.7,False,True,False,2016-08-10,0.0,1
sh603577,汇金通,C33金属制品业,SH,2016-12-22,2017-01-06,15.98,41.45,1.5938673341677099,20,15,797569.66,2843975109.0,142198755.45,False,True,False,2016-12-22,0.0,1
sh603578,三星新材,C30非金属矿物制品业,SH,2017-03-06,2017-03-27,17.65,73.77,3.179603399433428,20,21,496349.56999999995,3329479384.0,166473969.2,False,True,False,2017-03-06,0.0,1
sh603579,荣泰健康,C38电气机械和器材制造业,SH,2017-01-11,2017-02-09,53.59,129.85,1.423026684082851,20,29,648062.81,7262369584.0,363118479.2,False,True,False,2017-01-11,0.0,1
sh603580,艾艾精工,C29橡胶和塑料制品业,SH,2017-05-25,2017-06-15,11.77,46.25,2.929481733220051,20,21,438818.93,1837888797.0,91894439.85,False,True,False,2017-05-25,0.0,1
sh603588,高能环境,N77生态保护和环境治理业,SH,2014-12-29,2015-01-22,21.88,49.64,1.2687385740402197,20,24,1660750.4300000002,6862492683.0,343124634.15,False,True,False,2014-12-29,0.0,1
sh603589,口子窖,C15酒、饮料和精制茶制造业,SH,2015-06-29,2015-07-24,19.2,38.91,1.0265624999999998,20,25,2490011.5300000003,8129817575.0,406490878.75,False,True,False,2015-06-29,0.0,1
sh603590,康辰药业,C27医药制造业,SH,2025-06-24,2025-07-21,29.8,59.9,1.0100671140939594,20,27,1286446.23,5738297499.0,286914874.95,False,False,False,2018-08-27,2493.0,1
sh603595,ST东尼,C39计算机、通信和其他电子设备制造业,SH,2017-07-12,2017-08-03,18.73,54.86,1.9289909236518952,20,22,969803.1599999999,4326010838.0,216300541.9,True,True,False,2017-07-12,0.0,1
sh603596,伯特利,C36汽车制造业,SH,2018-04-27,2018-05-23,21.74,55.58,1.5565777368905245,20,26,2114663.13,10433585461.0,521679273.05,False,True,False,2018-04-27,0.0,1
sh603598,引力传媒,L72商务服务业,SH,2015-05-27,2015-06-24,8.64,63.45,6.34375,20,28,459312.0,2575610333.0,128780516.65,False,True,False,2015-05-27,0.0,1
sh603599,广信股份,C26化学原料和化学制品制造业,SH,2015-05-13,2015-06-04,19.33,98.99,4.121055354371443,20,22,523757.95999999996,4320834199.0,216041709.95,False,True,False,2015-05-13,0.0,1
sh603600,永艺股份,C21家具制造业,SH,2015-01-23,2015-02-06,14.72,36.0,1.4456521739130435,20,14,451474.72,1209468318.0,60473415.9,False,True,False,2015-01-23,0.0,1
sh603601,再升科技,C30非金属矿物制品业,SH,2015-01-22,2015-02-12,9.48,40.0,3.219409282700422,20,21,541964.0700000001,1818204819.0,90910240.95,False,True,False,2015-01-22,0.0,1
sh603602,纵横通信,I65软件和信息技术服务业,SH,2017-08-10,2017-09-01,18.22,77.92,3.2766190998902305,20,22,919790.34,5804773166.0,290238658.3,False,True,False,2017-08-10,0.0,1
sh603606,东方电缆,C38电气机械和器材制造业,SH,2014-10-15,2014-11-10,9.84,34.43,2.4989837398373984,20,26,1712223.16,4245778754.0,212288937.7,False,True,False,2014-10-15,0.0,1
sh603607,京华激光,C22造纸和纸制品业,SH,2017-10-25,2017-11-10,23.1,71.8,2.108225108225108,20,16,749508.82,4647758686.0,232387934.3,False,True,False,2017-10-25,0.0,1
sh603608,天创时尚,C19皮革、毛皮、羽毛及其制品和制鞋业,SH,2016-02-18,2016-03-03,11.76,31.92,1.7142857142857144,20,14,3344190.87,8803168742.0,440158437.1,False,True,False,2016-02-18,0.0,1
sh603609,禾丰股份,C13农副食品加工业,SH,2014-08-08,2014-08-21,7.06,16.1,1.2804532577903687,20,13,3802030.8400000003,5294700827.0,264735041.35,False,True,False,2014-08-08,0.0,1
sh603611,诺力股份,C34通用设备制造业,SH,2015-01-28,2015-02-06,22.04,51.0,1.3139745916515428,20,9,383300.47,1424660684.0,71233034.2,False,True,False,2015-01-28,0.0,1
sh603612,索通发展,C30非金属矿物制品业,SH,2017-07-18,2017-08-10,11.35,52.99,3.668722466960353,20,23,911671.5499999999,4248800063.0,212440003.15,False,True,False,2017-07-18,0.0,1
sh603613,国联股份,I64互联网和相关服务,SH,2019-07-30,2019-08-09,18.16,46.72,1.5726872246696035,20,10,1289914.26,5057920177.0,252896008.85,False,True,False,2019-07-30,0.0,1
sh603615,茶花股份,C29橡胶和塑料制品业,SH,2017-02-13,2017-03-08,10.04,34.5,2.4362549800796818,20,23,1793711.81,5731250401.0,286562520.05,False,True,False,2017-02-13,0.0,1
sh603616,韩建河山,C30非金属矿物制品业,SH,2015-06-11,2015-06-26,13.62,42.39,2.1123348017621146,20,15,936098.99,2956583331.0,147829166.55,False,True,False,2015-06-11,0.0,1
sh603617,君禾股份,C34通用设备制造业,SH,2017-07-03,2017-07-14,10.72,29.84,1.7835820895522385,20,11,827305.4199999999,2088692057.0,104434602.85,False,True,False,2017-07-03,0.0,1
sh603618,杭电股份,C38电气机械和器材制造业,SH,2026-01-30,2026-02-12,7.91,16.13,1.039190897597977,20,13,16802297.930000003,20925136421.0,1046256821.05,False,False,False,2015-02-17,4000.0,1
sh603626,科森科技,C33金属制品业,SH,2017-02-09,2017-03-07,22.62,50.23,1.220601237842617,20,26,1769744.5,8215431548.0,410771577.4,False,True,False,2017-02-09,0.0,1
sh603628,清源股份,C38电气机械和器材制造业,SH,2017-01-12,2017-02-15,6.68,22.92,2.4311377245508985,20,34,3171493.6399999997,6106620215.0,305331010.75,False,True,False,2017-01-12,0.0,1
sh603629,利通电子,C33金属制品业,SH,2026-01-16,2026-02-12,28.73,62.68,1.1816916115558649,20,27,7729220.109999999,31956524464.0,1597826223.2,False,False,False,2018-12-24,2580.0,1
sh603630,拉芳家化,C26化学原料和化学制品制造业,SH,2017-03-13,2017-03-28,26.48,72.91,1.7533987915407852,20,15,1203921.49,7335565403.0,366778270.15,False,True,False,2017-03-13,0.0,1
sh603633,徕木股份,C39计算机、通信和其他电子设备制造业,SH,2016-11-17,2016-12-13,8.1,52.37,5.465432098765432,20,26,598968.28,2858235503.0,142911775.15,False,True,False,2016-11-17,0.0,1
sh603636,南威软件,I65软件和信息技术服务业,SH,2014-12-30,2015-01-28,17.94,51.52,1.8717948717948718,20,29,998210.85,4414688063.0,220734403.15,False,True,False,2014-12-30,0.0,1
sh603637,镇海股份,E48土木工程建筑业,SH,2017-02-08,2017-03-07,19.96,45.18,1.2635270541082164,20,27,987329.15,4100870976.0,205043548.8,False,True,False,2017-02-08,0.0,1
sh603638,艾迪精密,C35专用设备制造业,SH,2017-01-20,2017-02-16,7.9,36.0,3.556962025316455,20,27,1097057.9,3368320094.0,168416004.7,False,True,False,2017-01-20,0.0,1
sh603648,畅联股份,L72商务服务业,SH,2017-09-13,2017-09-28,8.84,30.18,2.414027149321267,20,15,3362000.92,8560822356.0,428041117.8,False,True,False,2017-09-13,0.0,1
sh603650,彤程新材,C26化学原料和化学制品制造业,SH,2018-06-27,2018-07-24,17.74,50.88,1.8680947012401359,20,27,3883297.2300000004,17408734867.0,870436743.35,False,True,False,2018-06-27,0.0,1
sh603655,朗博科技,C29橡胶和塑料制品业,SH,2017-12-29,2018-01-18,7.75,32.1,3.1419354838709683,20,20,797838.58,2152266387.0,107613319.35,False,True,False,2017-12-29,0.0,1
sh603656,泰禾智能,C35专用设备制造业,SH,2017-03-21,2017-04-07,26.29,75.26,1.8626854317230888,20,17,465575.6599999999,3162635278.0,158131763.9,False,True,False,2017-03-21,0.0,1
sh603657,春光科技,C29橡胶和塑料制品业,SH,2018-07-30,2018-08-15,22.15,60.46,1.7295711060948085,20,16,1487111.8299999998,7998552927.0,399927646.35,False,True,False,2018-07-30,0.0,1
sh603658,安图生物,C27医药制造业,SH,2016-09-01,2016-09-21,17.5,65.91,2.766285714285714,20,20,798179.1699999999,4395414659.0,219770732.95,False,True,False,2016-09-01,0.0,1
sh603659,璞泰来,C39计算机、通信和其他电子设备制造业,SH,2017-11-03,2017-11-21,23.8,69.98,1.9403361344537817,20,18,2059112.0999999999,13257790484.0,662889524.2,False,True,False,2017-11-03,0.0,1
sh603660,苏州科达,C39计算机、通信和其他电子设备制造业,SH,2016-12-01,2016-12-21,9.64,43.5,3.512448132780083,20,20,1046358.4,3857055170.0,192852758.5,False,True,False,2016-12-01,0.0,1
sh603662,柯力传感,C39计算机、通信和其他电子设备制造业,SH,2024-11-18,2024-12-10,37.76,80.1,1.121292372881356,20,22,6706091.61,35350339462.0,1767516973.1,False,False,False,2019-08-06,1931.0,1
sh603663,三祥新材,C30非金属矿物制品业,SH,2016-08-01,2016-08-26,7.6,46.49,5.117105263157895,20,25,20196.07,78491360.0,3924568.0,False,True,False,2016-08-01,0.0,1
sh603665,康隆达,C17纺织业,SH,2017-03-13,2017-03-27,25.68,79.23,2.085280373831776,20,14,610318.2899999999,4072525443.0,203626272.15,False,True,False,2017-03-13,0.0,1
sh603666,亿嘉和,C34通用设备制造业,SH,2018-06-12,2018-07-06,49.62,120.99,1.4383313180169286,20,24,888544.52,9806078139.0,490303906.95,False,True,False,2018-06-12,0.0,1
sh603667,五洲新春,C34通用设备制造业,SH,2016-10-25,2016-11-15,12.67,52.8,3.167324388318863,20,21,1095961.6800000002,5310310632.0,265515531.6,False,True,False,2016-10-25,0.0,1
sh603668,天马科技,C13农副食品加工业,SH,2017-01-17,2017-02-15,8.94,31.74,2.5503355704697985,20,29,2316056.8200000003,6133458488.0,306672924.4,False,True,False,2017-01-17,0.0,1
sh603669,灵康药业,C27医药制造业,SH,2015-05-28,2015-06-16,16.85,58.17,2.4522255192878335,20,19,977298.42,4671337727.0,233566886.35,False,True,False,2015-05-28,0.0,1
sh603676,卫信康,C27医药制造业,SH,2017-07-21,2017-08-07,7.96,17.29,1.1721105527638191,20,17,2916980.05,4514971800.0,225748590.0,False,True,False,2017-07-21,0.0,1
sh603677,奇精机械,C38电气机械和器材制造业,SH,2017-02-06,2017-02-17,30.43,71.75,1.3578705225106802,20,11,648576.46,4191816812.0,209590840.6,False,True,False,2017-02-06,0.0,1
sh603678,火炬电子,C39计算机、通信和其他电子设备制造业,SH,2015-01-26,2015-02-16,14.95,36.73,1.45685618729097,20,21,1411532.4300000002,4779504391.0,238975219.55,False,True,False,2015-01-26,0.0,1
sh603679,华体科技,C38电气机械和器材制造业,SH,2017-06-21,2017-07-04,13.59,29.98,1.2060338484179542,20,13,869829.74,2397548486.0,119877424.3,False,True,False,2017-06-21,0.0,1
sh603681,永冠新材,C26化学原料和化学制品制造业,SH,2019-03-26,2019-04-23,12.0,42.03,2.5025,20,28,2443972.27,8276374246.0,413818712.3,False,True,False,2019-03-26,0.0,1
sh603682,锦和商管,L72商务服务业,SH,2026-07-21,2026-08-14,6.76,13.6,1.0118343195266273,20,24,4928800.289999999,5098066796.0,254903339.8,False,False,False,2020-04-21,2282.0,1
sh603683,晶华新材,C26化学原料和化学制品制造业,SH,2017-10-20,2017-11-03,13.45,34.89,1.5940520446096658,20,14,1074276.1400000001,3133604980.0,156680249.0,False,True,False,2017-10-20,0.0,1
sh603686,福龙马,N78公共设施管理业,SH,2015-01-26,2015-02-05,17.83,45.87,1.572630398205272,20,10,879978.5899999999,3300405588.0,165020279.4,False,True,False,2015-01-26,0.0,1
sh603687,大胜达,C22造纸和纸制品业,SH,2019-07-26,2019-08-08,8.82,24.94,1.8276643990929706,20,13,3093707.3900000006,6772294723.0,338614736.15,False,True,False,2019-07-26,0.0,1
sh603688,石英股份,C30非金属矿物制品业,SH,2014-10-31,2014-11-21,7.74,30.5,2.940568475452196,20,21,1969560.23,5416642260.0,270832113.0,False,True,False,2014-10-31,0.0,1
sh603690,至纯科技,C35专用设备制造业,SH,2017-01-13,2017-02-16,2.08,15.19,6.302884615384615,20,34,8807.8,8777329.0,438866.45,False,True,False,2017-01-13,0.0,1
sh603693,江苏新能,D44电力、热力生产和供应业,SH,2018-07-03,2018-07-18,10.8,35.97,2.3305555555555553,20,15,4052737.13,12795888099.0,639794404.95,False,True,False,2018-07-03,0.0,1
sh603696,安记食品,C14食品制造业,SH,2015-12-09,2016-01-06,14.54,64.11,3.409215955983494,20,28,791007.45,4491595187.0,224579759.35,False,True,False,2015-12-09,0.0,1
sh603697,有友食品,C13农副食品加工业,SH,2019-05-08,2019-06-03,11.33,23.18,1.0458958517210943,20,26,3950253.52,7880812806.0,394040640.3,False,True,False,2019-05-08,0.0,1
sh603698,航天工程,C35专用设备制造业,SH,2015-01-28,2015-03-03,15.02,35.9,1.3901464713715046,20,34,2501152.65,7674072096.0,383703604.8,False,True,False,2015-01-28,0.0,1
sh603701,德宏股份,C38电气机械和器材制造业,SH,2016-04-12,2016-05-03,19.44,71.1,2.657407407407407,20,21,492851.13999999996,3152255348.0,157612767.4,False,True,False,2016-04-12,0.0,1
sh603703,盛洋科技,C38电气机械和器材制造业,SH,2015-04-23,2015-05-21,16.3,81.63,4.007975460122699,20,28,699485.26,3191861069.0,159593053.45,False,True,False,2015-04-23,0.0,1
sh603706,东方环宇,D45燃气生产和供应业,SH,2018-07-09,2018-08-02,18.85,57.83,2.0679045092838195,20,24,2198755.5999999996,10863693432.0,543184671.6,False,True,False,2018-07-09,0.0,1
sh603708,家家悦,F52零售业,SH,2016-12-13,2016-12-23,16.37,42.1,1.5717776420281,20,10,2590438.3400000003,8820783362.0,441039168.1,False,True,False,2016-12-13,0.0,1
sh603711,香飘飘,C15酒、饮料和精制茶制造业,SH,2017-11-30,2017-12-11,17.02,38.0,1.2326674500587544,20,11,2321603.1,6828732691.0,341436634.55,False,True,False,2017-11-30,0.0,1
sh603712,七一二,C39计算机、通信和其他电子设备制造业,SH,2018-02-26,2018-03-23,5.46,30.72,4.626373626373626,20,25,3619543.74,9697288913.0,484864445.65,False,True,False,2018-02-26,0.0,1
sh603713,密尔克卫,G58多式联运和运输代理业,SH,2018-07-13,2018-08-06,16.23,54.98,2.3875539125077014,20,24,1839388.1400000001,9100039245.0,455001962.25,False,True,False,2018-07-13,0.0,1
sh603716,塞力医疗,F51批发业,SH,2016-10-31,2016-11-25,38.75,164.41,3.242838709677419,20,25,298988.68000000005,4291753779.0,214587688.95,False,True,False,2016-10-31,0.0,1
sh603717,天域生物,A03畜牧业,SH,2017-03-27,2017-04-11,17.56,49.38,1.812072892938497,20,15,1187020.2500000002,4710433685.0,235521684.25,False,True,False,2017-03-27,0.0,1
sh603718,*ST海利,C27医药制造业,SH,2015-05-15,2015-06-11,9.81,60.03,5.1192660550458715,20,27,657163.5800000001,3218706000.0,160935300.0,True,True,False,2015-05-15,0.0,1
sh603719,良品铺子,F52零售业,SH,2020-02-24,2020-03-16,17.14,66.99,2.908401400233372,20,21,1193982.3,7153061888.0,357653094.4,False,True,False,2020-02-24,0.0,1
sh603721,中广天择,R87广播、电视、电影和录音制作业,SH,2017-08-11,2017-09-05,8.46,49.33,4.830969267139479,20,25,407983.75999999995,1770870483.0,88543524.15,False,True,False,2017-08-11,0.0,1
sh603722,阿科力,C26化学原料和化学制品制造业,SH,2017-10-25,2017-11-15,13.49,67.65,4.014825796886583,20,21,527248.09,3114447671.0,155722383.55,False,True,False,2017-10-25,0.0,1
sh603725,天安新材,C30非金属矿物制品业,SH,2017-09-06,2017-09-21,13.88,35.8,1.5792507204610948,20,15,1484808.4700000002,4510410900.0,225520545.0,False,True,False,2017-09-06,0.0,1
sh603726,朗迪集团,C29橡胶和塑料制品业,SH,2016-04-21,2016-05-09,16.89,48.18,1.8525754884547068,20,18,689851.1599999999,2881290583.0,144064529.15,False,True,False,2016-04-21,0.0,1
sh603727,博迈科,B11开采专业及辅助性活动,SH,2016-11-22,2016-12-05,29.97,69.98,1.3350016683350017,20,13,1876575.47,11263900376.0,563195018.8,False,True,False,2016-11-22,0.0,1
sh603728,鸣志电器,C38电气机械和器材制造业,SH,2017-05-09,2017-05-18,13.48,31.53,1.3390207715133533,20,9,2124705.2100000004,5299165066.0,264958253.3,False,True,False,2017-05-09,0.0,1
sh603729,ST龙韵,L72商务服务业,SH,2015-03-24,2015-04-09,31.93,109.35,2.4246789852803006,20,16,353218.08999999997,3498949578.0,174947478.9,True,True,False,2015-03-24,0.0,1
sh603733,仙鹤股份,C22造纸和纸制品业,SH,2018-04-20,2018-05-21,16.31,39.66,1.4316370324954018,20,31,4046718.33,13189910811.0,659495540.55,False,True,False,2018-04-20,0.0,1
sh603737,三棵树,C26化学原料和化学制品制造业,SH,2016-06-03,2016-06-30,22.95,116.08,4.057952069716776,20,27,350408.81,3848774510.0,192438725.5,False,True,False,2016-06-03,0.0,1
sh603738,泰晶科技,C39计算机、通信和其他电子设备制造业,SH,2016-09-28,2016-10-28,19.37,93.25,3.8141455859576663,20,30,482769.95999999996,4084204671.0,204210233.55,False,True,False,2016-09-28,0.0,1
sh603739,蔚蓝生物,C14食品制造业,SH,2019-01-16,2019-02-12,14.67,38.43,1.6196319018404908,20,27,2218240.4299999997,7427026357.0,371351317.85,False,True,False,2019-01-16,0.0,1
sh603755,日辰股份,C14食品制造业,SH,2019-08-28,2019-09-25,22.61,50.18,1.21937195931004,20,28,1220224.4400000002,5533667431.0,276683371.55,False,True,False,2019-08-28,0.0,1
sh603757,大元泵业,C34通用设备制造业,SH,2017-07-11,2017-08-07,26.9,59.99,1.230111524163569,20,27,942380.9799999997,4430675940.0,221533797.0,False,True,False,2017-07-11,0.0,1
sh603758,秦安股份,C36汽车制造业,SH,2017-05-17,2017-05-31,12.96,27.26,1.1033950617283952,20,14,2293871.39,5207735988.0,260386799.4,False,True,False,2017-05-17,0.0,1
sh603759,海天股份,D46水的生产和供应业,SH,2021-03-26,2021-04-13,13.45,46.06,2.4245353159851306,20,18,3356941.9799999995,11349787965.0,567489398.25,False,True,False,2021-03-26,0.0,1
sh603767,中马传动,C36汽车制造业,SH,2023-06-01,2023-06-29,7.09,14.49,1.0437235543018337,20,28,2655698.3899999997,2627569215.0,131378460.75,False,False,False,2017-06-13,2179.0,1
sh603768,常青股份,C36汽车制造业,SH,2017-03-24,2017-04-06,19.58,44.68,1.2819203268641473,20,13,1358037.7699999996,5141154401.0,257057720.05,False,True,False,2017-03-24,0.0,1
sh603773,沃格光电,C39计算机、通信和其他电子设备制造业,SH,2018-04-17,2018-05-09,40.04,97.79,1.4423076923076925,20,22,1022045.5800000001,9149369397.0,457468469.85,False,True,False,2018-04-17,0.0,1
sh603776,永安行,I65软件和信息技术服务业,SH,2017-08-17,2017-08-31,32.22,100.3,2.112973308504035,20,14,821587.44,7186844268.0,359342213.4,False,True,False,2017-08-17,0.0,1
sh603777,来伊份,F52零售业,SH,2016-10-12,2016-11-03,14.0,73.61,4.257857142857143,20,22,2969975.02,16607419880.0,830370994.0,False,True,False,2016-10-12,0.0,1
sh603778,国晟科技,C38电气机械和器材制造业,SH,2015-12-31,2016-01-15,27.33,70.9,1.5942188071716066,20,15,649942.08,3803141017.0,190157050.85,False,True,False,2015-12-31,0.0,1
sh603779,威龙股份,C15酒、饮料和精制茶制造业,SH,2016-05-16,2016-06-14,6.64,40.56,5.1084337349397595,20,29,421933.30000000005,1575829228.0,78791461.4,False,True,False,2016-05-16,0.0,1
sh603787,新日股份,C37铁路、船舶、航空航天和其他运输设备制造业,SH,2017-04-27,2017-05-18,7.31,30.89,3.225718194254446,20,21,1749500.0699999998,4425164739.0,221258236.95,False,True,False,2017-04-27,0.0,1
sh603788,宁波高发,C36汽车制造业,SH,2015-01-20,2015-02-02,14.8,34.89,1.3574324324324323,20,13,1285555.83,3787384553.0,189369227.65,False,True,False,2015-01-20,0.0,1
sh603789,ST星农,C35专用设备制造业,SH,2015-04-27,2015-05-25,13.48,81.07,5.014094955489614,20,28,1499295.2399999998,6644116961.0,332205848.05,True,True,False,2015-04-27,0.0,1
sh603790,雅运股份,C26化学原料和化学制品制造业,SH,2018-09-12,2018-10-08,15.81,36.0,1.2770398481973433,20,26,2612435.47,8434356317.0,421717815.85,False,True,False,2018-09-12,0.0,1
sh603797,联泰环保,N77生态保护和环境治理业,SH,2017-04-13,2017-05-04,7.15,32.58,3.556643356643356,20,21,1375434.44,3885455620.0,194272781.0,False,True,False,2017-04-13,0.0,1
sh603798,康普顿,C25石油、煤炭及其他燃料加工业,SH,2016-04-06,2016-04-27,20.64,67.6,2.275193798449612,20,21,708879.7,4335510893.0,216775544.65,False,True,False,2016-04-06,0.0,1
sh603799,华友钴业,C32有色金属冶炼和压延加工业,SH,2015-01-29,2015-02-25,5.72,24.5,3.2832167832167833,20,27,2376429.7100000004,5124420442.0,256221022.1,False,True,False,2015-01-29,0.0,1
sh603800,洪田股份,C35专用设备制造业,SH,2015-12-10,2015-12-30,15.77,59.92,2.7996195307545975,20,20,1327900.97,7189300192.0,359465009.6,False,True,False,2015-12-10,0.0,1
sh603803,瑞斯康达,C39计算机、通信和其他电子设备制造业,SH,2017-04-20,2017-05-04,16.46,37.86,1.3001215066828675,20,14,2288216.45,7350953735.0,367547686.75,False,True,False,2017-04-20,0.0,1
sh603808,歌力思,C18纺织服装、服饰业,SH,2015-04-22,2015-05-19,27.59,69.05,1.5027183762232692,20,27,1507924.6199999999,7754079236.0,387703961.8,False,True,False,2015-04-22,0.0,1
sh603809,豪能股份,C36汽车制造业,SH,2020-07-17,2020-08-10,14.02,29.05,1.0720399429386593,20,24,1268317.65,2502984418.0,125149220.9,False,False,False,2017-11-28,962.0,1
sh603811,诚意药业,C27医药制造业,SH,2017-03-15,2017-03-30,18.91,64.76,2.4246430460074038,20,15,432059.96,2529984063.0,126499203.15,False,True,False,2017-03-15,0.0,1
sh603813,原尚股份,G54道路运输业,SH,2017-09-18,2017-10-13,14.64,55.58,2.7964480874316937,20,25,1107280.5599999998,5329398496.0,266469924.8,False,True,False,2017-09-18,0.0,1
sh603815,交建股份,E48土木工程建筑业,SH,2019-10-21,2019-11-14,7.4,24.31,2.285135135135135,20,24,3026948.6599999997,5926813311.0,296340665.55,False,True,False,2019-10-21,0.0,1
sh603816,顾家家居,C21家具制造业,SH,2016-10-14,2016-11-03,29.59,68.9,1.3284893545116594,20,20,3402019.9700000007,20037978788.0,1001898939.4,False,True,False,2016-10-14,0.0,1
sh603817,海峡环保,D46水的生产和供应业,SH,2017-02-20,2017-03-17,5.82,30.0,4.154639175257731,20,25,3249338.7800000003,8178993729.0,408949686.45,False,True,False,2017-02-20,0.0,1
sh603818,曲美家居,C21家具制造业,SH,2015-04-22,2015-05-20,12.93,46.94,2.630317092034029,20,28,1914316.49,6163823283.0,308191164.15,False,True,False,2015-04-22,0.0,1
sh603819,神力股份,C38电气机械和器材制造业,SH,2016-11-25,2016-12-16,12.63,51.21,3.0546318289786223,20,21,783427.57,3507210981.0,175360549.05,False,True,False,2016-11-25,0.0,1
sh603822,ST嘉澳,C25石油、煤炭及其他燃料加工业,SH,2016-04-28,2016-05-26,14.11,51.89,2.677533664068037,20,28,798790.95,3714763422.0,185738171.1,True,True,False,2016-04-28,0.0,1
sh603823,百合花,C26化学原料和化学制品制造业,SH,2016-12-20,2017-01-05,12.72,42.5,2.341194968553459,20,16,1770971.99,6028802459.0,301440122.95,False,True,False,2016-12-20,0.0,1
sh603825,ST华扬,L72商务服务业,SH,2024-02-08,2024-02-26,6.23,12.68,1.0353130016051364,20,18,2764582.4600000004,2756943309.0,137847165.45,True,False,False,2017-08-02,2381.0,1
sh603826,坤彩科技,C26化学原料和化学制品制造业,SH,2017-04-14,2017-05-05,9.78,28.48,1.9120654396728018,20,21,5180016.970000001,12010402803.0,600520140.15,False,True,False,2017-04-14,0.0,1
sh603829,洛凯股份,C38电气机械和器材制造业,SH,2017-10-17,2017-11-01,10.41,29.73,1.8559077809798272,20,15,1651160.08,4129039072.0,206451953.6,False,True,False,2017-10-17,0.0,1
sh603838,*ST四通,C30非金属矿物制品业,SH,2015-07-01,2015-07-28,11.13,34.49,2.0988319856244386,20,27,1880800.0099999998,4869589867.0,243479493.35,True,True,False,2015-07-01,0.0,1
sh603839,安正时尚,C18纺织服装、服饰业,SH,2017-02-14,2017-02-24,24.16,50.98,1.1100993377483444,20,10,3377320.52,14164544719.0,708227235.95,False,True,False,2017-02-14,0.0,1
sh603843,*ST正平,E48土木工程建筑业,SH,2016-09-05,2016-09-26,6.04,25.0,3.139072847682119,20,21,1927231.58,3713067144.0,185653357.2,True,True,False,2016-09-05,0.0,1
sh603848,好太太,C33金属制品业,SH,2017-12-01,2017-12-15,9.47,27.59,1.9134107708553323,20,14,2376797.06,5259953555.0,262997677.75,False,True,False,2017-12-01,0.0,1
sh603855,华荣股份,C35专用设备制造业,SH,2017-05-24,2017-06-08,9.11,23.75,1.6070252469813395,20,15,3229809.1199999996,6327529985.0,316376499.25,False,True,False,2017-05-24,0.0,1
sh603858,步长制药,C27医药制造业,SH,2016-11-18,2016-11-29,67.06,155.41,1.3174768863704145,20,11,1074837.01,13340414800.0,667020740.0,False,True,False,2016-11-18,0.0,1
sh603859,能科科技,I65软件和信息技术服务业,SH,2016-10-21,2016-11-16,9.05,60.45,5.679558011049724,20,26,338414.83999999997,1956756685.0,97837834.25,False,True,False,2016-10-21,0.0,1
sh603860,中公高科,M74专业技术服务业,SH,2017-08-02,2017-08-29,22.49,52.36,1.3281458425967099,20,27,1008822.1499999999,3928744721.0,196437236.05,False,True,False,2017-08-02,0.0,1
sh603861,白云电器,C38电气机械和器材制造业,SH,2016-03-22,2016-04-15,12.24,32.3,1.6388888888888884,20,24,2247874.56,6239496397.0,311974819.85,False,True,False,2016-03-22,0.0,1
sh603863,松炀资源,C22造纸和纸制品业,SH,2019-06-21,2019-07-04,11.94,31.23,1.6155778894472363,20,13,3533172.83,9863280607.0,493164030.35,False,True,False,2019-06-21,0.0,1
sh603866,桃李面包,C14食品制造业,SH,2015-12-22,2016-01-08,19.81,61.86,2.1226653205451793,20,17,1267664.9100000001,6145724530.0,307286226.5,False,True,False,2015-12-22,0.0,1
sh603868,飞科电器,C38电气机械和器材制造业,SH,2016-04-18,2016-04-29,25.96,61.23,1.3586286594761168,20,11,1160289.63,6338069748.0,316903487.4,False,True,False,2016-04-18,0.0,1
sh603869,ST智知,I65软件和信息技术服务业,SH,2015-03-26,2015-04-21,7.24,36.6,4.05524861878453,20,26,1225629.71,3538518525.0,176925926.25,True,True,False,2015-03-26,0.0,1
sh603876,鼎胜新材,C32有色金属冶炼和压延加工业,SH,2018-04-18,2018-05-15,16.25,40.88,1.5156923076923077,20,27,2952486.76,10378203583.0,518910179.15,False,True,False,2018-04-18,0.0,1
sh603878,武进不锈,C31黑色金属冶炼和压延加工业,SH,2016-12-19,2016-12-30,17.84,42.67,1.391816143497758,20,11,2419739.8,8856215991.0,442810799.55,False,True,False,2016-12-19,0.0,1
sh603879,永悦科技,C26化学原料和化学制品制造业,SH,2017-06-14,2017-06-30,9.72,23.84,1.4526748971193415,20,16,1769873.5600000003,3869454935.0,193472746.75,False,True,False,2017-06-14,0.0,1
sh603880,南卫股份,C27医药制造业,SH,2017-08-07,2017-08-29,14.06,35.55,1.5284495021337126,20,22,1801566.12,5128717297.0,256435864.85,False,True,False,2017-08-07,0.0,1
sh603881,数据港,I65软件和信息技术服务业,SH,2017-02-08,2017-03-03,9.36,53.99,4.7681623931623935,20,23,1495250.44,7222146870.0,361107343.5,False,True,False,2017-02-08,0.0,1
sh603882,金域医学,Q84卫生,SH,2017-09-08,2017-10-11,9.98,47.81,3.7905811623246493,20,33,1310471.4,5476270425.0,273813521.25,False,True,False,2017-09-08,0.0,1
sh603883,老百姓,F52零售业,SH,2015-04-23,2015-05-19,19.69,106.4,4.403758252920264,20,26,2269637.19,17198706874.0,859935343.7,False,True,False,2015-04-23,0.0,1
sh603885,吉祥航空,G56航空运输业,SH,2015-05-27,2015-06-19,16.1,80.1,3.975155279503105,20,23,765409.4400000001,5220371545.0,261018577.25,False,True,False,2015-05-27,0.0,1
sh603886,元祖股份,C14食品制造业,SH,2016-12-28,2017-01-11,12.19,34.5,1.8301886792452833,20,14,2363800.82,6813558323.0,340677916.15,False,True,False,2016-12-28,0.0,1
sh603887,城地香江,I65软件和信息技术服务业,SH,2016-10-10,2016-11-01,14.56,77.99,4.356456043956044,20,22,621937.5399999999,4374864476.0,218743223.8,False,True,False,2016-10-10,0.0,1
sh603888,新华网,I64互联网和相关服务,SH,2016-10-28,2016-11-17,33.23,136.1,3.0956966596449,20,20,1300907.21,16095380750.0,804769037.5,False,True,False,2016-10-28,0.0,1
sh603889,新澳股份,C17纺织业,SH,2015-05-07,2015-05-27,32.2,64.86,1.0142857142857142,20,20,672167.15,2919036768.0,145951838.4,False,False,False,2014-12-31,127.0,1
sh603893,瑞芯微,C39计算机、通信和其他电子设备制造业,SH,2020-02-07,2020-03-04,11.62,77.45,5.665232358003443,20,26,793504.5,5486533817.0,274326690.85,False,True,False,2020-02-07,0.0,1
sh603895,天永智能,C35专用设备制造业,SH,2018-01-22,2018-02-13,22.0,62.72,1.850909090909091,20,22,1203925.33,6018351238.0,300917561.9,False,True,False,2018-01-22,0.0,1
sh603896,寿仙谷,C27医药制造业,SH,2017-05-10,2017-06-01,13.85,46.98,2.392057761732852,20,22,2029100.1400000001,7835555711.0,391777785.55,False,True,False,2017-05-10,0.0,1
sh603898,好莱客,C21家具制造业,SH,2015-02-17,2015-03-23,23.48,68.05,1.898211243611584,20,34,855454.52,4778019234.0,238900961.7,False,True,False,2015-02-17,0.0,1
sh603899,晨光股份,C24文教、工美、体育和娱乐用品制造业,SH,2015-01-27,2015-02-06,18.94,38.0,1.0063357972544877,20,10,1132274.09,3204646043.0,160232302.15,False,True,False,2015-01-27,0.0,1
sh603900,莱绅通灵,F52零售业,SH,2016-11-23,2016-12-08,20.52,56.68,1.7621832358674463,20,15,1624777.81,7906820394.0,395341019.7,False,True,False,2016-11-23,0.0,1
sh603901,永创智能,C34通用设备制造业,SH,2015-05-29,2015-06-17,22.77,77.0,2.3816425120772946,20,19,456265.71,2778962355.0,138948117.75,False,True,False,2015-05-29,0.0,1
sh603903,中持股份,N77生态保护和环境治理业,SH,2017-03-14,2017-04-11,14.23,72.99,4.129304286718201,20,28,457389.9199999999,2586157214.0,129307860.7,False,True,False,2017-03-14,0.0,1
sh603906,龙蟠科技,C39计算机、通信和其他电子设备制造业,SH,2017-04-10,2017-04-20,13.71,29.4,1.144420131291028,20,10,1593178.5600000003,4112510435.0,205625521.75,False,True,False,2017-04-10,0.0,1
sh603908,牧高笛,C17纺织业,SH,2017-03-07,2017-03-27,23.57,88.3,2.7462876537971996,20,20,352265.91,2670105385.0,133505269.25,False,True,False,2017-03-07,0.0,1
sh603909,建发合诚,E48土木工程建筑业,SH,2016-06-28,2016-07-22,15.19,84.46,4.560236998025016,20,24,256081.92,1753887896.0,87694394.8,False,True,False,2016-06-28,0.0,1
sh603912,佳力图,C34通用设备制造业,SH,2017-11-01,2017-11-16,10.37,35.49,2.4223722275795567,20,15,1430930.49,4137913016.0,206895650.8,False,True,False,2017-11-01,0.0,1
sh603915,国茂股份,C34通用设备制造业,SH,2019-06-14,2019-07-02,12.42,25.81,1.078099838969404,20,18,4045408.1399999997,9189975385.0,459498769.25,False,True,False,2019-06-14,0.0,1
sh603916,苏博特,C26化学原料和化学制品制造业,SH,2017-11-10,2017-11-23,10.82,25.78,1.3826247689463957,20,13,2641436.8600000003,5478637923.0,273931896.15,False,True,False,2017-11-10,0.0,1
sh603917,合力科技,C35专用设备制造业,SH,2021-11-01,2021-11-16,10.62,21.45,1.0197740112994351,20,15,1872470.8199999998,2964553330.0,148227666.5,False,False,False,2017-12-04,1428.0,1
sh603918,金桥信息,I65软件和信息技术服务业,SH,2015-05-28,2015-06-25,11.4,79.79,5.999122807017544,20,28,185239.53999999998,1298130647.0,64906532.35,False,True,False,2015-05-28,0.0,1
sh603919,金徽酒,C15酒、饮料和精制茶制造业,SH,2016-03-10,2016-03-21,13.13,30.6,1.3305407463823307,20,11,1834751.32,4990504646.0,249525232.3,False,True,False,2016-03-10,0.0,1
sh603922,ST金鸿顺,C36汽车制造业,SH,2017-10-23,2017-10-31,21.05,43.7,1.0760095011876487,20,8,1137666.31,4362041688.0,218102084.4,True,True,False,2017-10-23,0.0,1
sh603926,铁流股份,C36汽车制造业,SH,2017-05-10,2017-05-18,24.48,51.99,1.1237745098039218,20,8,1002686.4099999999,4046124244.0,202306212.2,False,True,False,2017-05-10,0.0,1
sh603927,中科软,I65软件和信息技术服务业,SH,2019-09-09,2019-10-11,19.42,98.99,4.097322348094747,20,32,1165276.73,10174617371.0,508730868.55,False,True,False,2019-09-09,0.0,1
sh603928,兴业股份,C26化学原料和化学制品制造业,SH,2016-12-12,2016-12-23,12.14,34.35,1.8294892915980232,20,11,1384323.0899999999,4168598864.0,208429943.2,False,True,False,2016-12-12,0.0,1
sh603929,亚翔集成,E49建筑安装业,SH,2016-12-30,2017-01-23,7.11,27.84,2.9156118143459913,20,24,1364240.34,3572615933.0,178630796.65,False,True,False,2016-12-30,0.0,1
sh603931,格林达,C26化学原料和化学制品制造业,SH,2020-08-19,2020-09-01,30.79,72.55,1.3562845079571288,20,13,791841.42,4648036755.0,232401837.75,False,True,False,2020-08-19,0.0,1
sh603933,睿能科技,C39计算机、通信和其他电子设备制造业,SH,2023-04-26,2023-05-26,10.75,21.57,1.0065116279069768,20,30,754232.8599999999,1242601392.0,62130069.6,False,False,False,2017-07-06,2120.0,1
sh603936,博敏电子,C39计算机、通信和其他电子设备制造业,SH,2015-12-09,2016-01-06,11.61,63.71,4.4875107665805345,20,28,853055.61,4565460948.0,228273047.4,False,True,False,2015-12-09,0.0,1
sh603937,丽岛新材,C33金属制品业,SH,2017-11-02,2017-11-16,13.81,35.5,1.570601013758146,20,14,2703989.44,7599138870.0,379956943.5,False,True,False,2017-11-02,0.0,1
sh603938,三孚股份,C26化学原料和化学制品制造业,SH,2017-06-28,2017-07-11,13.88,30.99,1.232708933717579,20,13,1495763.1600000001,4092194933.0,204609746.65,False,True,False,2017-06-28,0.0,1
sh603948,建业股份,C26化学原料和化学制品制造业,SH,2020-03-02,2020-03-11,17.1,39.6,1.3157894736842106,20,9,1765783.67,5310164116.0,265508205.8,False,True,False,2020-03-02,0.0,1
sh603949,雪龙集团,C36汽车制造业,SH,2020-03-10,2020-03-18,15.19,32.31,1.1270572745227123,20,8,1866213.9500000002,4648404220.0,232420211.0,False,True,False,2020-03-10,0.0,1
sh603955,大千生态,E48土木工程建筑业,SH,2017-03-10,2017-03-29,18.31,75.86,3.1430912069907153,20,19,520832.61000000004,3387997861.0,169399893.05,False,True,False,2017-03-10,0.0,1
sh603956,威派格,C35专用设备制造业,SH,2019-02-22,2019-03-14,6.84,31.12,3.549707602339182,20,20,1386961.08,3913323533.0,195666176.65,False,True,False,2019-02-22,0.0,1
sh603958,哈森股份,C19皮革、毛皮、羽毛及其制品和制鞋业,SH,2016-06-29,2016-07-19,10.98,49.73,3.5291438979963567,20,20,983023.1299999998,4417361180.0,220868059.0,False,True,False,2016-06-29,0.0,1
sh603959,ST百利,M74专业技术服务业,SH,2016-05-17,2016-06-13,8.68,43.46,4.006912442396314,20,27,1394029.5300000003,5248844402.0,262442220.1,True,True,False,2016-05-17,0.0,1
sh603960,克来机电,C35专用设备制造业,SH,2017-03-14,2017-04-07,13.69,56.69,3.140978816654492,20,24,440707.82,2257795518.0,112889775.9,False,True,False,2017-03-14,0.0,1
sh603966,法兰泰克,C34通用设备制造业,SH,2017-01-25,2017-02-17,10.54,33.08,2.138519924098672,20,23,1115904.31,3300367006.0,165018350.3,False,True,False,2017-01-25,0.0,1
sh603968,醋化股份,C26化学原料和化学制品制造业,SH,2015-05-18,2015-06-12,28.2,99.06,2.512765957446809,20,25,587686.6699999999,5138715075.0,256935753.75,False,True,False,2015-05-18,0.0,1
sh603969,银龙股份,C33金属制品业,SH,2015-05-07,2015-05-28,30.9,67.9,1.1974110032362462,20,21,1040605.99,4346168852.0,217308442.6,False,False,False,2015-02-27,69.0,1
sh603976,正川股份,C27医药制造业,SH,2017-08-22,2017-09-04,17.18,48.63,1.8306169965075672,20,13,884203.17,3723565535.0,186178276.75,False,True,False,2017-08-22,0.0,1
sh603977,国泰集团,C26化学原料和化学制品制造业,SH,2016-11-11,2016-12-05,7.74,41.7,4.387596899224806,20,24,1340879.3,5068020181.0,253401009.05,False,True,False,2016-11-11,0.0,1
sh603979,金诚信,B11开采专业及辅助性活动,SH,2015-07-09,2015-08-04,21.87,45.04,1.0594421582075904,20,26,4955645.79,16752676806.0,837633840.3,False,True,False,2015-06-30,9.0,1
sh603982,泉峰汽车,C36汽车制造业,SH,2019-05-22,2019-06-12,11.75,35.65,2.0340425531914894,20,21,3475664.57,9575523633.0,478776181.65,False,True,False,2019-05-22,0.0,1
sh603985,恒润股份,C33金属制品业,SH,2021-09-02,2021-09-22,19.07,40.58,1.1279496591504978,20,20,3779021.2199999993,9969827891.0,498491394.55,False,False,False,2017-05-05,1581.0,1
sh603986,兆易创新,C39计算机、通信和其他电子设备制造业,SH,2016-08-18,2016-09-14,27.91,188.47,5.752776782515228,20,27,320298.85,5633369162.0,281668458.1,False,True,False,2016-08-18,0.0,1
sh603987,康德莱,C35专用设备制造业,SH,2016-11-21,2016-12-09,11.4,47.8,3.19298245614035,20,18,1557667.7,6453481730.0,322674086.5,False,True,False,2016-11-21,0.0,1
sh603988,中电电机,C38电气机械和器材制造业,SH,2014-11-04,2014-11-21,21.43,53.98,1.5188987400839942,20,17,648542.32,3187023422.0,159351171.1,False,True,False,2014-11-04,0.0,1
sh603989,艾华集团,C39计算机、通信和其他电子设备制造业,SH,2015-05-15,2015-06-04,24.89,111.0,3.4596223382884688,20,20,711283.78,6002061515.0,300103075.75,False,True,False,2015-05-15,0.0,1
sh603990,麦迪科技,I65软件和信息技术服务业,SH,2016-12-08,2016-12-29,13.95,58.3,3.1792114695340503,20,21,369344.74999999994,2042728227.0,102136411.35,False,True,False,2016-12-08,0.0,1
sh603991,领先股份,C29橡胶和塑料制品业,SH,2017-03-08,2017-03-30,12.73,68.88,4.410840534171249,20,22,270080.63,1533383572.0,76669178.6,False,True,False,2017-03-08,0.0,1
sh603997,继峰股份,C36汽车制造业,SH,2015-05-07,2015-05-22,17.15,36.89,1.1510204081632653,20,15,1901665.7599999998,4754923908.0,237746195.4,False,False,False,2015-03-02,66.0,1
sh603998,方盛制药,C27医药制造业,SH,2014-12-05,2014-12-16,17.82,41.67,1.3383838383838382,20,11,832313.63,3001182312.0,150059115.6,False,True,False,2014-12-05,0.0,1
sh603999,读者传媒,R86新闻和出版业,SH,2015-12-10,2016-01-07,14.07,78.5,4.579246624022743,20,28,1498257.6300000001,9575538356.0,478776917.8,False,True,False,2015-12-10,0.0,1
sh605005,合兴股份,C36汽车制造业,SH,2021-01-19,2021-02-03,7.66,20.49,1.6749347258485638,20,15,1794346.0999999999,2907612104.0,145380605.2,False,True,False,2021-01-19,0.0,1
sh605006,山东玻纤,C30非金属矿物制品业,SH,2020-09-03,2020-09-23,4.61,12.33,1.6746203904555315,20,20,5609975.140000001,5775802081.0,288790104.05,False,True,False,2020-09-03,0.0,1
sh605007,五洲特纸,C22造纸和纸制品业,SH,2020-11-10,2020-12-03,12.11,29.57,1.4417836498761356,20,23,2240730.96,5946435448.0,297321772.4,False,True,False,2020-11-10,0.0,1
sh605009,豪悦护理,C22造纸和纸制品业,SH,2020-09-11,2020-09-25,74.71,217.0,1.9045643153526974,20,14,1020126.0499999998,18807561783.0,940378089.15,False,True,False,2020-09-11,0.0,1
sh605011,杭州热电,D44电力、热力生产和供应业,SH,2021-06-30,2021-07-16,7.4,27.86,2.764864864864865,20,16,1365911.66,2983636431.0,149181821.55,False,True,False,2021-06-30,0.0,1
sh605016,百龙创园,C14食品制造业,SH,2021-04-21,2021-05-20,17.54,43.6,1.4857468643101486,20,29,1724358.7,5754056409.0,287702820.45,False,True,False,2021-04-21,0.0,1
sh605018,长华集团,C36汽车制造业,SH,2020-09-29,2020-10-15,11.66,24.67,1.1157804459691252,20,16,2029879.1199999999,3664332449.0,183216622.45,False,True,False,2020-09-29,0.0,1
sh605020,永和股份,C26化学原料和化学制品制造业,SH,2021-07-09,2021-07-30,8.32,39.0,3.6875,20,21,2383434.04,8098678328.0,404933916.4,False,True,False,2021-07-09,0.0,1
sh605033,美邦股份,C26化学原料和化学制品制造业,SH,2024-12-25,2025-01-10,11.7,23.44,1.0034188034188039,20,16,897590.3899999999,1513883085.0,75694154.25,False,False,False,2021-09-16,1196.0,1
sh605055,迎丰股份,C17纺织业,SH,2021-03-24,2021-04-14,8.04,17.01,1.115671641791045,20,21,7351393.75,8794802102.0,439740105.1,False,True,False,2021-01-29,54.0,1
sh605058,澳弘电子,C39计算机、通信和其他电子设备制造业,SH,2026-08-26,2026-09-22,26.35,53.27,1.0216318785578746,20,27,1840147.58,2435003011.0,121750150.55,False,False,False,2020-10-21,2135.0,1
sh605077,华康股份,C14食品制造业,SH,2021-02-09,2021-02-24,61.96,125.6,1.027114267269206,20,15,807947.32,8037598538.0,401879926.9,False,True,False,2021-02-09,0.0,1
sh605086,龙高股份,B10非金属矿采选业,SH,2021-04-16,2021-04-28,15.43,39.69,1.5722618276085547,20,12,1559226.9200000004,4688585325.0,234429266.25,False,True,False,2021-04-16,0.0,1
sh605089,味知香,C13农副食品加工业,SH,2021-04-27,2021-05-19,41.08,139.8,2.4031158714703023,20,22,934815.8899999999,10986817514.0,549340875.7,False,True,False,2021-04-27,0.0,1
sh605099,共创草坪,C29橡胶和塑料制品业,SH,2025-05-14,2025-06-10,21.13,44.2,1.0918125887363939,20,27,844601.6900000001,2747470276.0,137373513.8,False,False,False,2020-09-30,1687.0,1
sh605100,华丰股份,C34通用设备制造业,SH,2025-01-27,2025-03-03,13.33,27.85,1.0892723180795199,20,35,1700865.0000000002,3343046054.0,167152302.7,False,False,False,2020-08-11,1630.0,1
sh605111,新洁能,C39计算机、通信和其他电子设备制造业,SH,2020-09-28,2020-10-28,28.67,131.77,3.596093477502616,20,30,476609.28,5824954476.0,291247723.8,False,True,False,2020-09-28,0.0,1
sh605116,奥锐特,C27医药制造业,SH,2020-09-21,2020-10-21,10.04,24.65,1.4551792828685262,20,30,1574853.2,3021954356.0,151097717.8,False,True,False,2020-09-21,0.0,1
sh605117,德业股份,C38电气机械和器材制造业,SH,2021-07-07,2021-08-02,109.5,219.78,1.007123287671233,20,26,643272.97,9526501683.0,476325084.15,False,False,False,2021-04-20,78.0,1
sh605118,力鼎光电,C39计算机、通信和其他电子设备制造业,SH,2020-07-30,2020-08-13,11.14,27.45,1.464093357271095,20,14,1387830.05,3316055244.0,165802762.2,False,True,False,2020-07-30,0.0,1
sh605123,XD派克新,C33金属制品业,SH,2020-08-25,2020-09-07,36.4,92.0,1.5274725274725274,20,13,1110209.51,8923248061.0,446162403.05,False,True,False,2020-08-25,0.0,1
sh605133,嵘泰股份,C36汽车制造业,SH,2021-11-05,2021-12-02,17.6,35.99,1.0448863636363637,20,27,1971150.25,5576699685.0,278834984.25,False,False,False,2021-02-24,254.0,1
sh605136,丽人丽妆,F52零售业,SH,2020-09-29,2020-10-23,17.61,55.28,2.139125496876775,20,24,1022607.5,4574743311.0,228737165.55,False,True,False,2020-09-29,0.0,1
sh605162,新中港,D44电力、热力生产和供应业,SH,2021-07-07,2021-07-19,7.28,18.73,1.572802197802198,20,12,2735008.6500000004,3633008938.0,181650446.9,False,True,False,2021-07-07,0.0,1
sh605167,利柏特,E48土木工程建筑业,SH,2021-07-26,2021-08-17,5.81,12.51,1.153184165232358,20,22,4913482.85,4906550193.0,245327509.65,False,True,False,2021-07-26,0.0,1
sh605168,三人行,L72商务服务业,SH,2020-05-28,2020-06-18,72.74,292.0,3.0142974979378607,20,21,556893.92,13920713483.0,696035674.15,False,True,False,2020-05-28,0.0,1
sh605178,时空科技,E50建筑装饰、装修和其他建筑业,SH,2025-09-09,2025-10-27,22.51,47.69,1.1186139493558418,20,48,1089919.48,3218972789.0,160948639.45,False,False,False,2020-08-21,1845.0,1
sh605179,一鸣食品,C14食品制造业,SH,2024-11-22,2024-12-04,9.76,19.7,1.0184426229508197,20,12,2505224.5799999996,3350947767.0,167547388.35,False,False,False,2020-12-28,1425.0,1
sh605180,华生科技,C17纺织业,SH,2024-03-06,2024-03-28,9.03,18.73,1.0741971207087486,20,22,829573.23,973637895.0,48681894.75,False,False,False,2021-04-30,1041.0,1
sh605186,健麾信息,C35专用设备制造业,SH,2021-05-11,2021-06-03,18.4,39.83,1.1646739130434782,20,23,936795.75,2678082380.0,133904119.0,False,False,False,2020-12-22,140.0,1
sh605188,国光连锁,F52零售业,SH,2020-07-28,2020-08-12,5.58,17.73,2.1774193548387095,20,15,1483935.4000000001,2248895133.0,112444756.65,False,True,False,2020-07-28,0.0,1
sh605196,华通线缆,C38电气机械和器材制造业,SH,2021-05-11,2021-06-02,6.06,18.47,2.047854785478548,20,22,4566295.5200000005,7253415104.0,362670755.2,False,True,False,2021-05-11,0.0,1
sh605198,安德利,C15酒、饮料和精制茶制造业,SH,2020-09-18,2020-10-22,9.12,28.59,2.134868421052632,20,34,730492.02,1884176960.0,94208848.0,False,True,False,2020-09-18,0.0,1
sh605199,ST葫芦娃,C27医药制造业,SH,2020-07-10,2020-08-06,6.23,45.64,6.325842696629213,20,27,353109.57,1436148624.0,71807431.2,True,True,False,2020-07-10,0.0,1
sh605208,永茂泰,C32有色金属冶炼和压延加工业,SH,2025-02-10,2025-03-07,7.64,15.71,1.0562827225130893,20,25,6676171.489999999,7304704630.0,365235231.5,False,False,False,2021-03-08,1435.0,1
sh605218,伟时电子,C39计算机、通信和其他电子设备制造业,SH,2023-11-01,2023-11-27,15.31,30.72,1.006531678641411,20,26,2637337.1999999997,5840917741.0,292045887.05,False,False,False,2020-09-28,1129.0,1
sh605228,XD神通科,C36汽车制造业,SH,2021-01-20,2021-01-28,7.07,15.03,1.1258840169731257,20,8,2724373.87,2956562965.0,147828148.25,False,True,False,2021-01-20,0.0,1
sh605255,天普股份,C29橡胶和塑料制品业,SH,2025-08-05,2025-09-01,24.58,51.91,1.111879576891782,20,27,723572.6,1898686914.0,94934345.7,False,False,False,2020-08-25,1806.0,1
sh605258,协和电子,C39计算机、通信和其他电子设备制造业,SH,2024-05-27,2024-06-12,20.63,41.83,1.0276296655356276,20,16,616868.2999999999,1862975439.0,93148771.95,False,False,False,2020-12-03,1271.0,1
sh605286,同力天启,C34通用设备制造业,SH,2021-09-29,2021-11-02,16.93,36.96,1.1831069108092147,20,34,1043505.96,3013100832.0,150655041.6,False,False,False,2021-03-22,191.0,1
sh605289,罗曼股份,E50建筑装饰、装修和其他建筑业,SH,2021-12-07,2021-12-27,27.15,55.31,1.0372007366482507,20,20,1344761.8699999999,5137677942.0,256883897.1,False,False,False,2021-04-26,225.0,1
sh605298,必得科技,C37铁路、船舶、航空航天和其他运输设备制造业,SH,2024-02-08,2024-03-12,7.23,15.14,1.0940525587828493,20,33,770574.02,848464378.0,42423218.9,False,False,False,2021-03-01,1074.0,1
sh605300,佳禾食品,C14食品制造业,SH,2021-04-30,2021-05-17,13.5,31.92,1.3644444444444446,20,17,2433404.5399999996,6504293663.0,325214683.15,False,True,False,2021-04-30,0.0,1
sh605303,园林股份,E48土木工程建筑业,SH,2025-08-01,2025-08-26,12.12,24.24,1.0,20,25,1616679.0299999998,2669863820.0,133493191.0,False,False,False,2021-03-01,1614.0,1
sh605318,法狮龙,C41其他制造业,SH,2025-09-22,2025-10-27,35.9,74.73,1.081615598885794,20,35,1151938.96,6354667558.0,317733377.9,False,False,False,2020-08-03,1876.0,1
sh605333,沪光股份,C36汽车制造业,SH,2020-08-18,2020-09-07,6.36,29.0,3.5597484276729556,20,20,659756.49,1358006659.0,67900332.95,False,True,False,2020-08-18,0.0,1
sh605338,巴比食品,C14食品制造业,SH,2020-10-12,2020-11-06,15.26,50.89,2.334862385321101,20,25,1908449.31,8566688438.0,428334421.9,False,True,False,2020-10-12,0.0,1
sh605339,南侨食品,C14食品制造业,SH,2021-05-18,2021-06-03,20.38,76.76,2.7664376840039258,20,16,1484508.3599999999,8505051561.0,425252578.05,False,True,False,2021-05-18,0.0,1
sh605358,立昂微,C39计算机、通信和其他电子设备制造业,SH,2020-09-11,2020-10-16,5.9,43.34,6.345762711864407,20,35,46148.41,121379364.0,6068968.2,False,True,False,2020-09-11,0.0,1
sh605366,宏柏新材,C26化学原料和化学制品制造业,SH,2022-05-17,2022-06-13,16.3,33.42,1.0503067484662578,20,27,3931742.37,9911575026.0,495578751.3,False,False,False,2020-08-12,643.0,1
sh605369,拱东医疗,C35专用设备制造业,SH,2020-09-16,2020-09-24,37.98,80.75,1.126119010005266,20,8,636940.6200000001,4241966718.0,212098335.9,False,True,False,2020-09-16,0.0,1
sh605376,博迁新材,C39计算机、通信和其他电子设备制造业,SH,2020-12-08,2020-12-28,14.03,49.97,2.5616535994297935,20,20,2917603.9,11979515639.0,598975781.95,False,True,False,2020-12-08,0.0,1
sh605378,野马电池,C38电气机械和器材制造业,SH,2021-04-12,2021-04-21,21.14,49.46,1.3396404919583729,20,9,1801864.0699999998,6962839949.0,348141997.45,False,True,False,2021-04-12,0.0,1
sh605388,均瑶健康,C15酒、饮料和精制茶制造业,SH,2020-08-18,2020-08-26,16.12,32.25,1.0006203473945408,20,8,2534993.5800000005,6865031678.0,343251583.9,False,True,False,2020-08-18,0.0,1
sh605398,新炬网络,I65软件和信息技术服务业,SH,2025-01-08,2025-02-07,17.25,37.16,1.1542028985507242,20,30,1305518.53,3073455994.0,153672799.7,False,False,False,2021-01-21,1448.0,1
sh605488,福莱新材,C29橡胶和塑料制品业,SH,2025-01-07,2025-02-11,18.37,37.8,1.0577027762656503,20,35,2388204.2300000004,6919484878.0,345974243.9,False,False,False,2021-05-13,1335.0,1
sh605499,东鹏饮料,C15酒、饮料和精制茶制造业,SH,2021-05-27,2021-06-22,55.52,269.99,3.8629322766570606,20,26,819411.44,18420179130.0,921008956.5,False,True,False,2021-05-27,0.0,1
sh605500,森林包装,C22造纸和纸制品业,SH,2025-06-23,2025-07-11,6.89,14.61,1.1204644412191582,20,18,2582561.3,2947914646.0,147395732.3,False,False,False,2020-12-22,1644.0,1
sh605577,龙版传媒,R86新闻和出版业,SH,2021-08-24,2021-09-07,7.19,16.5,1.2948539638386647,20,14,2475296.9299999997,3519373039.0,175968651.95,False,True,False,2021-08-24,0.0,1
sh605580,恒盛能源,D44电力、热力生产和供应业,SH,2021-08-19,2021-08-27,10.06,21.4,1.1272365805168985,20,8,2414760.39,4332850344.0,216642517.2,False,True,False,2021-08-19,0.0,1
sh688001,华兴源创,C35专用设备制造业,SH,2026-03-30,2026-04-27,29.27,60.66,1.0724291083020154,20,28,2188463.3999999994,9583496583.0,479174829.15,False,False,False,2019-07-22,2443.0,1
sh688002,睿创微纳,C39计算机、通信和其他电子设备制造业,SH,2019-07-22,2019-08-05,30.0,75.25,1.5083333333333333,20,14,3634874.2300000004,20688939474.0,1034446973.7,False,True,False,2019-07-22,0.0,1
sh688003,天准科技,C35专用设备制造业,SH,2019-07-22,2019-08-05,30.89,72.5,1.3470378763353836,20,14,3026171.6599999997,16434814951.0,821740747.55,False,True,False,2019-07-22,0.0,1
sh688004,博汇科技,I65软件和信息技术服务业,SH,2026-09-11,2026-09-17,18.6,37.49,1.0155913978494624,20,6,876709.7899999999,1058975388.0,52948769.4,False,False,False,2020-06-12,2282.0,1
sh688005,容百科技,C39计算机、通信和其他电子设备制造业,SH,2020-02-03,2020-02-11,27.23,54.88,1.0154241645244215,20,8,1358477.88,5047730258.0,252386512.9,False,False,False,2019-07-22,196.0,1
sh688006,杭可科技,C35专用设备制造业,SH,2019-07-22,2019-08-06,37.68,80.18,1.1279193205944802,20,15,2494967.3299999996,15135534487.0,756776724.35,False,True,False,2019-07-22,0.0,1
sh688007,光峰科技,C39计算机、通信和其他电子设备制造业,SH,2019-07-22,2019-08-06,26.45,59.97,1.267296786389414,20,15,4445232.58,20287176620.0,1014358831.0,False,True,False,2019-07-22,0.0,1
sh688010,福光股份,C40仪器仪表制造业,SH,2019-07-22,2019-08-16,36.12,95.21,1.6359357696567,20,25,3170379.83,23381937727.0,1169096886.35,False,True,False,2019-07-22,0.0,1
sh688011,新光光电,C39计算机、通信和其他电子设备制造业,SH,2019-07-22,2019-08-06,50.01,104.5,1.0895820835832835,20,15,1736533.6099999999,13649406089.0,682470304.45,False,True,False,2019-07-22,0.0,1
sh688012,中微公司,C35专用设备制造业,SH,2019-07-22,2019-07-22,62.0,125.0,1.0161290322580645,20,0,2679168.75,23544972021.0,1177248601.05,False,True,False,2019-07-22,0.0,1
sh688015,交控科技,C37铁路、船舶、航空航天和其他运输设备制造业,SH,2019-07-22,2019-08-06,24.0,71.17,1.9654166666666666,20,15,2724795.1500000004,13915067207.0,695753360.35,False,True,False,2019-07-22,0.0,1
sh688016,心脉医疗,C35专用设备制造业,SH,2019-07-22,2019-07-22,101.0,219.03,1.1686138613861385,20,0,929811.7200000001,15133529323.0,756676466.15,False,True,False,2019-07-22,0.0,1
sh688018,乐鑫科技,I65软件和信息技术服务业,SH,2024-11-25,2024-12-20,128.4,269.59,1.0996105919003112,20,25,1456871.46,27772282556.0,1388614127.8,False,False,False,2019-07-22,1953.0,1
sh688019,安集科技,C39计算机、通信和其他电子设备制造业,SH,2019-07-22,2019-07-22,110.0,243.2,1.210909090909091,20,0,801584.7999999999,14756414519.0,737820725.95,False,True,False,2019-07-22,0.0,1
sh688020,方邦股份,C39计算机、通信和其他电子设备制造业,SH,2026-04-03,2026-05-06,79.4,176.99,1.2290931989924432,20,33,1015530.99,12485399380.0,624269969.0,False,False,False,2019-07-22,2447.0,1
sh688021,奥福科技,C35专用设备制造业,SH,2020-05-07,2020-06-03,38.21,79.4,1.077990054959435,20,27,306259.68,1616301460.0,80815073.0,False,False,False,2019-11-06,183.0,1
sh688022,ST瀚川,C35专用设备制造业,SH,2019-07-22,2019-08-02,33.53,101.01,2.012526096033403,20,11,2115824.26,14845537693.0,742276884.65,True,True,False,2019-07-22,0.0,1
sh688023,安恒信息,I65软件和信息技术服务业,SH,2024-09-18,2024-10-09,27.67,63.58,1.297795446331767,20,21,769510.3300000001,3129154496.0,156457724.8,False,False,False,2019-11-05,1779.0,1
sh688025,杰普特,C39计算机、通信和其他电子设备制造业,SH,2026-01-29,2026-02-27,133.37,277.77,1.082702256879358,20,29,1184333.5,23285574114.0,1164278705.7,False,False,False,2019-10-31,2282.0,1
sh688026,洁特生物,C29橡胶和塑料制品业,SH,2020-01-23,2020-02-04,52.0,157.0,2.019230769230769,20,12,1561657.8800000001,13096379177.0,654818958.85,False,True,False,2020-01-22,1.0,1
sh688027,国盾量子,C39计算机、通信和其他电子设备制造业,SH,2024-02-05,2024-03-12,71.69,146.36,1.0415678616264477,20,36,303115.72000000003,3215027349.0,160751367.45,False,False,False,2020-07-09,1306.0,1
sh688028,沃尔德,C34通用设备制造业,SH,2019-07-22,2019-08-14,38.42,162.08,3.218636127017179,20,23,1923045.23,21009626517.0,1050481325.85,False,True,False,2019-07-22,0.0,1
sh688031,星环科技,I65软件和信息技术服务业,SH,2024-09-18,2024-10-09,24.75,50.69,1.0480808080808082,20,21,427249.3599999999,1483804092.0,74190204.6,False,False,False,2022-10-18,701.0,1
sh688033,*ST天宜,C30非金属矿物制品业,SH,2019-07-22,2019-08-06,28.3,64.8,1.2897526501766783,20,15,3289036.79,15602845094.0,780142254.7,True,True,False,2019-07-22,0.0,1
sh688037,芯源微,C35专用设备制造业,SH,2019-12-30,2020-02-04,71.0,142.2,1.0028169014084507,20,36,893633.38,8262200553.0,413110027.65,False,True,False,2019-12-16,14.0,1
sh688039,当虹科技,I65软件和信息技术服务业,SH,2024-02-06,2024-02-21,16.0,34.0,1.125,20,15,620633.29,1565793398.0,78289669.9,False,False,False,2019-12-11,1518.0,1
sh688041,海光信息,C39计算机、通信和其他电子设备制造业,SH,2024-09-05,2024-10-09,73.8,148.7,1.0149051490514904,20,34,10950803.92,34945537881.0,1747276894.05,False,False,False,2022-08-12,755.0,1
sh688045,必易微,I65软件和信息技术服务业,SH,2024-09-23,2024-10-25,20.71,44.87,1.1665861902462575,20,32,568481.33,1853354296.0,92667714.8,False,False,False,2022-05-26,851.0,1
sh688046,药康生物,M73研究和试验发展,SH,2026-07-21,2026-08-13,20.7,43.47,1.1,20,23,3448690.31,10556530356.0,527826517.8,False,False,False,2022-04-25,1548.0,1
sh688048,长光华芯,C39计算机、通信和其他电子设备制造业,SH,2024-09-18,2024-10-09,23.37,47.3,1.0239623448866064,20,21,646462.22,2084846823.0,104242341.15,False,False,False,2022-04-01,901.0,1
sh688056,莱伯泰科,C40仪器仪表制造业,SH,2021-04-27,2021-05-27,35.6,74.76,1.1,20,30,207635.59,1065197250.0,53259862.5,False,False,False,2020-09-02,237.0,1
sh688058,宝兰德,I65软件和信息技术服务业,SH,2024-09-18,2024-10-09,15.86,33.26,1.0970996216897855,20,21,233320.59999999998,516319157.0,25815957.85,False,False,False,2019-11-01,1783.0,1
sh688059,华锐精密,C33金属制品业,SH,2021-02-19,2021-03-05,62.25,135.49,1.1765461847389558,20,14,550115.9400000001,5096655118.0,254832755.9,False,True,False,2021-02-08,11.0,1
sh688063,派能科技,C38电气机械和器材制造业,SH,2022-06-10,2022-07-07,205.14,426.88,1.0809203470800428,20,27,649682.6800000002,18332061444.0,916603072.2,False,False,False,2020-12-30,527.0,1
sh688066,*ST航图,I65软件和信息技术服务业,SH,2019-07-22,2019-08-06,30.6,77.89,1.545424836601307,20,15,3129458.66,18491157469.0,924557873.45,True,True,False,2019-07-22,0.0,1
sh688068,热景生物,C27医药制造业,SH,2019-12-30,2020-02-04,44.66,97.66,1.186744290192566,20,36,457645.20999999996,2961627936.0,148081396.8,False,False,False,2019-09-30,91.0,1
sh688070,纵横股份,C37铁路、船舶、航空航天和其他运输设备制造业,SH,2024-02-20,2024-03-18,21.61,43.86,1.0296159185562241,20,27,239361.94,760828162.0,38041408.1,False,False,False,2021-02-10,1105.0,1
sh688072,拓荆科技,C35专用设备制造业,SH,2026-04-27,2026-05-26,372.21,779.0,1.0929045431342521,20,29,1720666.01,93344298561.0,4667214928.05,False,False,False,2022-04-20,1468.0,1
sh688075,安旭生物,C27医药制造业,SH,2021-12-15,2022-01-10,105.77,214.33,1.026377989978255,20,26,260855.83,3679431816.0,183971590.8,False,True,False,2021-11-18,27.0,1
sh688077,大地熊,C30非金属矿物制品业,SH,2021-10-28,2021-11-23,43.81,88.08,1.0104998858708054,20,26,631300.2000000001,3831589972.0,191579498.6,False,False,False,2020-07-22,463.0,1
sh688078,龙软科技,I65软件和信息技术服务业,SH,2021-05-21,2021-06-10,21.89,45.0,1.055733211512106,20,20,678648.8999999999,2391348712.0,119567435.6,False,False,False,2019-12-30,508.0,1
sh688079,美迪凯,C39计算机、通信和其他电子设备制造业,SH,2026-05-07,2026-06-03,14.78,31.0,1.0974289580514207,20,27,6277666.4,13832915514.0,691645775.7,False,False,False,2021-03-02,1892.0,1
sh688082,盛美上海,C35专用设备制造业,SH,2026-06-02,2026-06-24,210.33,432.98,1.0585746208339275,20,22,2144901.58,61179653377.0,3058982668.85,False,False,False,2021-11-18,1657.0,1
sh688083,中望软件,I65软件和信息技术服务业,SH,2024-09-10,2024-10-09,60.01,126.98,1.1159806698883519,20,29,316134.6,2777242653.0,138862132.65,False,False,False,2021-03-11,1279.0,1
sh688088,虹软科技,I65软件和信息技术服务业,SH,2020-01-13,2020-02-13,54.0,109.88,1.0348148148148146,20,31,1142471.9000000001,8700278562.0,435013928.1,False,False,False,2019-07-22,175.0,1
sh688091,上海谊众,C27医药制造业,SH,2022-04-08,2022-04-29,50.11,115.44,1.303731790061864,20,21,441569.4800000001,3392008689.0,169600434.45,False,False,False,2021-09-09,211.0,1
sh688097,博众精工,C35专用设备制造业,SH,2021-05-12,2021-06-01,19.01,39.39,1.0720673329826407,20,20,1825534.7799999998,4795422323.0,239771116.15,False,True,False,2021-05-12,0.0,1
sh688098,申联生物,C27医药制造业,SH,2025-07-23,2025-08-19,6.45,15.4,1.387596899224806,20,27,4510410.239999999,4101082851.0,205054142.55,False,False,False,2019-10-28,2095.0,1
sh688102,斯瑞新材,C32有色金属冶炼和压延加工业,SH,2025-12-03,2025-12-29,21.5,43.18,1.0083720930232558,20,26,10764983.620000003,35472050699.0,1773602534.95,False,False,False,2022-03-16,1358.0,1
sh688106,金宏气体,C26化学原料和化学制品制造业,SH,2026-06-08,2026-07-02,25.3,51.91,1.0517786561264821,20,24,10737500.56,37237016241.0,1861850812.05,False,False,False,2020-06-16,2183.0,1
sh688107,安路科技,C39计算机、通信和其他电子设备制造业,SH,2024-09-18,2024-10-09,17.16,35.0,1.0396270396270397,20,21,601941.1699999999,1469537683.0,73476884.15,False,False,False,2021-11-12,1041.0,1
sh688108,赛诺医疗,C35专用设备制造业,SH,2020-06-15,2020-07-14,18.85,43.6,1.3129973474801062,20,29,1876463.6300000001,4883265580.0,244163279.0,False,False,False,2019-10-30,229.0,1
sh688109,品茗科技,I65软件和信息技术服务业,SH,2025-09-02,2025-09-29,38.56,84.82,1.1996887966804977,20,27,558210.7400000001,2717832362.0,135891618.1,False,False,False,2021-03-30,1617.0,1
sh688110,东芯股份,C39计算机、通信和其他电子设备制造业,SH,2025-07-10,2025-07-31,30.9,64.76,1.0957928802588999,20,21,3933437.05,16348119954.0,817405997.7,False,False,False,2021-12-10,1308.0,1
sh688114,华大智造,C35专用设备制造业,SH,2025-01-17,2025-02-17,38.2,77.77,1.0358638743455493,20,31,1060026.1600000001,6050763684.0,302538184.2,False,False,False,2022-09-09,861.0,1
sh688115,思林杰,C40仪器仪表制造业,SH,2024-08-20,2024-10-08,19.44,45.22,1.326131687242798,20,49,397976.39,1223733463.0,61186673.15,False,False,False,2022-03-14,890.0,1
sh688118,普元信息,I65软件和信息技术服务业,SH,2024-09-19,2024-10-23,11.36,23.28,1.0492957746478875,20,34,1051328.53,1876161954.0,93808097.7,False,False,False,2019-12-04,1751.0,1
sh688120,华海清科,C35专用设备制造业,SH,2026-06-15,2026-07-10,183.0,374.85,1.0483606557377052,20,25,3567203.13,94458706825.0,4722935341.25,False,False,False,2022-06-08,1468.0,1
sh688122,西部超导,C32有色金属冶炼和压延加工业,SH,2019-07-22,2019-08-06,28.88,70.0,1.4238227146814406,20,15,3002218.4299999997,16120137671.0,806006883.55,False,True,False,2019-07-22,0.0,1
sh688123,聚辰股份,C39计算机、通信和其他电子设备制造业,SH,2025-09-04,2025-09-30,77.98,167.95,1.15375737368556,20,26,2412890.0300000003,26998568680.0,1349928434.0,False,False,False,2019-12-23,2082.0,1
sh688125,安达智能,C35专用设备制造业,SH,2024-09-24,2024-10-28,24.78,49.78,1.0088781275221952,20,34,279519.11999999994,1073089675.0,53654483.75,False,False,False,2022-04-15,893.0,1
sh688126,沪硅产业,C39计算机、通信和其他电子设备制造业,SH,2020-04-20,2020-05-20,8.96,24.68,1.7544642857142856,20,30,30723397.77,47307733704.0,2365386685.2,False,True,False,2020-04-20,0.0,1
sh688130,晶华微,I65软件和信息技术服务业,SH,2024-09-18,2024-10-21,16.18,32.69,1.0203955500618047,20,33,345123.2900000001,821043286.0,41052164.3,False,False,False,2022-07-29,782.0,1
sh688133,泰坦科技,M73研究和试验发展,SH,2020-11-03,2020-11-25,57.52,140.41,1.4410639777468703,20,22,818147.17,6797552394.0,339877619.7,False,True,False,2020-10-30,4.0,1
sh688137,近岸蛋白,M73研究和试验发展,SH,2026-07-27,2026-08-14,33.2,71.0,1.1385542168674698,20,18,569200.12,2973917760.0,148695888.0,False,False,False,2022-09-29,1397.0,1
sh688141,杰华特,I65软件和信息技术服务业,SH,2026-06-08,2026-07-06,84.5,171.1,1.0248520710059172,20,28,22327454.85,45890842896.0,2294542144.8,False,False,False,2022-12-23,1263.0,1
sh688143,长盈通,C39计算机、通信和其他电子设备制造业,SH,2026-04-16,2026-05-18,60.3,129.84,1.1532338308457715,20,32,2918421.0900000003,23575463170.0,1178773158.5,False,False,False,2022-12-12,1221.0,1
sh688146,中船特气,C39计算机、通信和其他电子设备制造业,SH,2026-04-02,2026-04-30,42.26,87.77,1.076904874585897,20,28,4382736.15,28456210539.0,1422810526.95,False,False,False,2023-04-21,1077.0,1
sh688147,微导纳米,C35专用设备制造业,SH,2026-06-02,2026-06-30,76.77,166.61,1.1702487951022538,20,28,22504934.139999997,30415030401.0,1520751520.05,False,False,False,2022-12-23,1257.0,1
sh688148,芳源股份,C39计算机、通信和其他电子设备制造业,SH,2025-10-17,2025-11-11,5.92,12.95,1.1875,20,25,9330161.09,7974906210.0,398745310.5,False,False,False,2021-08-06,1533.0,1
sh688150,莱特光电,C39计算机、通信和其他电子设备制造业,SH,2022-05-26,2022-06-02,13.69,31.66,1.3126369612856101,20,7,632781.5299999999,1467958892.0,73397944.6,False,False,False,2022-03-18,69.0,1
sh688152,麒麟信安,I65软件和信息技术服务业,SH,2024-09-09,2024-10-14,31.9,64.3,1.0156739811912225,20,35,482240.7100000001,2198731217.0,109936560.85,False,False,False,2022-10-28,682.0,1
sh688158,优刻得,I64互联网和相关服务,SH,2020-02-03,2020-02-13,45.98,126.0,1.74032187907786,20,10,2520095.7399999998,21174766616.0,1058738330.8,False,True,False,2020-01-20,14.0,1
sh688159,有方科技,C39计算机、通信和其他电子设备制造业,SH,2020-02-03,2020-02-27,41.0,83.88,1.0458536585365854,20,24,1369091.3599999999,9303971587.0,465198579.35,False,True,False,2020-01-23,11.0,1
sh688160,步科股份,C40仪器仪表制造业,SH,2022-07-15,2022-08-11,26.04,53.11,1.0395545314900154,20,27,396298.62,1514559419.0,75727970.95,False,False,False,2020-11-12,610.0,1
sh688165,埃夫特,C34通用设备制造业,SH,2024-11-05,2024-12-02,9.96,21.89,1.1977911646586343,20,27,6959520.629999999,10190291676.0,509514583.8,False,False,False,2020-07-15,1574.0,1
sh688166,博瑞医药,C27医药制造业,SH,2020-02-03,2020-02-14,34.43,72.38,1.1022364217252396,20,11,724746.1799999999,3387430326.0,169371516.3,False,False,False,2019-11-08,87.0,1
sh688167,炬光科技,C39计算机、通信和其他电子设备制造业,SH,2026-01-14,2026-02-09,171.6,351.36,1.0475524475524476,20,26,1273893.8199999998,30865928488.0,1543296424.4,False,False,False,2021-12-24,1482.0,1
sh688168,安博通,I65软件和信息技术服务业,SH,2024-09-23,2024-10-25,26.68,58.0,1.1739130434782608,20,32,761250.4099999999,3263601965.0,163180098.25,False,False,False,2019-09-06,1844.0,1
sh688170,德龙激光,C35专用设备制造业,SH,2022-06-14,2022-07-01,28.7,58.7,1.045296167247387,20,17,750826.2300000002,2859074573.0,142953728.65,False,True,False,2022-04-29,46.0,1
sh688171,纬德信息,I65软件和信息技术服务业,SH,2025-04-09,2025-05-08,14.51,31.56,1.1750516884906959,20,29,487270.0,1093422130.0,54671106.5,False,False,False,2022-01-27,1168.0,1
sh688172,燕东微,C39计算机、通信和其他电子设备制造业,SH,2026-04-28,2026-05-28,37.07,78.18,1.1089830051254386,20,30,5402824.54,28581112454.0,1429055622.7,False,False,False,2022-12-16,1229.0,1
sh688173,希荻微,I65软件和信息技术服务业,SH,2024-02-06,2024-03-05,7.85,17.6,1.24203821656051,20,28,1699987.3900000001,2098878517.0,104943925.85,False,False,False,2022-01-21,746.0,1
sh688183,生益电子,C39计算机、通信和其他电子设备制造业,SH,2024-05-15,2024-06-12,9.97,20.57,1.0631895687061181,20,28,4918922.63,7687278958.0,384363947.9,False,False,False,2021-02-25,1175.0,1
sh688185,康希诺,C27医药制造业,SH,2022-10-12,2022-11-02,110.7,253.5,1.2899728997289972,20,21,707878.8799999999,11892099406.0,594604970.3,False,False,False,2020-08-13,790.0,1
sh688189,ST南新,C27医药制造业,SH,2025-07-09,2025-07-31,7.83,17.14,1.1890166028097062,20,22,4469100.16,4827607755.0,241380387.75,True,False,False,2020-03-26,1931.0,1
sh688195,腾景科技,C39计算机、通信和其他电子设备制造业,SH,2021-10-29,2021-11-22,18.03,38.58,1.1397670549084857,20,24,708234.2699999999,2015326565.0,100766328.25,False,False,False,2021-03-26,217.0,1
sh688196,卓越新能,C42废弃资源综合利用业,SH,2024-11-04,2024-11-29,24.3,49.93,1.0547325102880656,20,25,536941.99,1991208438.0,99560421.9,False,False,False,2019-11-21,1810.0,1
sh688198,佰仁医疗,C35专用设备制造业,SH,2020-05-26,2020-06-22,53.48,109.88,1.054599850411369,20,27,354631.69999999995,2859958542.0,142997927.1,False,False,False,2019-12-09,169.0,1
sh688201,ST信安,I65软件和信息技术服务业,SH,2024-09-18,2024-10-09,6.01,12.77,1.124792013311148,20,21,1972616.5299999998,1667089015.0,83354450.75,True,False,False,2021-04-21,1246.0,1
sh688202,美迪西,M73研究和试验发展,SH,2025-06-26,2025-07-23,34.0,68.5,1.0147058823529411,20,27,1935649.51,9793228961.0,489661448.05,False,False,False,2019-11-05,2060.0,1
sh688203,海正生材,C28化学纤维制造业,SH,2026-08-28,2026-09-24,12.71,26.35,1.0731707317073171,20,27,2175554.37,1396882102.0,69844105.1,False,False,False,2022-08-16,1473.0,1
sh688205,德科立,C39计算机、通信和其他电子设备制造业,SH,2023-05-30,2023-06-14,42.56,87.28,1.050751879699248,20,15,3546576.14,3706042764.0,185302138.2,False,False,False,2022-08-09,294.0,1
sh688218,江苏北人,C34通用设备制造业,SH,2022-06-17,2022-07-14,12.32,25.68,1.0844155844155843,20,27,1331916.43,2419099132.0,120954956.6,False,False,False,2019-12-11,919.0,1
sh688221,前沿生物,C27医药制造业,SH,2025-06-23,2025-07-16,9.53,19.49,1.0451206715634838,20,23,4366001.490000001,6482512105.0,324125605.25,False,False,False,2020-10-28,1699.0,1
sh688226,威腾电气,C38电气机械和器材制造业,SH,2022-10-10,2022-11-02,14.91,30.13,1.0207914151576123,20,23,1078296.1,2347929498.0,117396474.9,False,False,False,2021-07-07,460.0,1
sh688227,品高股份,I65软件和信息技术服务业,SH,2025-01-08,2025-02-11,22.72,49.5,1.1786971830985915,20,34,659596.2999999999,2195947555.0,109797377.75,False,False,False,2021-12-30,1105.0,1
sh688228,开普云,I65软件和信息技术服务业,SH,2024-02-06,2024-02-29,29.2,60.47,1.0708904109589041,20,23,526782.24,2425789280.0,121289464.0,False,False,False,2020-03-27,1411.0,1
sh688229,博睿数据,I65软件和信息技术服务业,SH,2025-01-13,2025-02-14,35.8,75.6,1.111731843575419,20,32,347046.38999999996,1851880810.0,92594040.5,False,False,False,2020-08-17,1610.0,1
sh688232,新点软件,I65软件和信息技术服务业,SH,2024-09-18,2024-10-09,19.07,39.41,1.0665967488201362,20,21,498404.39,1401672405.0,70083620.25,False,False,False,2021-11-17,1036.0,1
sh688233,神工股份,C39计算机、通信和其他电子设备制造业,SH,2021-07-20,2021-08-05,46.8,95.68,1.0444444444444447,20,16,1026262.99,6685582875.0,334279143.75,False,False,False,2020-02-21,515.0,1
sh688237,超卓航科,C37铁路、船舶、航空航天和其他运输设备制造业,SH,2024-09-25,2024-10-29,16.38,33.71,1.0579975579975582,20,34,433107.24,1032618436.0,51630921.8,False,False,False,2022-07-01,817.0,1
sh688244,永信至诚,I65软件和信息技术服务业,SH,2022-10-20,2022-11-08,17.39,78.86,3.5347901092581946,20,19,7513951.11,3949522125.0,197476106.25,False,True,False,2022-10-19,1.0,1
sh688246,嘉和美康,I65软件和信息技术服务业,SH,2024-09-20,2024-10-24,15.88,32.64,1.0554156171284634,20,34,766721.3400000001,1838233338.0,91911666.9,False,False,False,2021-12-14,1011.0,1
sh688247,宣泰医药,C27医药制造业,SH,2022-11-28,2022-12-12,11.12,23.82,1.142086330935252,20,14,1127598.01,1823283878.0,91164193.9,False,False,False,2022-08-25,95.0,1
sh688248,南网科技,M74专业技术服务业,SH,2022-06-30,2022-07-15,22.6,47.23,1.089823008849557,20,15,1052680.05,3175617683.0,158780884.15,False,False,False,2021-12-22,190.0,1
sh688252,天德钰,I65软件和信息技术服务业,SH,2024-09-24,2024-10-18,13.93,28.32,1.0330222541277818,20,24,2104802.11,4689572691.0,234478634.55,False,False,False,2022-09-27,728.0,1
sh688255,凯尔达,C34通用设备制造业,SH,2022-07-13,2022-08-09,30.2,62.59,1.072516556291391,20,27,505581.36999999994,2341414514.0,117070725.7,False,False,False,2021-10-25,261.0,1
sh688256,寒武纪,I65软件和信息技术服务业,SH,2023-02-28,2023-03-22,81.91,164.16,1.0041508973263338,20,22,2117988.3800000004,22627950441.0,1131397522.05,False,False,False,2020-07-20,953.0,1
sh688258,卓易信息,I65软件和信息技术服务业,SH,2019-12-09,2019-12-19,40.6,102.58,1.5266009852216746,20,10,1102087.28,8142048006.0,407102400.3,False,True,False,2019-12-09,0.0,1
sh688260,昀冢科技,C39计算机、通信和其他电子设备制造业,SH,2023-09-27,2023-10-31,16.49,34.39,1.085506367495452,20,34,1158639.12,2774849374.0,138742468.7,False,False,False,2021-04-06,904.0,1
sh688261,东微半导,C39计算机、通信和其他电子设备制造业,SH,2024-09-18,2024-10-09,28.0,58.66,1.0949999999999998,20,21,492456.80999999994,1999979011.0,99998950.55,False,False,False,2022-02-10,951.0,1
sh688262,国芯科技,I65软件和信息技术服务业,SH,2024-10-16,2024-11-12,19.31,38.84,1.0113930605903678,20,27,2964167.84,7671923393.0,383596169.65,False,False,False,2022-01-06,1014.0,1
sh688265,南模生物,M73研究和试验发展,SH,2025-07-21,2025-08-15,34.35,72.72,1.1170305676855894,20,25,519441.48999999993,2456201121.0,122810056.05,False,False,False,2021-12-28,1301.0,1
sh688268,华特气体,C39计算机、通信和其他电子设备制造业,SH,2020-04-28,2020-05-20,49.0,101.75,1.0765306122448979,20,22,894092.84,6339974462.0,316998723.1,False,False,False,2019-12-26,124.0,1
sh688269,凯立新材,C26化学原料和化学制品制造业,SH,2021-06-09,2021-06-23,62.0,149.67,1.4140322580645157,20,14,728058.3200000002,7720417361.0,386020868.05,False,True,False,2021-06-09,0.0,1
sh688270,ST臻镭,C39计算机、通信和其他电子设备制造业,SH,2024-09-24,2024-10-23,19.25,38.75,1.012987012987013,20,29,1897096.3299999998,5687134605.0,284356730.25,True,False,False,2022-01-27,971.0,1
sh688272,富吉瑞,C39计算机、通信和其他电子设备制造业,SH,2025-01-20,2025-02-24,16.54,36.18,1.1874244256348248,20,35,735865.93,1836989331.0,91849466.55,False,False,False,2021-10-18,1190.0,1
sh688277,天智航,C35专用设备制造业,SH,2020-07-07,2020-07-14,64.3,141.6,1.2021772939346813,20,7,1883207.2000000002,19290905234.0,964545261.7,False,True,False,2020-07-07,0.0,1
sh688278,特宝生物,C27医药制造业,SH,2020-06-02,2020-07-01,40.12,81.5,1.031405782652044,20,29,693948.3099999999,4063296577.0,203164828.85,False,False,False,2020-01-17,137.0,1
sh688280,精进电动,C36汽车制造业,SH,2025-04-09,2025-05-06,3.88,8.38,1.15979381443299,20,27,2821932.35,1634624105.0,81731205.25,False,False,False,2021-10-27,1260.0,1
sh688286,敏芯股份,C39计算机、通信和其他电子设备制造业,SH,2026-06-05,2026-06-30,57.0,115.07,1.0187719298245614,20,25,752706.89,6476302271.0,323815113.55,False,False,False,2020-08-10,2125.0,1
sh688295,中复神鹰,C28化学纤维制造业,SH,2026-03-09,2026-03-17,29.09,59.4,1.0419388105878307,20,8,2662035.51,11462319222.0,573115961.1,False,False,False,2022-04-06,1433.0,1
sh688296,和达科技,I65软件和信息技术服务业,SH,2021-07-28,2021-08-23,25.89,55.1,1.1282348397064506,20,26,1069943.1400000001,4009690886.0,200484544.3,False,True,False,2021-07-27,1.0,1
sh688297,中无人机,C37铁路、船舶、航空航天和其他运输设备制造业,SH,2024-09-19,2024-10-23,27.43,55.74,1.032081662413416,20,34,2029210.6900000002,8615595356.0,430779767.8,False,False,False,2022-06-29,813.0,1
sh688298,东方生物,C27医药制造业,SH,2020-06-11,2020-07-10,118.01,245.58,1.0810100838911958,20,29,566076.45,8841085132.0,442054256.6,False,False,False,2020-02-05,127.0,1
sh688300,联瑞新材,C39计算机、通信和其他电子设备制造业,SH,2026-04-28,2026-05-28,83.11,166.98,1.009144507279509,20,30,2067169.83,25009912546.0,1250495627.3,False,False,False,2019-11-15,2356.0,1
sh688303,大全能源,C38电气机械和器材制造业,SH,2024-09-23,2024-10-25,18.64,38.44,1.0622317596566524,20,32,3313532.909999999,9438471196.0,471923559.8,False,False,False,2021-07-22,1159.0,1
sh688306,均普智能,C35专用设备制造业,SH,2024-11-18,2024-12-11,5.65,11.56,1.046017699115044,20,23,10769486.8,9248580134.0,462429006.7,False,False,False,2022-03-22,972.0,1
sh688307,中润光学,C39计算机、通信和其他电子设备制造业,SH,2024-04-17,2024-04-30,11.14,22.36,1.007181328545781,20,13,3102172.1600000006,385627317.0,19281365.85,False,False,False,2023-02-16,426.0,1
sh688308,欧科亿,C33金属制品业,SH,2021-02-18,2021-03-17,23.54,47.45,1.0157179269328802,20,27,701105.6299999999,2530199112.0,126509955.6,False,False,False,2020-12-10,70.0,1
sh688311,盟升电子,C39计算机、通信和其他电子设备制造业,SH,2024-09-24,2024-10-23,16.8,37.0,1.202380952380952,20,29,1457048.3599999999,4096730461.0,204836523.05,False,False,False,2020-07-31,1516.0,1
sh688313,仕佳光子,C39计算机、通信和其他电子设备制造业,SH,2024-09-19,2024-10-23,8.14,16.44,1.0196560196560198,20,34,4545455.76,5720595108.0,286029755.4,False,False,False,2020-08-12,1499.0,1
sh688315,诺禾致源,M73研究和试验发展,SH,2021-04-21,2021-05-19,24.13,50.59,1.0965602983837548,20,28,1224207.9200000004,4298302897.0,214915144.85,False,True,False,2021-04-13,8.0,1
sh688316,青云科技,I64互联网和相关服务,SH,2021-05-11,2021-06-02,53.0,106.19,1.0035849056603774,20,22,125136.53,964095285.0,48204764.25,False,True,False,2021-03-16,56.0,1
sh688318,财富趋势,I65软件和信息技术服务业,SH,2022-12-23,2023-01-18,81.18,162.8,1.0054200542005418,20,26,388266.07,4855611070.0,242780553.5,False,False,False,2020-04-27,970.0,1
sh688320,禾川科技,C40仪器仪表制造业,SH,2022-05-25,2022-06-13,18.21,37.0,1.031850631521142,20,19,1062440.4700000002,2786104983.0,139305249.15,False,True,False,2022-04-28,27.0,1
sh688322,奥比中光,C39计算机、通信和其他电子设备制造业,SH,2023-05-15,2023-06-01,27.21,58.5,1.149944873208379,20,17,1410460.9799999997,5633914488.0,281695724.4,False,False,False,2022-07-07,312.0,1
sh688323,瑞华泰,C29橡胶和塑料制品业,SH,2026-04-24,2026-05-21,20.53,43.42,1.114953726254262,20,27,3490170.66,10485007262.0,524250363.1,False,False,False,2021-04-28,1822.0,1
sh688325,赛微微电,I65软件和信息技术服务业,SH,2024-02-06,2024-02-27,18.38,40.06,1.1795429815016325,20,21,358640.54,977462316.0,48873115.8,False,False,False,2022-04-22,655.0,1
sh688327,云从科技,I65软件和信息技术服务业,SH,2023-01-03,2023-02-06,15.26,34.39,1.2536041939711664,20,34,2033750.3099999998,4863451185.0,243172559.25,False,False,False,2022-05-27,221.0,1
sh688329,艾隆科技,C35专用设备制造业,SH,2021-06-15,2021-07-07,38.4,80.4,1.0937500000000004,20,22,417126.63999999996,2174092222.0,108704611.1,False,False,False,2021-03-29,78.0,1
sh688331,荣昌生物,C27医药制造业,SH,2022-10-12,2022-11-03,45.1,91.7,1.033259423503326,20,22,433654.2899999999,2921030982.0,146051549.1,False,False,False,2022-03-31,195.0,1
sh688333,铂力特,C34通用设备制造业,SH,2019-07-22,2019-08-06,43.4,116.8,1.6912442396313363,20,15,1597258.19,13299319593.0,664965979.65,False,True,False,2019-07-22,0.0,1
sh688335,复洁科技,C35专用设备制造业,SH,2025-09-09,2025-09-26,14.18,30.32,1.138222849083216,20,17,1576988.8499999999,3236690727.0,161834536.35,False,False,False,2020-08-17,1849.0,1
sh688336,三生国健,C27医药制造业,SH,2025-05-16,2025-05-22,26.8,56.69,1.1152985074626862,20,6,949241.47,3558799342.0,177939967.1,False,False,False,2020-07-22,1759.0,1
sh688347,华虹宏力,C39计算机、通信和其他电子设备制造业,SH,2025-09-11,2025-10-09,67.08,137.47,1.049344066785927,20,28,6503518.49,55973468186.0,2798673409.3,False,False,False,2023-08-07,766.0,1
sh688348,昱能科技,C38电气机械和器材制造业,SH,2022-06-08,2022-07-04,266.0,564.92,1.1237593984962406,20,26,570514.87,20803081208.0,1040154060.4,False,True,False,2022-06-08,0.0,1
sh688351,微电生理,C35专用设备制造业,SH,2022-09-26,2022-10-18,11.71,25.51,1.1784799316823227,20,22,1454256.6900000002,2290938693.0,114546934.65,False,True,False,2022-08-31,26.0,1
sh688353,华盛锂电,C26化学原料和化学制品制造业,SH,2025-10-28,2025-11-10,40.5,93.0,1.2962962962962963,20,13,2103401.96,11356129968.0,567806498.4,False,False,False,2022-07-13,1203.0,1
sh688356,键凯科技,C26化学原料和化学制品制造业,SH,2026-08-03,2026-08-24,62.13,128.81,1.0732335425720265,20,21,470816.03,4385531843.0,219276592.15,False,False,False,2020-08-26,2168.0,1
sh688361,中科飞测,C35专用设备制造业,SH,2026-06-08,2026-06-29,188.0,378.99,1.0159042553191489,20,21,1912527.5,47154770037.0,2357738501.85,False,False,False,2023-05-19,1116.0,1
sh688362,甬矽电子,C39计算机、通信和其他电子设备制造业,SH,2026-06-09,2026-07-07,52.3,106.55,1.0372848948374762,20,28,8483776.18,64764501759.0,3238225087.95,False,False,False,2022-11-16,1301.0,1
sh688365,光云科技,I65软件和信息技术服务业,SH,2020-04-29,2020-05-29,28.89,69.75,1.4143302180685358,20,30,2914998.9099999997,14685173715.0,734258685.75,False,True,False,2020-04-29,0.0,1
sh688368,晶丰明源,I65软件和信息技术服务业,SH,2024-09-24,2024-10-21,47.5,113.6,1.391578947368421,20,27,425594.42,3483057018.0,174152850.9,False,False,False,2019-10-14,1807.0,1
sh688369,致远互联,I65软件和信息技术服务业,SH,2025-01-13,2025-02-14,16.4,33.89,1.0664634146341467,20,32,1262368.11,3281794477.0,164089723.85,False,False,False,2019-10-31,1901.0,1
sh688371,菲沃泰,C39计算机、通信和其他电子设备制造业,SH,2026-04-30,2026-05-20,20.51,44.39,1.1643100926377374,20,20,2331121.33,7709261588.0,385463079.4,False,False,False,2022-08-02,1367.0,1
sh688372,伟测科技,M74专业技术服务业,SH,2023-05-31,2023-06-02,72.45,145.2,1.004140786749482,20,2,1546307.57,3549940889.0,177497044.45,False,False,False,2022-10-26,217.0,1
sh688375,国博电子,C39计算机、通信和其他电子设备制造业,SH,2025-12-12,2026-01-12,72.0,155.99,1.166527777777778,20,31,1874942.5600000003,17681510860.0,884075543.0,False,False,False,2022-07-22,1239.0,1
sh688378,奥来德,C39计算机、通信和其他电子设备制造业,SH,2024-09-18,2024-10-21,13.16,26.38,1.004559270516717,20,33,1614599.67,3310512545.0,165525627.25,False,False,False,2020-09-03,1476.0,1
sh688381,帝奥微,C39计算机、通信和其他电子设备制造业,SH,2026-04-23,2026-05-25,25.31,52.52,1.0750691426313712,20,32,4594636.970000001,16597242536.0,829862126.8,False,False,False,2022-08-23,1339.0,1
sh688383,新益昌,C35专用设备制造业,SH,2021-04-28,2021-05-27,48.0,119.45,1.4885416666666669,20,29,805620.5399999998,6574351765.0,328717588.25,False,True,False,2021-04-28,0.0,1
sh688385,复旦微电,C39计算机、通信和其他电子设备制造业,SH,2024-09-24,2024-10-09,23.55,50.9,1.1613588110403397,20,15,1660331.89,5836991305.0,291849565.25,False,False,False,2021-08-04,1147.0,1
sh688386,泛亚微透,C29橡胶和塑料制品业,SH,2020-10-20,2020-11-16,37.0,74.0,1.0,20,27,742057.91,3764171461.0,188208573.05,False,True,False,2020-10-16,4.0,1
sh688387,信科移动,C39计算机、通信和其他电子设备制造业,SH,2025-12-11,2026-01-09,7.31,15.84,1.1668946648426815,20,29,227140854.85,40874956043.0,2043747802.15,False,False,False,2022-09-26,1172.0,1
sh688388,嘉元科技,C39计算机、通信和其他电子设备制造业,SH,2019-07-22,2019-08-06,35.17,82.47,1.3448962183679272,20,15,3457848.03,22107517269.0,1105375863.45,False,True,False,2019-07-22,0.0,1
sh688390,固德威,C38电气机械和器材制造业,SH,2021-07-06,2021-07-30,307.0,635.04,1.0685342019543973,20,24,297370.6,11740029701.0,587001485.05,False,False,False,2020-09-04,305.0,1
sh688391,钜泉科技,I65软件和信息技术服务业,SH,2022-11-01,2022-11-04,58.45,140.34,1.4010265183917876,20,3,1399987.71,2739197829.0,136959891.45,False,True,False,2022-09-13,49.0,1
sh688392,骄成超声,C35专用设备制造业,SH,2022-09-30,2022-10-26,73.23,147.42,1.013109381401065,20,26,6518507.48,6625308882.0,331265444.1,False,True,False,2022-09-27,3.0,1
sh688393,安必平,C27医药制造业,SH,2025-01-14,2025-02-18,17.02,36.65,1.153349001175088,20,35,601680.87,1574754201.0,78737710.05,False,False,False,2020-08-20,1608.0,1
sh688399,硕世生物,C27医药制造业,SH,2019-12-30,2020-02-03,55.55,117.48,1.114851485148515,20,35,487839.26999999996,3787883216.0,189394160.8,False,True,False,2019-12-05,25.0,1
sh688400,凌云光,C39计算机、通信和其他电子设备制造业,SH,2025-01-17,2025-02-21,21.26,43.99,1.0691439322671683,20,35,4339147.25,13397501581.0,669875079.05,False,False,False,2022-07-06,926.0,1
sh688403,汇成股份,C39计算机、通信和其他电子设备制造业,SH,2026-06-02,2026-06-25,18.71,43.3,1.314270443613041,20,23,18355622.279999997,49004441988.0,2450222099.4,False,False,False,2022-08-18,1384.0,1
sh688409,富创精密,C34通用设备制造业,SH,2026-06-08,2026-06-26,134.64,274.8,1.0409982174688062,20,18,2058378.97,37200481438.0,1860024071.9,False,False,False,2022-10-10,1337.0,1
sh688410,山外山,C35专用设备制造业,SH,2022-12-27,2023-01-11,7.95,35.87,3.5119496855345904,20,15,12110961.26,3557795951.0,177889797.55,False,True,False,2022-12-26,1.0,1
sh688411,海博思创,C38电气机械和器材制造业,SH,2025-08-11,2025-09-05,89.9,185.0,1.057842046718576,20,25,509028.3,6472067712.0,323603385.6,False,False,False,2025-01-27,196.0,1
sh688416,恒烁股份,C39计算机、通信和其他电子设备制造业,SH,2025-12-31,2026-01-29,54.57,115.0,1.107385010078798,20,29,1829656.9300000002,13984159731.0,699207986.55,False,False,False,2022-08-29,1220.0,1
sh688418,震有科技,C39计算机、通信和其他电子设备制造业,SH,2024-02-06,2024-03-04,8.9,18.5,1.0786516853932584,20,27,2540454.0300000003,3545230379.0,177261518.95,False,False,False,2020-07-22,1294.0,1
sh688425,铁建重工,C35专用设备制造业,SH,2021-06-22,2021-06-22,5.19,12.15,1.3410404624277454,20,0,31555954.580000002,21401854419.0,1070092720.95,False,True,False,2021-06-22,0.0,1
sh688429,时创能源,C38电气机械和器材制造业,SH,2024-10-17,2024-11-12,15.99,37.3,1.3327079424640398,20,26,915489.53,2205369377.0,110268468.85,False,False,False,2023-06-29,476.0,1
sh688432,有研硅,C39计算机、通信和其他电子设备制造业,SH,2026-06-02,2026-06-29,17.55,37.08,1.1128205128205124,20,27,10318242.09,25329116103.0,1266455805.15,False,False,False,2022-11-10,1300.0,1
sh688433,华曙高科,C34通用设备制造业,SH,2025-01-21,2025-02-24,24.2,50.8,1.0991735537190084,20,34,4739649.129999999,2728495642.0,136424782.1,False,False,False,2023-04-17,645.0,1
sh688435,英方软件,I65软件和信息技术服务业,SH,2024-09-18,2024-10-09,18.64,44.44,1.3841201716738194,20,21,268956.94999999995,848955787.0,42447789.35,False,False,False,2023-01-19,608.0,1
sh688448,磁谷科技,C34通用设备制造业,SH,2024-09-18,2024-10-18,15.04,30.33,1.0166223404255321,20,30,457212.5200000001,1038641151.0,51932057.55,False,False,False,2022-09-21,728.0,1
sh688449,联芸科技,I65软件和信息技术服务业,SH,2026-04-24,2026-05-21,45.52,93.8,1.0606326889279436,20,27,3884405.95,25234558691.0,1261727934.55,False,False,False,2024-11-29,511.0,1
sh688456,有研粉材,C33金属制品业,SH,2026-06-01,2026-06-16,75.3,161.29,1.1419654714475431,20,15,2114122.61,22125240768.0,1106262038.4,False,False,False,2021-03-17,1902.0,1
sh688472,阿特斯,C38电气机械和器材制造业,SH,2025-10-23,2025-11-06,11.4,22.97,1.014912280701754,20,14,79748646.89,38959964209.0,1947998210.45,False,False,False,2023-06-09,867.0,1
sh688478,晶升股份,C35专用设备制造业,SH,2026-04-16,2026-05-15,35.89,79.9,1.2262468654221235,20,29,1868494.64,9174582728.0,458729136.4,False,False,False,2023-04-24,1088.0,1
sh688480,赛恩斯,N77生态保护和环境治理业,SH,2026-02-02,2026-02-27,71.82,148.0,1.060707323865219,20,25,700805.34,6384547166.0,319227358.3,False,False,False,2022-11-25,1165.0,1
sh688485,九州一轨,N77生态保护和环境治理业,SH,2026-03-23,2026-04-14,22.3,45.98,1.0618834080717487,20,22,2132174.8099999996,6980176127.0,349008806.35,False,False,False,2023-01-18,1160.0,1
sh688486,龙迅股份,I65软件和信息技术服务业,SH,2023-02-22,2023-03-10,29.38,113.99,2.8798502382573177,20,16,13191851.639999999,7202596558.0,360129827.9,False,True,False,2023-02-21,1.0,1
sh688498,源杰科技,C39计算机、通信和其他电子设备制造业,SH,2022-12-22,2023-01-10,56.71,135.19,1.3838829130664787,20,19,6505400.37,4461043333.0,223052166.65,False,True,False,2022-12-21,1.0,1
sh688499,利元亨,C35专用设备制造业,SH,2021-07-02,2021-07-29,155.03,319.45,1.060568922144101,20,27,657000.7300000001,14061680336.0,703084016.8,False,True,False,2021-07-01,1.0,1
sh688502,茂莱光学,C40仪器仪表制造业,SH,2024-09-23,2024-10-09,70.1,149.0,1.125534950071327,20,16,201931.30000000002,1935936706.0,96796835.3,False,False,False,2023-03-09,564.0,1
sh688503,聚和材料,C38电气机械和器材制造业,SH,2022-12-30,2023-01-06,66.02,164.01,1.484247197818843,20,7,1987536.98,8683013835.0,434150691.75,False,True,False,2022-12-09,21.0,1
sh688506,百利天恒,C27医药制造业,SH,2023-01-06,2023-02-02,28.75,89.84,2.1248695652173915,20,27,7694938.269999999,6171881439.0,308594071.95,False,True,False,2023-01-06,0.0,1
sh688507,索辰科技,I65软件和信息技术服务业,SH,2026-04-28,2026-05-25,88.09,187.79,1.1317970257690995,20,27,1143333.44,15732589266.0,786629463.3,False,False,False,2023-04-18,1106.0,1
sh688511,天微电子,C39计算机、通信和其他电子设备制造业,SH,2024-09-18,2024-10-18,9.4,19.99,1.1265957446808508,20,30,770662.3,0.0,0.0,False,False,False,2021-07-30,1146.0,1
sh688516,奥特维,C35专用设备制造业,SH,2024-09-10,2024-10-09,33.06,66.33,1.0063520871143372,20,29,1704306.81,7347546220.0,367377311.0,False,False,False,2020-05-21,1573.0,1
sh688518,联赢激光,C35专用设备制造业,SH,2021-07-05,2021-07-30,17.48,36.18,1.0697940503432495,20,25,2376717.15,6099906258.0,304995312.9,False,False,False,2020-06-22,378.0,1
sh688519,南亚新材,C39计算机、通信和其他电子设备制造业,SH,2026-05-21,2026-06-16,180.18,375.0,1.0812520812520812,20,26,1599563.51,39299425686.0,1964971284.3,False,False,False,2020-08-18,2102.0,1
sh688521,芯原股份,I65软件和信息技术服务业,SH,2024-09-18,2024-10-09,24.45,51.6,1.110429447852761,20,21,1370860.6099999999,4837735919.0,241886795.95,False,False,False,2020-08-18,1492.0,1
sh688522,纳睿雷达,C39计算机、通信和其他电子设备制造业,SH,2023-07-13,2023-07-18,20.54,60.88,1.963972736124635,20,5,3055473.83,1775040187.0,88752009.35,False,False,False,2023-03-01,134.0,1
sh688523,航天环宇,C37铁路、船舶、航空航天和其他运输设备制造业,SH,2025-12-17,2026-01-07,37.77,80.75,1.1379401641514426,20,21,4845041.1,23396011125.0,1169800556.25,False,False,False,2023-06-02,929.0,1
sh688525,佰维存储,C39计算机、通信和其他电子设备制造业,SH,2023-03-07,2023-04-03,24.69,51.88,1.1012555690562982,20,27,18250393.310000002,10162470462.0,508123523.1,False,False,False,2022-12-30,67.0,1
sh688528,秦川物联,C40仪器仪表制造业,SH,2024-09-09,2024-10-08,6.31,13.99,1.2171156893819335,20,29,400144.04000000004,404087136.0,20204356.8,False,False,False,2020-07-01,1531.0,1
sh688530,欧莱新材,C39计算机、通信和其他电子设备制造业,SH,2026-01-27,2026-02-26,18.07,39.59,1.1909241837299391,20,30,2697939.1599999997,7490281400.0,374514070.0,False,False,False,2024-05-09,628.0,1
sh688531,日联科技,C35专用设备制造业,SH,2023-09-15,2023-09-27,58.55,136.66,1.334073441502989,20,12,457271.5,935595549.0,46779777.45,False,False,False,2023-03-31,168.0,1
sh688533,上声电子,C39计算机、通信和其他电子设备制造业,SH,2021-10-29,2021-11-08,15.36,32.82,1.13671875,20,10,720893.74,1605140676.0,80257033.8,False,False,False,2021-04-19,193.0,1
sh688535,华海诚科,C39计算机、通信和其他电子设备制造业,SH,2023-06-28,2023-07-13,55.0,111.0,1.018181818181818,20,15,620127.98,4575181375.0,228759068.75,False,False,False,2023-04-04,85.0,1
sh688536,思瑞浦,I65软件和信息技术服务业,SH,2024-09-24,2024-10-09,66.8,145.0,1.1706586826347305,20,15,366594.34,3621771046.0,181088552.3,False,False,False,2020-09-21,1464.0,1
sh688543,国科军工,C37铁路、船舶、航空航天和其他运输设备制造业,SH,2024-03-26,2024-04-02,26.81,53.98,1.0134278254382694,20,7,4815853.52,1645311725.0,82265586.25,False,False,False,2023-06-21,279.0,1
sh688545,兴福电子,C39计算机、通信和其他电子设备制造业,SH,2026-06-03,2026-07-01,74.01,148.38,1.0048642075395215,20,28,4281478.260000001,46068068458.0,2303403422.9,False,False,False,2025-01-22,497.0,1
sh688548,广钢气体,C39计算机、通信和其他电子设备制造业,SH,2026-06-08,2026-06-30,25.97,54.98,1.1170581440123217,20,22,8597832.82,29810794780.0,1490539739.0,False,False,False,2023-08-15,1028.0,1
sh688549,中巨芯,C39计算机、通信和其他电子设备制造业,SH,2024-09-18,2024-10-22,4.96,10.27,1.070564516129032,20,34,8193924.87,6368884147.0,318444207.35,False,False,False,2023-09-08,376.0,1
sh688552,航天南湖,C39计算机、通信和其他电子设备制造业,SH,2025-04-09,2025-05-09,17.8,36.84,1.0696629213483146,20,30,1479985.36,3984858803.0,199242940.15,False,False,False,2023-05-18,692.0,1
sh688556,高测股份,C35专用设备制造业,SH,2021-07-20,2021-08-10,21.36,44.2,1.0692883895131087,20,21,1182748.88,3609341508.0,180467075.4,False,False,False,2020-08-07,347.0,1
sh688559,海目星,C35专用设备制造业,SH,2021-07-02,2021-07-21,27.2,54.54,1.0051470588235296,20,19,999268.3500000001,3877421236.0,193871061.8,False,False,False,2020-09-09,296.0,1
sh688560,明冠新材,C29橡胶和塑料制品业,SH,2021-07-05,2021-07-26,22.21,46.0,1.0711391265195855,20,21,1102418.41,3287936802.0,164396840.1,False,False,False,2020-12-24,193.0,1
sh688561,奇安信,I65软件和信息技术服务业,SH,2025-01-20,2025-02-19,23.2,47.77,1.0590517241379311,20,30,3118855.6800000006,10902177870.0,545108893.5,False,False,False,2020-07-22,1643.0,1
sh688568,中科星图,I65软件和信息技术服务业,SH,2024-10-16,2024-11-11,35.4,75.21,1.1245762711864407,20,26,3564399.8,17456871141.0,872843557.05,False,False,False,2020-07-08,1561.0,1
sh688569,铁科轨道,C37铁路、船舶、航空航天和其他运输设备制造业,SH,2023-04-13,2023-05-05,23.64,50.66,1.1429780033840946,20,22,1430296.12,5240089493.0,262004474.65,False,False,False,2020-08-31,955.0,1
sh688577,浙海德曼,C34通用设备制造业,SH,2024-02-08,2024-02-26,39.67,85.58,1.1572977060751195,20,18,196585.09,1184344391.0,59217219.55,False,False,False,2020-09-16,1240.0,1
sh688585,上纬新材,C26化学原料和化学制品制造业,SH,2025-06-23,2025-07-14,7.07,16.14,1.2828854314002829,20,21,344400.5,283784847.0,14189242.35,False,False,False,2020-09-28,1729.0,1
sh688588,凌志软件,I65软件和信息技术服务业,SH,2024-09-03,2024-10-09,6.48,13.13,1.0262345679012346,20,36,1637742.1800000002,1578912947.0,78945647.35,False,False,False,2020-05-11,1576.0,1
sh688589,力合微,I65软件和信息技术服务业,SH,2020-07-22,2020-07-22,51.0,121.0,1.3725490196078431,20,0,1308350.7799999998,9045278069.0,452263903.45,False,True,False,2020-07-22,0.0,1
sh688590,新致软件,I65软件和信息技术服务业,SH,2025-01-13,2025-02-14,13.03,27.68,1.1243284727551806,20,32,4007338.3200000003,7908853672.0,395442683.6,False,False,False,2020-12-07,1498.0,1
sh688592,司南导航,C39计算机、通信和其他电子设备制造业,SH,2024-04-29,2024-05-07,20.69,42.99,1.0778153697438375,20,8,934701.9800000001,463363276.0,23168163.8,False,False,False,2023-08-16,257.0,1
sh688593,新相微,I65软件和信息技术服务业,SH,2024-09-09,2024-10-09,7.91,18.14,1.293299620733249,20,30,1013322.15,1264749033.0,63237451.65,False,False,False,2023-06-01,466.0,1
sh688595,芯海科技,C39计算机、通信和其他电子设备制造业,SH,2024-09-18,2024-10-09,21.79,45.59,1.0922441486920609,20,21,578745.94,1777965918.0,88898295.9,False,False,False,2020-09-28,1451.0,1
sh688596,正帆科技,C35专用设备制造业,SH,2022-07-18,2022-08-11,17.33,35.96,1.0750144258511254,20,24,1809943.3499999999,4692203821.0,234610191.05,False,False,False,2020-08-20,697.0,1
sh688597,煜邦电力,C40仪器仪表制造业,SH,2021-11-03,2021-11-30,9.91,21.34,1.1533804238143288,20,27,885461.5499999999,1337155715.0,66857785.75,False,False,False,2021-06-17,139.0,1
sh688598,金博股份,C30非金属矿物制品业,SH,2026-06-02,2026-06-18,29.51,59.75,1.0247373771602843,20,16,3360560.39,12667692382.0,633384619.1,False,False,False,2020-05-18,2206.0,1
sh688599,天合光能,C38电气机械和器材制造业,SH,2021-06-09,2021-07-07,17.0,34.45,1.0264705882352945,20,28,5825509.420000001,14889897419.0,744494870.95,False,False,False,2020-06-10,364.0,1
sh688600,皖仪科技,C40仪器仪表制造业,SH,2022-09-13,2022-10-17,16.54,38.4,1.3216444981862154,20,34,648111.32,1632512700.0,81625635.0,False,False,False,2020-07-03,802.0,1
sh688601,力芯微,C39计算机、通信和其他电子设备制造业,SH,2024-02-06,2024-03-04,29.18,59.88,1.052090472926662,20,27,812856.3,3537121773.0,176856088.65,False,False,False,2021-06-28,953.0,1
sh688602,康鹏科技,C26化学原料和化学制品制造业,SH,2024-04-23,2024-05-23,7.25,14.5,1.0,20,30,2057976.31,2150959799.0,107547989.95,False,False,False,2023-07-20,278.0,1
sh688603,天承科技,C39计算机、通信和其他电子设备制造业,SH,2024-06-07,2024-06-13,20.92,62.44,1.984703632887189,20,6,1206625.4400000002,1703484066.0,85174203.3,False,False,False,2023-07-10,333.0,1
sh688606,奥泰生物,C27医药制造业,SH,2021-12-17,2022-01-14,111.0,228.0,1.054054054054054,20,28,339818.81,5471066809.0,273553340.45,False,False,False,2021-03-25,267.0,1
sh688608,恒玄科技,C39计算机、通信和其他电子设备制造业,SH,2024-09-10,2024-10-09,139.61,280.0,1.0055869923357923,20,29,351919.99,6791202581.0,339560129.05,False,False,False,2020-12-16,1364.0,1
sh688609,九联科技,C39计算机、通信和其他电子设备制造业,SH,2021-05-21,2021-06-10,8.24,17.52,1.1262135922330097,20,20,2844084.92,3425851673.0,171292583.65,False,True,False,2021-03-23,59.0,1
sh688615,合合信息,I65软件和信息技术服务业,SH,2024-09-26,2024-10-08,88.93,507.0,4.701113235128752,20,12,3428742.32,20901170894.0,1045058544.7,False,True,False,2024-09-26,0.0,1
sh688617,惠泰医疗,C35专用设备制造业,SH,2022-09-27,2022-10-25,176.29,360.04,1.0423166373588977,20,28,244350.56,6935932972.0,346796648.6,False,False,False,2021-01-07,628.0,1
sh688620,安凯微,C39计算机、通信和其他电子设备制造业,SH,2025-01-13,2025-02-06,8.78,17.99,1.0489749430523916,20,24,3660318.9099999997,4404953582.0,220247679.1,False,False,False,2023-06-27,566.0,1
sh688622,*ST禾信,C40仪器仪表制造业,SH,2024-09-19,2024-11-05,16.4,35.74,1.1792682926829272,20,47,167308.35,393060430.0,19653021.5,True,False,False,2021-09-13,1102.0,1
sh688623,双元科技,C35专用设备制造业,SH,2025-12-08,2026-01-06,52.58,105.29,1.002472422974515,20,29,2060425.7499999998,2754265896.0,137713294.8,False,False,False,2023-06-08,914.0,1
sh688626,翔宇医疗,C35专用设备制造业,SH,2025-12-12,2026-01-07,46.65,95.0,1.0364415862808145,20,26,838999.58,5453353304.0,272667665.2,False,False,False,2021-03-31,1717.0,1
sh688627,精智达,C35专用设备制造业,SH,2024-02-06,2024-03-12,38.05,76.93,1.0218134034165574,20,35,543528.94,3144494669.0,157224733.45,False,False,False,2023-07-18,203.0,1
sh688628,优利德,C40仪器仪表制造业,SH,2026-03-23,2026-04-20,39.36,82.7,1.1011178861788617,20,28,732339.3000000002,4348931494.0,217446574.7,False,False,False,2021-02-01,1876.0,1
sh688629,华丰科技,C39计算机、通信和其他电子设备制造业,SH,2024-09-19,2024-10-18,17.4,39.42,1.2655172413793108,20,29,3653091.69,10167362167.0,508368108.35,False,False,False,2023-06-27,450.0,1
sh688630,芯碁微装,C35专用设备制造业,SH,2026-05-28,2026-06-25,278.0,563.89,1.0283812949640287,20,28,1488909.44,59910301881.0,2995515094.05,False,False,False,2021-04-01,1883.0,1
sh688631,莱斯信息,I65软件和信息技术服务业,SH,2024-02-21,2024-03-19,25.7,57.02,1.2186770428015565,20,27,4007464.82,3623410869.0,181170543.45,False,False,False,2023-06-28,238.0,1
sh688648,中邮科技,C34通用设备制造业,SH,2025-04-21,2025-05-20,22.53,47.86,1.1242787394584997,20,29,1089734.8,3529105594.0,176455279.7,False,False,False,2023-11-13,525.0,1
sh688651,盛邦安全,I65软件和信息技术服务业,SH,2023-08-23,2023-08-31,36.11,78.64,1.1777900858487955,20,8,2813479.55,4182816751.0,209140837.55,False,True,False,2023-07-26,28.0,1
sh688655,迅捷兴,C39计算机、通信和其他电子设备制造业,SH,2026-04-03,2026-05-06,23.14,47.0,1.031114952463267,20,33,2930267.47,10196671856.0,509833592.8,False,False,False,2021-05-11,1788.0,1
sh688656,浩欧博,C27医药制造业,SH,2024-09-23,2024-11-01,21.32,46.15,1.1646341463414633,20,39,96070.73,274366244.0,13718312.2,False,False,False,2021-01-13,1349.0,1
sh688657,浩辰软件,I65软件和信息技术服务业,SH,2024-03-15,2024-03-20,30.25,71.15,1.3520661157024794,20,5,329731.32,536265928.0,26813296.4,False,False,False,2023-10-10,157.0,1
sh688660,电气风电,C34通用设备制造业,SH,2024-10-18,2024-11-05,3.43,7.91,1.306122448979592,20,18,7273446.15,3804251457.0,190212572.85,False,False,False,2021-05-19,1248.0,1
sh688661,和林微纳,C39计算机、通信和其他电子设备制造业,SH,2021-04-09,2021-05-11,43.66,88.0,1.0155748969308291,20,32,697911.14,4152742090.0,207637104.5,False,True,False,2021-03-29,11.0,1
sh688662,富信科技,C39计算机、通信和其他电子设备制造业,SH,2023-05-24,2023-06-19,34.47,72.73,1.1099506817522484,20,26,1228138.9200000002,5597391924.0,279869596.2,False,False,False,2021-04-01,783.0,1
sh688663,新风光,C38电气机械和器材制造业,SH,2021-07-06,2021-08-02,20.87,42.5,1.0364159080019166,20,27,1095203.01,3034010489.0,151700524.45,False,False,False,2021-04-13,84.0,1
sh688668,鼎通科技,C39计算机、通信和其他电子设备制造业,SH,2023-06-02,2023-06-20,54.61,123.12,1.254532136971251,20,18,828365.5399999999,6452618672.0,322630933.6,False,False,False,2020-12-21,893.0,1
sh688669,聚石化学,C29橡胶和塑料制品业,SH,2026-05-28,2026-06-25,38.66,88.73,1.295137092602173,20,28,1188395.13,6460319637.0,323015981.85,False,False,False,2021-01-25,1949.0,1
sh688671,碧兴物联,C40仪器仪表制造业,SH,2023-08-17,2023-08-29,38.33,80.5,1.1001826245760502,20,12,1790768.98,10533549732.0,526677486.6,False,True,False,2023-08-09,8.0,1
sh688676,金盘科技,C38电气机械和器材制造业,SH,2021-10-20,2021-11-15,17.85,37.68,1.1109243697478988,20,26,1424915.4100000001,3474601262.0,173730063.1,False,False,False,2021-03-09,225.0,1
sh688677,海泰新光,C35专用设备制造业,SH,2026-03-23,2026-04-03,36.01,72.4,1.0105526242710359,20,11,810000.01,4356574878.0,217828743.9,False,False,False,2021-02-26,1851.0,1
sh688679,通源环境,N77生态保护和环境治理业,SH,2025-12-19,2026-01-15,21.62,44.5,1.0582793709528215,20,27,1279539.6100000003,3835571465.0,191778573.25,False,False,False,2020-12-25,1820.0,1
sh688680,海优新材,C29橡胶和塑料制品业,SH,2021-06-09,2021-07-07,137.18,278.4,1.0294503571949263,20,28,250019.13000000003,5203372478.0,260168623.9,False,False,False,2021-01-22,138.0,1
sh688682,霍莱沃,I65软件和信息技术服务业,SH,2021-06-17,2021-07-05,82.38,170.25,1.0666423889293517,20,18,209916.33999999997,2385663598.0,119283179.9,False,True,False,2021-04-20,58.0,1
sh688685,迈信林,C37铁路、船舶、航空航天和其他运输设备制造业,SH,2024-02-06,2024-03-12,19.1,39.32,1.0586387434554974,20,35,544242.54,1714329462.0,85716473.1,False,False,False,2021-05-13,999.0,1
sh688689,银河微电,C39计算机、通信和其他电子设备制造业,SH,2021-10-28,2021-11-22,28.16,57.72,1.0497159090909092,20,25,834651.35,3342123569.0,167106178.45,False,False,False,2021-01-27,274.0,1
sh688691,灿芯股份,I65软件和信息技术服务业,SH,2024-09-23,2024-10-09,32.58,67.77,1.0801104972375692,20,16,370225.30999999994,1667001698.0,83350084.9,False,False,False,2024-04-11,165.0,1
sh688692,达梦数据,I65软件和信息技术服务业,SH,2024-10-28,2024-11-07,198.98,399.88,1.0096492109759776,20,10,1098194.0399999998,7435528560.0,371776428.0,False,False,False,2024-06-12,138.0,1
sh688693,锴威特,C39计算机、通信和其他电子设备制造业,SH,2024-06-11,2024-06-19,21.0,44.8,1.1333333333333333,20,8,707144.6,2219832192.0,110991609.6,False,False,False,2023-08-18,298.0,1
sh688699,明微电子,I65软件和信息技术服务业,SH,2021-06-08,2021-07-02,171.31,410.86,1.3983421866791197,20,24,393564.9700000001,9144815141.0,457240757.05,False,False,False,2020-12-18,172.0,1
sh688700,东威科技,C35专用设备制造业,SH,2021-06-15,2021-07-06,29.02,69.3,1.3880082701585112,20,21,1574136.9299999997,6791224730.0,339561236.5,False,True,False,2021-06-15,0.0,1
sh688702,盛科通信,I65软件和信息技术服务业,SH,2025-07-25,2025-08-21,63.4,132.15,1.0843848580441642,20,27,1150313.8199999998,9611800465.0,480590023.25,False,False,False,2023-09-14,680.0,1
sh688710,益诺思,M73研究和试验发展,SH,2024-09-18,2024-10-09,22.52,45.98,1.0417406749555949,20,21,29265857.209999997,4165063167.0,208253158.35,False,True,False,2024-09-03,15.0,1
sh688716,中研股份,C26化学原料和化学制品制造业,SH,2024-11-27,2024-12-11,23.64,51.4,1.1742808798646363,20,14,1215423.01,4224202001.0,211210100.05,False,False,False,2023-09-20,434.0,1
sh688717,艾罗能源,C38电气机械和器材制造业,SH,2024-07-03,2024-07-25,40.0,82.79,1.06975,20,22,831100.46,4830266926.0,241513346.3,False,False,False,2024-01-03,182.0,1
sh688720,艾森股份,C39计算机、通信和其他电子设备制造业,SH,2025-12-11,2025-12-23,37.87,79.15,1.0900448904145765,20,12,2970808.0800000005,6837340824.0,341867041.2,False,False,False,2023-12-06,736.0,1
sh688721,龙图光罩,C39计算机、通信和其他电子设备制造业,SH,2024-09-23,2024-10-09,24.72,49.45,1.000404530744337,20,16,3718670.49,2799190786.0,139959539.3,False,True,False,2024-08-06,48.0,1
sh688726,拉普拉斯,C38电气机械和器材制造业,SH,2026-01-08,2026-02-04,36.72,79.5,1.165032679738562,20,27,4278183.149999999,24498152717.0,1224907635.85,False,False,False,2024-10-29,436.0,1
sh688728,格科微,C39计算机、通信和其他电子设备制造业,SH,2026-06-08,2026-07-02,12.92,25.89,1.003869969040248,20,24,10796144.239999998,19347281793.0,967364089.65,False,False,False,2021-08-18,1755.0,1
sh688757,胜科纳米,M74专业技术服务业,SH,2026-05-25,2026-06-22,35.52,76.68,1.1587837837837838,20,28,2445767.19,11309556040.0,565477802.0,False,False,False,2025-03-25,426.0,1
sh688759,必贝特,C27医药制造业,SH,2025-12-31,2026-01-21,27.83,55.88,1.0079051383399213,20,21,1295277.5199999998,5649867244.0,282493362.2,False,False,False,2025-10-28,64.0,1
sh688766,普冉股份,C39计算机、通信和其他电子设备制造业,SH,2025-12-31,2026-01-22,122.65,247.03,1.0141051773338767,20,22,2389358.56,41638184708.0,2081909235.4,False,False,False,2021-08-23,1591.0,1
sh688767,博拓生物,C27医药制造业,SH,2021-12-17,2022-01-13,62.13,127.24,1.0479639465636565,20,27,523673.20999999996,4599182254.0,229959112.7,False,False,False,2021-09-08,100.0,1
sh688768,容知日新,C40仪器仪表制造业,SH,2021-07-26,2021-08-17,55.0,137.99,1.508909090909091,20,22,488041.3100000001,4360311403.0,218015570.15,False,True,False,2021-07-26,0.0,1
sh688775,影石创新,C39计算机、通信和其他电子设备制造业,SH,2025-08-04,2025-08-28,161.99,354.98,1.1913698376442992,20,24,1129106.93,28721566355.0,1436078317.75,False,True,False,2025-06-11,54.0,1
sh688783,西安奕材,C39计算机、通信和其他电子设备制造业,SH,2026-06-08,2026-07-01,33.4,66.83,1.0008982035928145,20,23,8134927.700000001,39396160701.0,1969808035.05,False,False,False,2025-10-28,223.0,1
sh688786,悦安新材,C33金属制品业,SH,2022-07-12,2022-08-03,41.1,85.02,1.068613138686131,20,22,249003.62,1493908045.0,74695402.25,False,False,False,2021-08-26,320.0,1
sh688787,海天瑞声,I65软件和信息技术服务业,SH,2022-12-30,2023-02-03,58.18,117.99,1.028016500515641,20,35,280710.73,2531311750.0,126565587.5,False,False,False,2021-08-13,504.0,1
sh688788,科思科技,C39计算机、通信和其他电子设备制造业,SH,2025-02-05,2025-02-24,31.9,64.0,1.0062695924764893,20,19,497562.38999999996,2321813995.0,116090699.75,False,False,False,2020-10-22,1567.0,1
sh688798,艾为电子,C39计算机、通信和其他电子设备制造业,SH,2024-09-18,2024-10-09,38.94,80.05,1.0557267591165895,20,21,491260.37,2617111713.0,130855585.65,False,False,False,2021-08-16,1129.0,1
sh688800,瑞可达,C39计算机、通信和其他电子设备制造业,SH,2024-09-23,2024-10-09,19.48,39.15,1.0097535934291582,20,16,544683.3999999999,1519584169.0,75979208.45,False,False,False,2021-07-22,1159.0,1
sh688807,优迅股份,C39计算机、通信和其他电子设备制造业,SH,2026-03-31,2026-04-28,203.88,410.0,1.0109868550127525,20,28,506765.55000000005,15486118911.0,774305945.55,False,False,False,2025-12-19,102.0,1
sh688808,联讯仪器,C40仪器仪表制造业,SH,2026-04-24,2026-05-25,688.99,1898.88,1.7560341949810594,20,31,39919597.940000005,97819221135.0,4890961056.75,False,True,False,2026-04-24,0.0,1
sh688811,有研复材,C32有色金属冶炼和压延加工业,SH,2026-04-17,2026-05-19,17.95,36.57,1.0373259052924793,20,32,167544211.35999998,16037142401.0,801857120.05,False,True,False,2026-04-10,7.0,1
sh688813,泰金新能,C35专用设备制造业,SH,2026-04-03,2026-04-28,41.47,90.57,1.1839884253677355,20,25,40534381.27,13562115441.0,678105772.05,False,True,False,2026-03-31,3.0,1
sh688820,盛合晶微,C39计算机、通信和其他电子设备制造业,SH,2026-04-21,2026-05-20,75.0,207.47,1.7662666666666667,20,29,574605241.24,140920847226.0,7046042361.3,False,True,False,2026-04-21,0.0,1
sh688981,中芯国际,C39计算机、通信和其他电子设备制造业,SH,2024-09-13,2024-10-09,42.4,86.39,1.0375,20,26,8258511.029999999,53732022723.0,2686601136.15,False,False,False,2020-07-16,1520.0,1
sz000006,深振业Ａ,K70房地产业,SZ,2007-04-10,2007-05-23,14.28,29.0,1.0308123249299719,20,43,3019619.55,5904433363.0,295221668.15,False,False,False,1992-04-27,5461.0,1
sz000007,全新好,K70房地产业,SZ,2007-04-13,2007-05-24,4.97,10.4,1.092555331991952,20,41,3090938.13,2116715405.0,105835770.25,False,False,False,1992-04-13,5478.0,1
sz000008,神州高铁,C37铁路、船舶、航空航天和其他运输设备制造业,SZ,2014-09-19,2014-10-16,9.24,21.0,1.2727272727272725,20,27,1853949.9600000002,3110283503.0,155514175.15,False,False,False,1992-05-07,8170.0,1
sz000010,*ST美丽,E48土木工程建筑业,SZ,2015-05-19,2015-06-12,8.14,17.99,1.2100737100737096,20,24,5011695.79,8259161391.0,412958069.55,True,False,False,1995-10-27,7144.0,1
sz000011,深物业A,K70房地产业,SZ,2015-07-09,2015-07-30,7.12,14.64,1.0561797752808988,20,21,3488254.95,3860399790.0,193019989.5,False,False,False,1992-03-30,8501.0,1
sz000012,南  玻Ａ,C30非金属矿物制品业,SZ,2009-03-16,2009-04-10,10.48,21.08,1.011450381679389,20,25,5508028.29,8597177920.0,429858896.0,False,False,False,1992-02-28,6226.0,1
sz000014,沙河股份,K70房地产业,SZ,2007-07-06,2007-08-01,12.13,24.55,1.0239076669414673,20,26,867849.71,1571907829.0,78595391.45,False,False,False,1992-06-02,5512.0,1
sz000016,*ST康佳A,C39计算机、通信和其他电子设备制造业,SZ,2020-01-13,2020-02-12,4.37,8.81,1.0160183066361559,20,30,18351519.08,11936838829.0,596841941.45,True,False,False,1992-03-27,10153.0,1
sz000017,深中华A,C24文教、工美、体育和娱乐用品制造业,SZ,2015-05-07,2015-05-28,12.91,26.93,1.085979860573199,20,21,3457157.9299999997,6375625048.0,318781252.4,False,False,False,1992-03-31,8437.0,1
sz000019,深粮控股,F51批发业,SZ,2015-10-21,2015-11-12,9.98,21.16,1.120240480961924,20,22,5672880.08,8391522116.0,419576105.8,False,False,False,1992-10-12,8409.0,1
sz000020,深华发Ａ,C39计算机、通信和其他电子设备制造业,SZ,2015-09-28,2015-10-27,12.51,26.26,1.0991207034372503,20,29,1292671.82,2449772481.0,122488624.05,False,False,False,1992-04-28,8553.0,1
sz000025,特  力Ａ,F51批发业,SZ,2006-05-08,2006-06-02,2.74,5.51,1.0109489051094886,20,25,745313.01,279724329.0,13986216.45,False,False,False,1993-06-21,4704.0,1
sz000026,飞亚达,F52零售业,SZ,2020-07-06,2020-07-31,9.24,18.49,1.0010822510822508,20,25,4180507.7099999995,5506389766.0,275319488.3,False,False,False,1993-06-03,9895.0,1
sz000027,深圳能源,D44电力、热力生产和供应业,SZ,2021-02-26,2021-03-25,5.73,11.7,1.0418848167539263,20,27,41287953.54,35337437758.0,1766871887.9,False,False,False,1993-09-03,10038.0,1
sz000029,深深房Ａ,K70房地产业,SZ,2002-01-29,2002-03-07,4.32,9.14,1.115740740740741,20,37,656049.4099999999,468015719.0,23400785.95,False,False,False,1993-09-15,3058.0,1
sz000030,富奥股份,C36汽车制造业,SZ,2011-08-10,2011-09-21,9.52,21.85,1.295168067226891,20,42,665551.37,1038523088.0,51926154.4,False,False,False,1993-09-29,6524.0,1
sz000031,大悦城,K70房地产业,SZ,2015-05-29,2015-06-18,10.42,22.2,1.1305182341650672,20,20,31852063.360000003,47850576576.0,2392528828.8,False,False,False,1993-10-08,7903.0,1
sz000032,深桑达Ａ,E49建筑安装业,SZ,2022-10-10,2022-11-02,11.98,24.05,1.0075125208681137,20,23,3378641.34,6773550911.0,338677545.55,False,False,False,1993-10-28,10574.0,1
sz000034,神州数码,F51批发业,SZ,2007-01-31,2007-03-01,3.11,6.45,1.0739549839228295,20,29,712440.41,308020137.0,15401006.85,False,False,False,1994-05-09,4650.0,1
sz000035,中国天楹,N77生态保护和环境治理业,SZ,2005-08-24,2005-09-22,1.83,3.67,1.0054644808743167,20,29,508954.51999999996,133277106.0,6663855.3,False,False,False,1994-04-08,4156.0,1
sz000037,深南电A,D44电力、热力生产和供应业,SZ,2019-01-31,2019-03-04,4.87,9.8,1.0123203285420947,20,32,1478772.0699999998,1118666473.0,55933323.65,False,False,False,1994-07-01,8980.0,1
sz000042,中洲控股,K70房地产业,SZ,2009-01-21,2009-02-25,6.63,13.5,1.0361990950226243,20,35,1255289.6600000001,1313858925.0,65692946.25,False,False,False,1994-09-21,5236.0,1
sz000048,京基智农,A03畜牧业,SZ,2015-07-16,2015-07-27,13.43,29.45,1.1928518242740136,20,11,2884665.1799999997,6679735696.0,333986784.8,False,False,False,1994-11-01,7562.0,1
sz000049,德赛电池,C38电气机械和器材制造业,SZ,2004-01-05,2004-02-10,5.0,10.37,1.0739999999999998,20,36,291311.85,248225638.0,12411281.9,False,False,False,1995-03-20,3213.0,1
sz000050,深天马Ａ,C39计算机、通信和其他电子设备制造业,SZ,2014-07-10,2014-08-13,12.0,24.78,1.065,20,34,8674319.179999998,15444056880.0,772202844.0,False,False,False,1995-03-15,7057.0,1
sz000056,*ST皇庭,L72商务服务业,SZ,2007-01-05,2007-01-26,3.51,7.29,1.076923076923077,20,21,1016140.39,514527507.0,25726375.35,True,False,False,1996-07-08,3833.0,1
sz000058,深 赛 格,L72商务服务业,SZ,2009-11-02,2009-11-26,4.26,8.55,1.007042253521127,20,24,6151695.869999999,3811459196.0,190572959.8,False,False,False,1996-12-26,4694.0,1
sz000061,农 产 品,L72商务服务业,SZ,2006-04-21,2006-05-22,5.66,11.85,1.0936395759717312,20,31,2075184.62,1685777175.0,84288858.75,False,False,False,1997-01-10,3388.0,1
sz000062,深圳华强,F51批发业,SZ,2007-02-02,2007-03-09,8.5,17.22,1.0258823529411765,20,35,1711485.36,2286008670.0,114300433.5,False,False,False,1997-01-30,3655.0,1
sz000065,北方国际,F51批发业,SZ,2007-03-19,2007-04-06,7.06,14.64,1.0736543909348444,20,18,979073.01,955785662.0,47789283.1,False,False,False,1998-06-05,3209.0,1
sz000066,中国长城,C39计算机、通信和其他电子设备制造业,SZ,2015-02-10,2015-03-16,6.8,14.69,1.1602941176470587,20,34,9800367.4,10684669928.0,534233496.4,False,False,False,1997-06-26,6438.0,1
sz000068,华控赛格,F51批发业,SZ,2018-10-25,2018-11-16,2.25,4.68,1.08,20,22,2843742.0,982960816.0,49148040.8,False,False,False,1997-06-11,7806.0,1
sz000070,特发信息,C39计算机、通信和其他电子设备制造业,SZ,2015-04-13,2015-04-24,12.11,26.49,1.1874483897605286,20,11,1917443.07,4567021651.0,228351082.55,False,False,False,2000-05-11,5450.0,1
sz000078,ST海王,F51批发业,SZ,2009-08-20,2009-09-15,7.08,14.78,1.0875706214689265,20,26,16375381.42,17636599664.0,881829983.2,True,False,False,1998-12-18,3898.0,1
sz000090,天健集团,E48土木工程建筑业,SZ,2009-11-02,2009-11-26,7.01,14.4,1.0542082738944365,20,24,4956977.17,5100699476.0,255034973.8,False,False,False,1999-07-21,3757.0,1
sz000096,广聚能源,F51批发业,SZ,2015-05-14,2015-06-10,14.41,29.5,1.0471894517696043,20,27,4530162.89,8910800864.0,445540043.2,False,False,False,2000-07-24,5407.0,1
sz000099,中信海直,G56航空运输业,SZ,2015-07-08,2015-07-24,9.62,20.09,1.0883575883575887,20,16,7237627.47,11233218171.0,561660908.55,False,False,False,2000-07-31,5455.0,1
sz000151,中成股份,F51批发业,SZ,2014-07-04,2014-07-30,7.59,16.03,1.1119894598155469,20,26,3638055.0799999996,4524856752.0,226242837.6,False,False,False,2000-09-06,5049.0,1
sz000155,川能动力,D44电力、热力生产和供应业,SZ,2020-12-29,2021-01-21,7.52,15.3,1.0345744680851068,20,23,29655673.889999997,30562176216.0,1528108810.8,False,False,False,2000-09-26,7399.0,1
sz000156,华数传媒,I63电信、广播电视和卫星传输服务,SZ,2012-12-04,2013-01-11,7.64,15.6,1.0418848167539267,20,38,2471810.28,2789947864.0,139497393.2,False,False,False,2000-09-06,4472.0,1
sz000158,常山北明,I65软件和信息技术服务业,SZ,2015-05-07,2015-05-19,16.5,33.33,1.02,20,12,5452248.350000001,12402264160.0,620113208.0,False,False,False,2000-07-24,5400.0,1
sz000159,国际实业,F51批发业,SZ,2007-06-05,2007-06-21,7.07,14.3,1.0226308345120225,20,16,2585667.5500000003,2807210960.0,140360548.0,False,False,False,2000-09-26,2443.0,1
sz000401,金隅冀东,C30非金属矿物制品业,SZ,2008-11-04,2008-12-01,5.39,10.97,1.0352504638218925,20,27,3405410.1200000006,2850676544.0,142533827.2,False,False,False,1996-06-14,4526.0,1
sz000403,派林生物,C27医药制造业,SZ,2007-03-02,2007-03-30,2.34,4.91,1.0982905982905984,20,28,1076694.7000000002,432643513.0,21632175.65,False,False,False,1996-06-28,3899.0,1
sz000407,胜利股份,D45燃气生产和供应业,SZ,2007-03-28,2007-05-10,6.38,13.93,1.1833855799373039,20,43,2936514.66,2430045619.0,121502280.95,False,False,False,1996-07-03,3920.0,1
sz000409,云鼎科技,I65软件和信息技术服务业,SZ,2012-11-29,2013-01-16,8.36,16.93,1.0251196172248807,20,48,733401.39,815651522.0,40782576.1,False,False,False,1996-06-27,5999.0,1
sz000410,沈阳机床,C34通用设备制造业,SZ,2006-12-14,2007-01-16,13.62,27.58,1.0249632892804699,20,33,1338578.09,2495620033.0,124781001.65,False,False,False,1996-07-18,3801.0,1
sz000411,英特集团,F51批发业,SZ,2007-03-28,2007-04-25,7.63,15.46,1.0262123197903015,20,28,905430.8400000001,972715532.0,48635776.6,False,False,False,1996-07-16,3907.0,1
sz000415,渤海租赁,L71租赁业,SZ,2007-02-05,2007-03-09,3.74,7.5,1.0053475935828877,20,32,2118668.46,1164703081.0,58235154.05,False,False,False,1996-07-16,3856.0,1
sz000420,吉林化纤,C28化学纤维制造业,SZ,2015-05-07,2015-06-08,6.51,13.1,1.0122887864823347,20,32,5091577.66,4631704056.0,231585202.8,False,False,False,1996-08-02,6852.0,1
sz000421,南京公用,D45燃气生产和供应业,SZ,2006-04-28,2006-06-07,2.23,4.49,1.0134529147982065,20,40,1236380.2500000002,374696111.0,18734805.55,False,False,False,1996-08-06,3552.0,1
sz000422,湖北宜化,C26化学原料和化学制品制造业,SZ,2007-03-30,2007-04-30,7.59,15.35,1.0223978919631094,20,31,5350134.829999998,5720077786.0,286003889.3,False,False,False,1996-08-15,3879.0,1
sz000423,东阿阿胶,C27医药制造业,SZ,2006-04-14,2006-05-15,5.92,12.26,1.070945945945946,20,31,3284923.43,2688837307.0,134441865.35,False,False,False,1996-07-29,3546.0,1
sz000425,徐工机械,C35专用设备制造业,SZ,2006-12-28,2007-01-23,5.58,12.06,1.161290322580645,20,26,3593895.07,2919584897.0,145979244.85,False,False,False,1996-08-28,3774.0,1
sz000426,兴业银锡,B09有色金属矿采选业,SZ,2025-12-30,2026-01-28,34.42,68.88,1.0011621150493895,20,29,18610383.310000002,92115994874.0,4605799743.7,False,False,False,1996-08-28,10716.0,1
sz000498,山东路桥,E48土木工程建筑业,SZ,2007-08-07,2007-09-03,4.0,8.15,1.0375,20,27,2797959.44,1671115427.0,83555771.35,False,False,False,1997-06-09,3711.0,1
sz000503,国新健康,I64互联网和相关服务,SZ,2021-11-24,2021-12-20,6.76,13.86,1.0502958579881656,20,26,10669345.2,11111187508.0,555559375.4,False,False,False,1992-11-30,10586.0,1
sz000504,南华生物,M75科技推广和应用服务业,SZ,2007-03-30,2007-05-11,8.38,17.5,1.0883054892601431,20,42,2243325.1,2808531624.0,140426581.2,False,False,False,1992-12-08,5225.0,1
sz000505,京粮控股,C13农副食品加工业,SZ,2007-06-06,2007-06-21,6.63,18.8,1.8355957767722475,20,15,1980081.33,3191492027.0,159574601.35,False,False,False,1992-12-21,5280.0,1
sz000506,招金黄金,B09有色金属矿采选业,SZ,2015-06-03,2015-06-18,7.59,19.46,1.5638998682476943,20,15,8082244.25,13265876564.0,663293828.2,False,False,False,1993-03-12,8118.0,1
sz000510,新金路,C26化学原料和化学制品制造业,SZ,2025-04-09,2025-04-24,3.25,6.61,1.033846153846154,20,15,16616602.629999999,8567957437.0,428397871.85,False,False,False,1993-05-07,11660.0,1
sz000514,渝 开 发,K70房地产业,SZ,2007-04-19,2007-06-15,8.6,20.06,1.3325581395348838,20,57,2078709.4,2612993735.0,130649686.75,False,False,False,1993-07-12,5029.0,1
sz000517,荣安地产,K70房地产业,SZ,2015-03-12,2015-04-09,10.15,20.76,1.0453201970443349,20,28,4013132.5699999994,5552226344.0,277611317.2,False,False,False,1993-08-06,7888.0,1
sz000518,四环生物,C27医药制造业,SZ,2019-01-31,2019-02-27,2.48,5.23,1.1088709677419355,20,27,7072326.58,2955829723.0,147791486.15,False,False,False,1993-09-08,9276.0,1
sz000519,中兵红箭,C35专用设备制造业,SZ,2009-08-20,2009-10-19,8.55,18.47,1.1602339181286547,20,60,2650205.85,3276067424.0,163803371.2,False,False,False,1993-10-08,5795.0,1
sz000520,凤凰航运,G55水上运输业,SZ,2024-09-24,2024-10-28,2.26,4.82,1.1327433628318588,20,34,18558572.930000003,6121119887.0,306055994.35,False,False,False,1993-10-25,11292.0,1
sz000524,岭南控股,L72商务服务业,SZ,2006-12-19,2007-01-26,3.34,6.72,1.0119760479041915,20,38,1543964.0699999998,757004448.0,37850222.4,False,False,False,1993-11-18,4779.0,1
sz000525,红太阳,C26化学原料和化学制品制造业,SZ,2006-03-31,2006-05-16,3.94,8.05,1.0431472081218276,20,46,1059271.26,566209655.0,28310482.75,False,False,False,1993-10-28,4537.0,1
sz000526,学大教育,P83教育,SZ,2013-08-28,2013-09-11,10.56,27.41,1.5956439393939394,20,14,1037015.98,2529277863.0,126463893.15,False,False,False,1993-11-01,7240.0,1
sz000530,冰山冷热,C34通用设备制造业,SZ,2021-12-13,2022-01-06,3.68,7.55,1.0516304347826084,20,24,10228522.180000002,5013404647.0,250670232.35,False,False,False,1993-12-08,10232.0,1
sz000533,顺钠股份,C38电气机械和器材制造业,SZ,2006-04-25,2006-05-29,1.98,4.09,1.0656565656565657,20,34,1195098.18,356346542.0,17817327.1,False,False,False,1994-01-03,4495.0,1
sz000534,万泽股份,C27医药制造业,SZ,2007-04-19,2007-05-28,7.25,14.5,1.0,20,39,3114260.66,3055920808.0,152796040.4,False,False,False,1994-01-10,4847.0,1
sz000536,华映科技,C39计算机、通信和其他电子设备制造业,SZ,2009-02-09,2009-04-09,5.87,17.3,1.947189097103918,20,59,2433333.84,3380737355.0,169036867.75,False,False,False,1993-11-26,5554.0,1
sz000537,绿发电力,D44电力、热力生产和供应业,SZ,2006-03-20,2006-04-12,1.85,3.84,1.0756756756756753,20,23,4909599.06,1279353376.0,63967668.8,False,False,False,1993-12-10,4483.0,1
sz000543,皖能电力,D44电力、热力生产和供应业,SZ,2007-04-04,2007-05-08,8.96,18.49,1.0636160714285712,20,34,4058570.1,4823229527.0,241161476.35,False,False,False,1993-12-20,4853.0,1
sz000545,金浦钛业,C26化学原料和化学制品制造业,SZ,2006-05-09,2006-06-05,1.94,4.15,1.1391752577319592,20,27,809618.44,234861693.0,11743084.65,False,False,False,1993-12-15,4528.0,1
sz000546,金圆股份,C42废弃资源综合利用业,SZ,2005-08-01,2005-08-26,1.52,3.16,1.0789473684210527,20,25,321869.64999999997,63898752.0,3194937.6,False,False,False,1993-12-15,4247.0,1
sz000547,航天发展,C39计算机、通信和其他电子设备制造业,SZ,2007-04-03,2007-04-30,7.69,15.88,1.0650195058517555,20,27,3418959.1799999997,3827773490.0,191388674.5,False,False,False,1993-11-30,4872.0,1
sz000552,甘肃能化,B06煤炭开采和洗选业,SZ,2007-07-06,2007-08-01,6.7,14.09,1.1029850746268655,20,26,1488446.6400000001,1586328298.0,79316414.9,False,False,False,1994-01-06,4929.0,1
sz000553,安道麦A,C26化学原料和化学制品制造业,SZ,2007-06-06,2007-06-20,14.68,30.93,1.1069482288828336,20,14,2416712.48,5151447728.0,257572386.4,False,False,False,1993-12-03,4933.0,1
sz000555,神州信息,I65软件和信息技术服务业,SZ,2013-08-02,2013-08-29,10.71,24.49,1.2866479925303453,20,27,607942.14,1269734920.0,63486746.0,False,False,False,1994-04-08,7056.0,1
sz000557,西部创业,G53铁路运输业,SZ,2002-01-22,2002-02-26,2.12,4.6,1.1698113207547167,20,35,2492037.87,736871441.0,36843572.05,False,False,False,1994-06-17,2776.0,1
sz000558,天府文旅,N78公共设施管理业,SZ,2007-07-06,2007-07-30,7.62,15.48,1.031496062992126,20,24,1030390.7699999999,1265247674.0,63262383.7,False,False,False,1994-05-09,4806.0,1
sz000559,万向钱潮,C36汽车制造业,SZ,2009-01-08,2009-02-10,3.15,6.58,1.088888888888889,20,33,5009112.510000001,2296374574.0,114818728.7,False,False,False,1994-01-10,5477.0,1
sz000560,我爱我家,K70房地产业,SZ,2024-04-25,2024-05-20,1.53,3.21,1.0980392156862746,20,25,29479215.08,6289329753.0,314466487.65,False,False,False,1994-02-02,11040.0,1
sz000561,烽火电子,C39计算机、通信和其他电子设备制造业,SZ,2007-04-13,2007-05-21,5.5,11.06,1.0109090909090912,20,38,2015537.9900000002,1605637120.0,80281856.0,False,False,False,1994-05-09,4722.0,1
sz000563,陕国投Ａ,J69其他金融业,SZ,2019-01-29,2019-02-27,2.65,5.36,1.0226415094339623,20,29,20794719.429999996,8170828065.0,408541403.25,False,False,False,1994-01-10,9150.0,1
sz000564,供销大集,F52零售业,SZ,2015-08-05,2015-08-18,6.5,15.35,1.3615384615384616,20,13,7716864.23,9015244549.0,450762227.45,False,False,False,1994-01-10,7877.0,1
sz000565,渝三峡Ａ,C26化学原料和化学制品制造业,SZ,2007-12-11,2008-01-10,21.46,42.99,1.0032618825722275,20,30,1080081.27,3332841091.0,166642054.55,False,False,False,1994-04-08,4995.0,1
sz000567,海德股份,J69其他金融业,SZ,2015-09-15,2015-11-05,13.09,26.44,1.019862490450726,20,51,1321984.1500000001,2356810342.0,117840517.1,False,False,False,1994-05-25,7783.0,1
sz000572,海马汽车,C36汽车制造业,SZ,2006-12-14,2007-01-15,4.91,10.21,1.079429735234216,20,32,991977.45,704380520.0,35219026.0,False,False,False,1994-08-08,4511.0,1
sz000573,粤宏远Ａ,C42废弃资源综合利用业,SZ,2024-12-25,2025-01-10,2.72,5.53,1.0330882352941178,20,16,10592545.7,4484975428.0,224248771.4,False,False,False,1994-08-15,11090.0,1
sz000586,汇源通信,C38电气机械和器材制造业,SZ,2007-08-20,2007-10-18,7.4,15.3,1.0675675675675675,20,59,2033286.52,2181958149.0,109097907.45,False,False,False,1995-12-20,4261.0,1
sz000590,古汉医药,C27医药制造业,SZ,2019-02-14,2019-03-27,7.04,14.23,1.0213068181818183,20,41,1019447.3799999999,872290665.0,43614533.25,False,False,False,1996-01-19,8427.0,1
sz000591,太阳能,D44电力、热力生产和供应业,SZ,2015-07-09,2015-07-23,10.63,22.03,1.0724365004703666,20,14,2410319.04,4245694713.0,212284735.65,False,False,False,1996-02-08,7091.0,1
sz000592,平潭发展,C20木材加工和木、竹、藤、棕、草制品业,SZ,2015-05-18,2015-06-12,22.9,48.88,1.1344978165938868,20,25,10655513.98,35681308224.0,1784065411.2,False,False,False,1996-03-27,6991.0,1
sz000593,德龙汇能,D45燃气生产和供应业,SZ,2022-08-05,2022-08-29,5.81,12.41,1.1359724612736661,20,24,4499394.94,4030005484.0,201500274.2,False,False,False,1996-03-12,9642.0,1
sz000595,新能股份,C34通用设备制造业,SZ,2007-02-01,2007-03-08,4.44,8.88,1.0,20,35,1536677.6099999999,979089911.0,48954495.55,False,False,False,1996-04-19,3940.0,1
sz000596,古井贡酒,C15酒、饮料和精制茶制造业,SZ,2007-06-21,2007-07-10,9.96,34.44,2.4578313253012043,20,19,1029276.3500000001,2475463623.0,123773181.15,False,False,False,1996-09-27,3919.0,1
sz000598,兴蓉环境,D46水的生产和供应业,SZ,2006-04-19,2006-05-22,2.93,5.98,1.0409556313993176,20,33,3211561.69,1309665704.0,65483285.2,False,False,False,1996-05-29,3612.0,1
sz000599,青岛双星,C29橡胶和塑料制品业,SZ,2015-02-27,2015-03-26,6.22,12.65,1.0337620578778135,20,27,9781696.1,8698932464.0,434946623.2,False,False,False,1996-04-30,6877.0,1
sz000603,盛达资源,B09有色金属矿采选业,SZ,2010-05-05,2010-06-09,8.11,16.87,1.080147965474723,20,35,667937.2599999999,995936035.0,49796801.75,False,False,False,1996-08-23,5003.0,1
sz000605,渤海股份,D46水的生产和供应业,SZ,2007-11-26,2008-01-09,11.4,26.36,1.312280701754386,20,44,332293.73000000004,577896025.0,28894801.25,False,False,False,1996-09-13,4091.0,1
sz000607,华媒控股,L72商务服务业,SZ,2014-05-19,2014-06-13,4.68,9.75,1.0833333333333335,20,25,5563397.68,4679391225.0,233969561.25,False,False,False,1996-08-30,6471.0,1
sz000608,阳光股份,K70房地产业,SZ,2026-05-26,2026-06-17,3.62,7.35,1.0303867403314917,20,22,12301586.73,6845632571.0,342281628.55,False,False,False,1996-09-19,10841.0,1
sz000609,*ST中迪,S91综合,SZ,2007-09-11,2007-10-12,22.48,48.52,1.1583629893238436,20,31,878925.45,2763908035.0,138195401.75,True,False,False,1996-10-10,3988.0,1
sz000610,*ST西旅,L72商务服务业,SZ,2019-03-01,2019-03-27,8.04,16.29,1.0261194029850746,20,26,8005730.35,8763097187.0,438154859.35,True,False,False,1996-09-26,8191.0,1
sz000615,*ST美谷,Q84卫生,SZ,2017-03-15,2017-04-12,11.58,24.49,1.1148531951640757,20,28,2618558.7000000007,3512819100.0,175640955.0,True,False,False,1996-10-16,7455.0,1
sz000619,海螺新材,C29橡胶和塑料制品业,SZ,2015-07-09,2015-07-27,7.03,14.85,1.1123755334281649,20,18,3902377.41,4529610304.0,226480515.2,False,False,False,1996-10-23,6833.0,1
sz000620,盈新发展,K70房地产业,SZ,2021-12-17,2022-01-14,1.91,4.0,1.094240837696335,20,28,14251537.940000001,4050645405.0,202532270.25,False,False,False,1996-10-29,9180.0,1
sz000623,吉林敖东,C27医药制造业,SZ,2007-03-23,2007-04-13,40.6,83.99,1.06871921182266,20,21,1344291.4100000001,7677691113.0,383884555.65,False,False,False,1996-10-28,3798.0,1
sz000625,长安汽车,C36汽车制造业,SZ,2006-12-11,2007-01-10,6.35,12.98,1.0440944881889767,20,30,5182673.31,4617913941.0,230895697.05,False,False,False,1997-06-10,3471.0,1
sz000626,远大控股,F51批发业,SZ,2015-01-09,2015-02-02,12.73,27.01,1.121759622937942,20,24,2477423.1100000003,4718200668.0,235910033.4,False,False,False,1996-11-28,6616.0,1
sz000628,高新发展,E47房屋建筑业,SZ,2007-07-20,2007-08-16,6.58,13.18,1.0030395136778116,20,27,2995133.2199999997,2873529218.0,143676460.9,False,False,False,1996-11-18,3896.0,1
sz000629,钒钛股份,C32有色金属冶炼和压延加工业,SZ,2022-06-23,2022-07-20,3.4,7.15,1.1029411764705883,20,27,96927844.95,55524072984.0,2776203649.2,False,False,False,1996-11-15,9351.0,1
sz000631,顺发恒能,K70房地产业,SZ,2009-06-05,2009-06-05,6.84,14.88,1.1754385964912282,20,0,5281521.260000001,6030247616.0,301512380.8,False,False,False,1996-11-22,4578.0,1
sz000632,ST三木,F51批发业,SZ,2022-04-27,2022-05-17,3.18,6.6,1.0754716981132075,20,20,9757347.98,4812425014.0,240621250.7,True,False,False,1996-11-21,9288.0,1
sz000633,合金投资,C32有色金属冶炼和压延加工业,SZ,2007-03-26,2007-04-20,3.49,8.78,1.5157593123209168,20,25,279504.14,209789849.0,10489492.45,False,False,False,1996-11-12,3786.0,1
sz000635,英 力 特,C26化学原料和化学制品制造业,SZ,2007-04-19,2007-05-21,9.65,19.58,1.0290155440414503,20,32,1485235.0499999998,2054145805.0,102707290.25,False,False,False,1996-11-20,3802.0,1
sz000636,风华高科,C39计算机、通信和其他电子设备制造业,SZ,2020-02-04,2020-02-25,13.3,27.1,1.037593984962406,20,21,17768395.68,34426208866.0,1721310443.3,False,False,False,1996-11-29,8467.0,1
sz000652,泰达股份,F51批发业,SZ,2007-02-01,2007-03-08,7.8,16.12,1.0666666666666669,20,35,9473569.8,10602821174.0,530141058.7,False,False,False,1996-11-28,3717.0,1
sz000656,金科股份,K70房地产业,SZ,2002-01-23,2002-03-08,4.1,8.25,1.0121951219512195,20,44,763231.3400000002,493285416.0,24664270.8,False,False,False,1996-11-28,1882.0,1
sz000657,中钨高新,C33金属制品业,SZ,2006-03-29,2006-04-26,4.9,10.37,1.1163265306122447,20,28,1142079.0399999998,811412487.0,40570624.35,False,False,False,1996-12-05,3401.0,1
sz000659,珠海中富,C29橡胶和塑料制品业,SZ,2007-02-28,2007-03-29,4.65,9.69,1.0838709677419351,20,29,5435260.37,3446230482.0,172311524.1,False,False,False,1996-12-03,3739.0,1
sz000663,永安林业,A02林业,SZ,2006-04-28,2006-06-02,3.65,7.43,1.0356164383561643,20,35,610898.54,329572863.0,16478643.15,False,False,False,1996-12-06,3430.0,1
sz000665,湖北广电,I63电信、广播电视和卫星传输服务,SZ,2021-12-08,2021-12-21,3.42,7.03,1.0555555555555558,20,13,5139703.29,2896974409.0,144848720.45,False,False,False,1996-12-10,9129.0,1
sz000668,荣丰控股,K70房地产业,SZ,2020-04-30,2020-06-15,11.28,24.45,1.1675531914893615,20,46,950633.8500000001,1890205300.0,94510265.0,False,False,False,1996-12-10,8542.0,1
sz000670,盈方微,F51批发业,SZ,2019-02-14,2019-03-13,3.36,6.89,1.0505952380952381,20,27,18037333.11,8563759801.0,428187990.05,False,False,False,1996-12-17,8094.0,1
sz000672,上峰材料,C30非金属矿物制品业,SZ,2007-02-07,2007-03-12,2.92,5.88,1.0136986301369864,20,33,1246332.13,495353539.0,24767676.95,False,False,False,1996-12-18,3703.0,1
sz000676,智度股份,L72商务服务业,SZ,2005-08-26,2005-09-22,3.56,7.47,1.0983146067415728,20,27,1755476.7699999998,815717836.0,40785891.8,False,False,False,1996-12-24,3167.0,1
sz000677,ST海龙,C17纺织业,SZ,2007-04-16,2007-05-18,8.05,16.2,1.012422360248447,20,32,4955819.74,5536855390.0,276842769.5,True,False,False,1996-12-26,3763.0,1
sz000678,襄阳轴承,C36汽车制造业,SZ,2022-07-18,2022-07-29,4.81,9.68,1.0124740124740126,20,11,3959727.85,2746511921.0,137325596.05,False,False,False,1997-01-06,9324.0,1
sz000679,大连友谊,F52零售业,SZ,2024-11-19,2024-12-16,4.22,8.48,1.0094786729857823,20,27,9349706.8,5549162906.0,277458145.3,False,False,False,1997-01-24,10161.0,1
sz000681,视觉中国,I64互联网和相关服务,SZ,2013-08-19,2013-09-11,7.72,17.3,1.2409326424870466,20,23,2960010.6500000004,4363011019.0,218150550.95,False,False,False,1997-01-21,6054.0,1
sz000685,中山公用,D46水的生产和供应业,SZ,2007-06-26,2007-08-24,6.4,13.18,1.0593749999999997,20,59,1424394.44,1162896313.0,58144815.65,False,False,False,1997-01-23,3806.0,1
sz000686,东北证券,J67资本市场服务,SZ,2014-11-12,2014-12-09,11.22,22.88,1.0392156862745097,20,27,29119299.400000002,44489753536.0,2224487676.8,False,False,False,1997-02-27,6467.0,1
sz000688,国城矿业,B09有色金属矿采选业,SZ,2025-10-22,2025-11-17,13.64,27.74,1.033724340175953,20,26,6327988.3,12664824887.0,633241244.35,False,False,False,1997-01-20,10502.0,1
sz000691,亚太实业,C26化学原料和化学制品制造业,SZ,2009-04-16,2009-06-04,2.24,4.75,1.120535714285714,20,49,3101260.08,1191714410.0,59585720.5,False,False,False,1997-02-28,4430.0,1
sz000692,惠天热电,D44电力、热力生产和供应业,SZ,2007-04-10,2007-05-15,5.36,10.78,1.011194029850746,20,35,3427236.5600000005,2450441274.0,122522063.7,False,False,False,1997-02-27,3694.0,1
sz000695,滨海能源,C30非金属矿物制品业,SZ,2006-05-25,2006-06-21,4.1,8.49,1.0707317073170732,20,27,2762405.2199999997,1649279335.0,82463966.75,False,False,False,1997-02-18,3383.0,1
sz000698,ST沈化,C26化学原料和化学制品制造业,SZ,2020-06-12,2020-07-13,3.03,6.61,1.1815181518151818,20,31,3600945.05,1857996268.0,92899813.4,True,False,False,1997-02-20,8513.0,1
sz000700,模塑科技,C36汽车制造业,SZ,2019-12-30,2020-01-17,3.83,8.39,1.1906005221932117,20,18,10512661.419999998,6777313910.0,338865695.5,False,False,False,1997-02-28,8340.0,1
sz000701,厦门信达,F51批发业,SZ,2015-09-18,2015-10-22,11.85,25.63,1.1628691983122361,20,34,3648317.5299999993,6809376936.0,340468846.8,False,False,False,1997-02-26,6778.0,1
sz000702,正虹科技,C13农副食品加工业,SZ,2015-07-09,2015-07-27,5.99,12.28,1.05008347245409,20,18,3923338.3299999996,3831393099.0,191569654.95,False,False,False,1997-03-18,6687.0,1
sz000703,恒逸石化,C28化学纤维制造业,SZ,2010-01-05,2010-03-02,9.43,21.0,1.2269353128313893,20,56,2195639.03,4007627835.0,200381391.75,False,False,False,1997-03-28,4666.0,1
sz000710,贝瑞基因,M74专业技术服务业,SZ,2016-12-19,2017-01-06,24.33,59.97,1.4648581997533912,20,18,1346994.4,6922678135.0,346133906.75,False,False,False,1997-04-22,7181.0,1
sz000711,京蓝科技,C42废弃资源综合利用业,SZ,2021-02-04,2021-02-22,1.63,3.31,1.0306748466257671,20,18,1678064.8399999999,379188066.0,18959403.3,False,False,False,1997-04-11,8700.0,1
sz000712,锦龙股份,J67资本市场服务,SZ,2007-01-26,2007-03-07,4.41,8.99,1.0385487528344672,20,40,586760.11,369415471.0,18470773.55,False,False,False,1997-04-15,3573.0,1
sz000713,国投丰乐,A05农、林、牧、渔专业及辅助性活动,SZ,2008-02-01,2008-03-04,9.76,20.5,1.1004098360655736,20,32,5523374.67,8231849975.0,411592498.75,False,False,False,1997-04-22,3937.0,1
sz000716,黑芝麻,C14食品制造业,SZ,2022-12-09,2023-01-04,4.72,9.68,1.0508474576271185,20,26,37526940.83,25812953267.0,1290647663.35,False,False,False,1997-04-18,9366.0,1
sz000717,中南股份,C31黑色金属冶炼和压延加工业,SZ,2015-01-29,2015-03-03,2.98,6.0,1.0134228187919465,20,33,18009636.32,7819253502.0,390962675.1,False,False,False,1997-05-08,6475.0,1
sz000718,苏宁环球,K70房地产业,SZ,2015-05-07,2015-06-02,11.1,22.33,1.0117117117117118,20,26,10836723.620000001,17882509072.0,894125453.6,False,False,False,1997-04-08,6603.0,1
sz000720,新能泰山,C38电气机械和器材制造业,SZ,2014-08-26,2014-09-23,2.78,5.63,1.0251798561151082,20,28,10838657.0,4548405794.0,227420289.7,False,False,False,1997-05-09,6318.0,1
sz000721,西安饮食,H62餐饮业,SZ,2022-10-13,2022-11-09,4.05,8.36,1.0641975308641975,20,27,15081992.2,8488534633.0,424426731.65,False,False,False,1997-04-30,9297.0,1
sz000722,湖南发展,D44电力、热力生产和供应业,SZ,2015-05-18,2015-06-08,15.13,32.08,1.1202908129543951,20,21,5659835.47,11554618208.0,577730910.4,False,False,False,1997-05-22,6570.0,1
sz000723,美锦能源,C25石油、煤炭及其他燃料加工业,SZ,2008-11-07,2008-12-19,5.11,10.32,1.019569471624266,20,42,921251.36,725136341.0,36256817.05,False,False,False,1997-05-15,4194.0,1
sz000725,京东方Ａ,C39计算机、通信和其他电子设备制造业,SZ,2007-02-15,2007-04-06,3.59,7.19,1.0027855153203347,20,50,6369126.33,3239854893.0,161992744.65,False,False,False,2001-01-12,2225.0,1
sz000726,鲁  泰Ａ,C17纺织业,SZ,2007-03-19,2007-04-09,10.68,21.51,1.0140449438202248,20,21,2164618.0300000003,3379082148.0,168954107.4,False,False,False,2000-12-25,2275.0,1
sz000727,冠捷科技,C39计算机、通信和其他电子设备制造业,SZ,2019-01-31,2019-03-05,1.44,2.92,1.0277777777777777,20,33,37333605.44,8402957893.0,420147894.65,False,False,False,1997-05-20,7926.0,1
sz000728,国元证券,J67资本市场服务,SZ,2014-11-17,2014-12-09,16.6,33.48,1.016867469879518,20,22,20241248.36,48198844736.0,2409942236.8,False,False,False,1997-06-16,6363.0,1
sz000731,四川美丰,C26化学原料和化学制品制造业,SZ,2021-08-24,2021-09-22,6.76,13.82,1.0443786982248522,20,29,11871556.48,11649207958.0,582460397.9,False,False,False,1997-06-17,8834.0,1
sz000733,振华科技,C39计算机、通信和其他电子设备制造业,SZ,2020-07-16,2020-08-10,25.06,52.3,1.0869912210694332,20,25,7316648.3,25085030802.0,1254251540.1,False,False,False,1997-07-03,8414.0,1
sz000735,罗 牛 山,A03畜牧业,SZ,2010-01-14,2010-02-05,6.29,12.6,1.0031796502384736,20,22,20326583.870000005,17183606801.0,859180340.05,False,False,False,1997-06-11,4600.0,1
sz000736,中交发展,K70房地产业,SZ,2009-03-20,2009-04-17,9.33,21.5,1.3043944265809215,20,28,744082.96,1049220928.0,52461046.4,False,False,False,1997-04-25,4347.0,1
sz000737,北方铜业,C32有色金属冶炼和压延加工业,SZ,2024-03-07,2024-04-03,5.29,10.79,1.039697542533081,20,27,18389340.07,14641840162.0,732092008.1,False,False,False,1997-04-28,9810.0,1
sz000738,航发控制,C37铁路、船舶、航空航天和其他运输设备制造业,SZ,2015-07-09,2015-07-24,15.86,36.36,1.2925598991172764,20,15,8608434.3,23645745792.0,1182287289.6,False,False,False,1997-06-26,6587.0,1
sz000739,普洛药业,C27医药制造业,SZ,2006-11-24,2006-12-20,5.06,10.88,1.1501976284584985,20,26,1614804.9499999997,1128596451.0,56429822.55,False,False,False,1997-05-09,3486.0,1
sz000750,国海证券,J67资本市场服务,SZ,2012-12-04,2012-12-25,6.45,12.98,1.012403100775194,20,21,11034801.66,10791969288.0,539598464.4,False,False,False,1997-07-09,5627.0,1
sz000752,*ST西发,C15酒、饮料和精制茶制造业,SZ,2011-02-21,2011-03-18,10.45,21.1,1.0191387559808613,20,25,3879560.2999999993,5713852998.0,285692649.9,True,False,False,1997-06-25,4989.0,1
sz000753,漳州发展,F52零售业,SZ,2024-11-18,2024-12-04,3.31,7.03,1.1238670694864048,20,16,13502948.18,6787941938.0,339397096.9,False,False,False,1997-06-26,10007.0,1
sz000755,山西高速,G54道路运输业,SZ,2015-04-29,2015-05-27,5.62,12.25,1.1797153024911031,20,28,6428568.9399999995,6142869705.0,307143485.25,False,False,False,1997-06-27,6515.0,1
sz000756,新华制药,C27医药制造业,SZ,2022-04-13,2022-05-06,8.07,16.62,1.059479553903346,20,23,3563692.93,3516498963.0,175824948.15,False,False,False,1997-08-06,9016.0,1
sz000758,中色股份,B09有色金属矿采选业,SZ,2007-04-02,2007-06-01,16.6,43.38,1.6132530120481925,20,60,3156227.3300000005,7979225672.0,398961283.6,False,False,False,1997-04-16,3638.0,1
sz000759,中百集团,F52零售业,SZ,2024-11-19,2024-12-13,3.7,7.94,1.1459459459459458,20,24,9951701.320000002,4836059266.0,241802963.3,False,False,False,1997-05-19,10046.0,1
sz000762,西藏矿业,B09有色金属矿采选业,SZ,2008-12-31,2009-02-05,7.6,15.49,1.0381578947368424,20,36,2024446.1,2540938232.0,127046911.6,False,False,False,1997-07-08,4194.0,1
sz000766,通化金马,C27医药制造业,SZ,2023-08-21,2023-09-14,5.4,11.4,1.1111111111111112,20,24,11869445.94,9313587922.0,465679396.1,False,False,False,1997-04-30,9609.0,1
sz000767,晋控电力,D44电力、热力生产和供应业,SZ,2020-12-14,2021-01-11,2.47,5.2,1.1052631578947367,20,28,27103717.89,11133068317.0,556653415.85,False,False,False,1997-06-09,8589.0,1
sz000776,广发证券,J67资本市场服务,SZ,2006-04-25,2006-05-25,2.82,5.73,1.0319148936170217,20,30,1266328.7300000002,601379269.0,30068963.45,False,False,False,1997-06-11,3240.0,1
sz000777,中核科技,C34通用设备制造业,SZ,2007-01-18,2007-02-08,9.13,18.59,1.036144578313253,20,21,1222767.99,1524945170.0,76247258.5,False,False,False,1997-07-10,3479.0,1
sz000779,甘咨询,M74专业技术服务业,SZ,2015-12-22,2016-01-04,14.94,31.74,1.1244979919678713,20,13,2209466.87,5761134178.0,288056708.9,False,False,False,1997-05-28,6782.0,1
sz000782,恒申新材,C28化学纤维制造业,SZ,2015-04-28,2015-05-20,14.75,29.86,1.024406779661017,20,22,3326396.5200000005,6866932784.0,343346639.2,False,False,False,1997-06-19,6522.0,1
sz000783,长江证券,J67资本市场服务,SZ,2014-11-19,2014-12-09,7.58,16.6,1.1899736147757256,20,20,61716696.080000006,66506334656.0,3325316732.8,False,False,False,1997-07-31,6320.0,1
sz000785,居然智家,L72商务服务业,SZ,2024-11-25,2024-12-17,2.8,5.6,1.0,20,22,28749059.97,10624845709.0,531242285.45,False,False,False,1997-07-11,9999.0,1
sz000788,北大医药,C27医药制造业,SZ,2007-02-06,2007-03-12,4.46,9.71,1.1771300448430497,20,34,1625987.35,1026120864.0,51306043.2,False,False,False,1997-06-16,3522.0,1
sz000791,甘肃能源,D44电力、热力生产和供应业,SZ,2007-02-08,2007-03-15,4.1,8.45,1.0609756097560976,20,35,1576313.66,936427605.0,46821380.25,False,False,False,1997-10-14,3404.0,1
sz000793,ST华闻,R86新闻和出版业,SZ,2006-04-25,2006-05-16,2.57,5.24,1.0389105058365762,20,21,3594408.45,1289415542.0,64470777.1,True,False,False,1997-07-29,3192.0,1
sz000795,英洛华,C30非金属矿物制品业,SZ,2010-10-19,2010-11-05,9.92,20.98,1.1149193548387095,20,17,6785679.25,9591191328.0,479559566.4,False,False,False,1997-08-08,4820.0,1
sz000796,凯撒旅业,L72商务服务业,SZ,2015-04-20,2015-05-14,7.95,35.7,3.4905660377358494,20,24,3522148.2899999996,9162048322.0,458102416.1,False,False,False,1997-07-03,6500.0,1
sz000797,中国武夷,K70房地产业,SZ,2009-01-13,2009-02-13,3.4,6.89,1.026470588235294,20,31,2202303.52,1069228380.0,53461419.0,False,False,False,1997-07-15,4200.0,1
sz000798,中水渔业,A04渔业,SZ,2020-11-25,2020-12-08,6.02,12.71,1.1112956810631234,20,13,3526461.74,3331853524.0,166592676.2,False,False,False,1998-02-12,8322.0,1
sz000800,一汽解放,C36汽车制造业,SZ,2013-04-08,2013-05-08,7.1,14.97,1.1084507042253522,20,30,8533918.47,9063518992.0,453175949.6,False,False,False,1997-06-18,5773.0,1
sz000801,四川九洲,C39计算机、通信和其他电子设备制造业,SZ,2008-11-05,2008-12-02,3.26,6.6,1.0245398773006134,20,27,814950.7600000001,416462425.0,20823121.25,False,False,False,1998-05-06,3836.0,1
sz000802,北京文化,R87广播、电视、电影和录音制作业,SZ,2007-02-28,2007-03-26,7.81,15.75,1.0166453265044817,20,26,1219255.43,1299258630.0,64962931.5,False,False,False,1998-01-08,3338.0,1
sz000803,山高环能,N77生态保护和环境治理业,SZ,2007-04-17,2007-05-24,7.39,15.5,1.0974289580514207,20,37,1468148.8299999998,1506493297.0,75324664.85,False,False,False,1998-03-03,3332.0,1
sz000807,云铝股份,C32有色金属冶炼和压延加工业,SZ,2006-03-10,2006-04-28,4.81,9.68,1.0124740124740126,20,49,2260802.3099999996,1528086005.0,76404300.25,False,False,False,1998-04-08,2893.0,1
sz000809,和展能源,C38电气机械和器材制造业,SZ,2009-05-25,2009-07-16,9.21,20.19,1.1921824104234529,20,52,421245.83999999997,570155461.0,28507773.05,False,False,False,1998-06-16,3996.0,1
sz000811,冰轮环境,C34通用设备制造业,SZ,2026-04-21,2026-05-19,18.93,38.06,1.0105652403592185,20,28,10345069.3,27668989255.0,1383449462.75,False,False,False,1998-05-28,10190.0,1
sz000812,陕西金叶,C23印刷和记录媒介复制业,SZ,2021-11-10,2021-12-02,3.17,6.64,1.0946372239747633,20,22,13903765.3,6854075609.0,342703780.45,False,False,False,1998-06-23,8541.0,1
sz000813,德展健康,C27医药制造业,SZ,2007-01-04,2007-01-31,2.46,5.1,1.0731707317073171,20,27,2515991.5499999993,872721448.0,43636072.4,False,False,False,1998-05-19,3152.0,1
sz000815,美利云,C22造纸和纸制品业,SZ,2015-04-17,2015-05-14,13.99,28.26,1.020014295925661,20,27,2218815.51,4135627906.0,206781395.3,False,False,False,1998-06-09,6156.0,1
sz000816,智慧农业,C34通用设备制造业,SZ,2018-02-02,2018-02-13,2.24,4.6,1.0535714285714284,20,11,10014019.7,3478752500.0,173937625.0,False,False,False,1997-08-18,7473.0,1
sz000818,航锦科技,C26化学原料和化学制品制造业,SZ,2015-05-07,2015-06-01,5.79,12.66,1.1865284974093266,20,25,9018627.840000002,7748153360.0,387407668.0,False,False,False,1997-10-17,6411.0,1
sz000819,岳阳兴长,C25石油、煤炭及其他燃料加工业,SZ,2015-03-17,2015-04-14,23.8,48.6,1.042016806722689,20,28,1032275.7100000001,3067596996.0,153379849.8,False,False,False,1997-06-25,6474.0,1
sz000820,神雾节能,M74专业技术服务业,SZ,2021-03-31,2021-04-28,1.78,3.66,1.0561797752808988,20,28,3551320.2200000007,976481792.0,48824089.6,False,False,False,1998-06-30,8310.0,1
sz000821,ST京机,C35专用设备制造业,SZ,2022-05-30,2022-06-23,9.11,18.27,1.0054884742041712,20,24,11502273.53,15310325372.0,765516268.6,True,False,False,1998-06-26,8739.0,1
sz000828,东莞控股,G54道路运输业,SZ,2020-07-17,2020-08-07,7.49,15.03,1.0066755674232306,20,21,4193310.3899999997,5003640217.0,250182010.85,False,False,False,1997-06-17,8431.0,1
sz000829,天音控股,F51批发业,SZ,2006-04-18,2006-05-22,5.7,11.78,1.0666666666666664,20,34,820252.0900000001,658076609.0,32903830.45,False,False,False,1997-12-02,3059.0,1
sz000831,中国稀土,C32有色金属冶炼和压延加工业,SZ,2006-04-14,2006-05-15,3.86,7.72,1.0,20,31,3771176.5100000002,1939907979.0,96995398.95,False,False,False,1998-09-11,2772.0,1
sz000833,粤桂股份,S91综合,SZ,2006-04-14,2006-05-16,6.33,13.41,1.1184834123222749,20,32,2215828.3899999997,1973423335.0,98671166.75,False,False,False,1998-11-11,2711.0,1
sz000838,*ST发展,K70房地产业,SZ,2007-04-12,2007-05-22,20.91,43.0,1.0564323290291728,20,40,106953.09999999999,341802246.0,17090112.3,True,False,False,1997-06-26,3577.0,1
sz000850,华茂股份,C17纺织业,SZ,2006-04-28,2006-06-01,2.01,4.1,1.0398009950248754,20,34,8212833.82,2574952148.0,128747607.4,False,False,False,1998-10-07,2760.0,1
sz000852,石化机械,C35专用设备制造业,SZ,2006-04-14,2006-05-12,7.52,15.21,1.0226063829787235,20,28,772811.8199999998,787940768.0,39397038.4,False,False,False,1998-11-26,2696.0,1
sz000856,冀东装备,C35专用设备制造业,SZ,2017-03-31,2017-04-19,13.36,27.56,1.0628742514970058,20,19,2282949.3099999996,5243157383.0,262157869.15,False,False,False,1998-08-13,6805.0,1
sz000858,五 粮 液,C15酒、饮料和精制茶制造业,SZ,2006-04-14,2006-05-16,7.31,15.59,1.1326949384404927,20,32,9604821.47,10224968753.0,511248437.65,False,False,False,1998-04-27,2909.0,1
sz000859,国风新材,C29橡胶和塑料制品业,SZ,2019-01-29,2019-02-20,2.89,6.02,1.0830449826989619,20,22,976448.7599999999,363942819.0,18197140.95,False,False,False,1998-11-19,7376.0,1
sz000862,银星能源,D44电力、热力生产和供应业,SZ,2007-04-17,2007-05-29,4.81,18.46,2.837837837837838,20,42,900670.19,1493462860.0,74673143.0,False,False,False,1998-09-15,3136.0,1
sz000863,三湘印象,K70房地产业,SZ,2015-07-24,2015-08-17,8.27,20.6,1.4909310761789603,20,24,6640808.01,10548377610.0,527418880.5,False,False,False,1997-09-25,6511.0,1
sz000868,安凯客车,C36汽车制造业,SZ,2009-01-12,2009-02-13,2.78,5.64,1.028776978417266,20,32,1948716.85,714911507.0,35745575.35,False,False,False,1997-07-25,4189.0,1
sz000875,电投绿能,D44电力、热力生产和供应业,SZ,2015-04-09,2015-05-04,7.07,15.11,1.137199434229137,20,25,27852136.839999996,26485141824.0,1324257091.2,False,False,False,2002-09-26,4578.0,1
sz000876,新 希 望,C13农副食品加工业,SZ,2010-09-13,2010-10-13,9.42,20.02,1.125265392781316,20,30,7682664.279999999,13261873140.0,663093657.0,False,False,False,1998-03-11,4569.0,1
sz000877,天山股份,C30非金属矿物制品业,SZ,2017-01-16,2017-02-14,6.34,12.9,1.0347003154574135,20,29,14844924.259999998,14232232564.0,711611628.2,False,False,False,1999-01-07,6584.0,1
sz000883,湖北能源,D44电力、热力生产和供应业,SZ,2015-05-11,2015-05-28,7.07,14.79,1.091937765205092,20,17,42526984.60000001,51354596060.0,2567729803.0,False,False,False,1998-05-19,6201.0,1
sz000885,城发环境,N77生态保护和环境治理业,SZ,2017-01-16,2017-02-07,16.48,34.68,1.104368932038835,20,22,4994814.279999999,11611346665.0,580567333.25,False,False,False,1999-03-19,6513.0,1
sz000887,中鼎股份,C29橡胶和塑料制品业,SZ,2007-03-08,2007-03-30,3.25,11.73,2.6092307692307695,20,22,6087158.669999999,2363659255.0,118182962.75,False,False,False,1998-12-03,3017.0,1
sz000889,中嘉博创,I65软件和信息技术服务业,SZ,2015-04-27,2015-05-25,10.76,23.8,1.2118959107806693,20,28,3403047.2600000002,6070053567.0,303502678.35,False,False,False,1997-12-18,6339.0,1
sz000890,法尔胜,C33金属制品业,SZ,2026-02-06,2026-03-13,5.24,11.09,1.1164122137404577,20,35,15740336.280000003,12847999813.0,642399990.65,False,False,False,1999-01-19,9880.0,1
sz000892,欢瑞世纪,R87广播、电视、电影和录音制作业,SZ,2007-02-16,2007-03-22,3.26,6.66,1.0429447852760738,20,34,1639440.5599999998,789785306.0,39489265.3,False,False,False,1999-01-15,2954.0,1
sz000893,亚钾国际,C26化学原料和化学制品制造业,SZ,2008-04-22,2008-06-12,5.49,11.13,1.027322404371585,20,51,810575.0,725975197.0,36298759.85,False,False,False,1998-12-24,3407.0,1
sz000897,津滨发展,K70房地产业,SZ,2013-10-29,2013-11-20,2.96,5.95,1.010135135135135,20,22,23462154.72,10203236544.0,510161827.2,False,False,False,1999-04-22,5304.0,1
sz000899,赣能股份,D44电力、热力生产和供应业,SZ,2022-06-23,2022-07-06,5.65,11.53,1.0407079646017698,20,13,8860244.92,6623791458.0,331189572.9,False,False,False,1997-11-26,8975.0,1
sz000901,航天科技,C36汽车制造业,SZ,2014-06-19,2014-07-09,13.5,28.07,1.0792592592592594,20,20,4203576.03,8905002202.0,445250110.1,False,False,False,1999-04-01,5558.0,1
sz000903,ST云动,C34通用设备制造业,SZ,2020-03-17,2020-04-09,3.12,6.25,1.0032051282051282,20,23,30231035.43,13156674044.0,657833702.2,True,False,False,1999-04-15,7642.0,1
sz000906,浙商中拓,L72商务服务业,SZ,2006-04-25,2006-05-18,2.65,5.3,1.0,20,23,1103794.28,415225843.0,20761292.15,False,False,False,1999-07-07,2484.0,1
sz000908,石药景峰,C27医药制造业,SZ,2006-11-24,2006-12-22,3.96,8.2,1.0707070707070705,20,28,748093.3799999999,429722634.0,21486131.7,False,False,False,1999-02-03,2851.0,1
sz000909,*ST数源,K70房地产业,SZ,2007-04-10,2007-05-10,6.88,13.98,1.0319767441860468,20,30,2407789.99,2422979578.0,121148978.9,True,False,False,1999-05-07,2895.0,1
sz000910,大亚圣象,C20木材加工和木、竹、藤、棕、草制品业,SZ,2015-01-05,2015-03-02,7.12,15.0,1.106741573033708,20,56,2513848.1299999994,2846751315.0,142337565.75,False,False,False,1999-06-30,5668.0,1
sz000911,*ST广糖,C13农副食品加工业,SZ,2006-03-20,2006-05-17,8.0,19.77,1.47125,20,58,2169151.2,2810362929.0,140518146.45,True,False,False,1999-05-27,2489.0,1
sz000912,泸天化,C26化学原料和化学制品制造业,SZ,2016-09-12,2016-10-26,6.28,13.48,1.1464968152866244,20,44,4544504.37,4415923854.0,220796192.7,False,False,False,1999-06-03,6311.0,1
sz000913,钱江摩托,C37铁路、船舶、航空航天和其他运输设备制造业,SZ,2016-02-15,2016-04-06,6.8,15.1,1.2205882352941178,20,51,4531022.89,5325171838.0,266258591.9,False,False,False,1999-05-14,6121.0,1
sz000920,沃顿科技,C26化学原料和化学制品制造业,SZ,2003-12-22,2004-01-16,9.5,19.63,1.066315789473684,20,25,646601.9400000001,911225861.0,45561293.05,False,False,False,1999-06-16,1650.0,1
sz000922,佳电股份,C38电气机械和器材制造业,SZ,2006-12-15,2007-01-25,3.44,6.98,1.0290697674418605,20,41,1376014.09,730335732.0,36516786.6,False,False,False,1999-06-18,2737.0,1
sz000923,河钢资源,B08黑色金属矿采选业,SZ,2006-04-26,2006-05-31,2.7,5.41,1.0037037037037035,20,35,769740.4500000001,300942630.0,15047131.5,False,False,False,1999-07-14,2478.0,1
sz000926,福星股份,K70房地产业,SZ,2022-04-27,2022-05-17,3.8,7.65,1.0131578947368425,20,20,9284519.96,5349603222.0,267480161.1,False,False,False,1999-06-18,8349.0,1
sz000927,中国铁物,L72商务服务业,SZ,2006-12-22,2007-01-22,4.96,10.52,1.120967741935484,20,31,4123883.2000000007,2739736443.0,136986822.15,False,False,False,1999-07-27,2705.0,1
sz000928,中钢国际,E48土木工程建筑业,SZ,2010-09-30,2010-11-02,8.72,18.22,1.0894495412844032,20,33,3907825.33,5496813946.0,274840697.3,False,False,False,1999-03-12,4220.0,1
sz000930,中粮科技,C26化学原料和化学制品制造业,SZ,2015-07-09,2015-07-27,9.81,20.75,1.1151885830784911,20,18,19776976.28,30166257664.0,1508312883.2,False,False,False,1999-07-12,5841.0,1
sz000931,中 关 村,C27医药制造业,SZ,2007-08-08,2007-09-03,8.65,17.79,1.0566473988439307,20,26,5040215.289999999,5845095071.0,292254753.55,False,False,False,1999-07-12,2949.0,1
sz000935,四川双马,C30非金属矿物制品业,SZ,2016-08-22,2016-09-23,7.71,24.1,2.125810635538262,20,32,6067828.73,8747681845.0,437384092.25,False,False,False,1999-08-24,6208.0,1
sz000936,华西股份,C28化学纤维制造业,SZ,2023-05-24,2023-06-19,6.11,12.6,1.0621931260229132,20,26,10902864.59,8452827108.0,422641355.4,False,False,False,1999-08-10,8688.0,1
sz000937,冀中能源,B06煤炭开采和洗选业,SZ,2021-08-19,2021-09-14,4.06,8.6,1.118226600985222,20,26,10714657.37,5440428226.0,272021411.3,False,False,False,1999-09-09,8015.0,1
sz000938,紫光股份,C39计算机、通信和其他电子设备制造业,SZ,2015-05-26,2015-06-17,32.04,139.5,3.3539325842696632,20,22,1322594.51,16835495909.0,841774795.45,False,False,False,1999-11-04,5682.0,1
sz000948,南天信息,I65软件和信息技术服务业,SZ,2015-03-17,2015-04-14,18.47,37.55,1.033026529507309,20,28,2753482.4899999993,7437165424.0,371858271.2,False,False,False,1999-10-14,5633.0,1
sz000952,广济药业,C27医药制造业,SZ,2007-03-30,2007-04-27,7.48,15.17,1.0280748663101602,20,28,2903802.89,2722532029.0,136126601.45,False,False,False,1999-11-12,2695.0,1
sz000953,中哲精化,C27医药制造业,SZ,2007-01-05,2007-01-30,2.81,5.67,1.0177935943060499,20,25,2621487.27,1028406684.0,51420334.2,False,False,False,1999-12-02,2591.0,1
sz000955,欣龙控股,C17纺织业,SZ,2007-12-25,2008-01-23,5.86,12.21,1.083617747440273,20,29,3245504.6500000004,2900083916.0,145004195.8,False,False,False,1999-12-09,2938.0,1
sz000957,中通客车,C36汽车制造业,SZ,2022-04-27,2022-05-20,3.85,7.7,1.0,20,23,2335013.8000000003,1226927233.0,61346361.65,False,False,False,2000-01-13,8140.0,1
sz000958,电投产融,D44电力、热力生产和供应业,SZ,2007-07-31,2007-08-28,6.16,12.41,1.0146103896103895,20,28,5257531.919999999,4519815666.0,225990783.3,False,False,False,1999-12-23,2777.0,1
sz000965,天保基建,K70房地产业,SZ,2022-03-09,2022-03-24,2.68,5.76,1.1492537313432836,20,15,15260296.709999999,6319956055.0,315997802.75,False,False,False,2000-04-06,8007.0,1
sz000966,长源电力,D44电力、热力生产和供应业,SZ,2021-02-26,2021-03-23,3.48,7.63,1.1925287356321839,20,25,14831596.18,7598529126.0,379926456.3,False,False,False,2000-03-16,7652.0,1
sz000967,盈峰环境,C35专用设备制造业,SZ,2015-03-31,2015-04-17,13.12,28.2,1.149390243902439,20,17,1987660.75,4768720438.0,238436021.9,False,False,False,2000-03-30,5479.0,1
sz000968,蓝焰控股,B07石油和天然气开采业,SZ,2021-08-17,2021-09-10,6.36,13.08,1.0566037735849054,20,24,5632360.86,5249292673.0,262464633.65,False,False,False,2000-06-22,7726.0,1
sz000970,中科三环,C39计算机、通信和其他电子设备制造业,SZ,2010-10-18,2010-11-11,16.6,35.13,1.1162650602409636,20,24,9439573.08,24662987488.0,1233149374.4,False,False,False,2000-04-20,3833.0,1
sz000973,佛塑科技,C29橡胶和塑料制品业,SZ,2009-01-08,2009-02-10,2.93,5.89,1.0102389078498293,20,33,6213972.84,2686494460.0,134324723.0,False,False,False,2000-05-25,3150.0,1
sz000977,浪潮信息,C39计算机、通信和其他电子设备制造业,SZ,2010-10-18,2010-11-05,12.96,26.26,1.0262345679012346,20,18,2038805.96,3841603512.0,192080175.6,False,False,False,2000-06-08,3784.0,1
sz000980,众泰汽车,C36汽车制造业,SZ,2007-01-18,2007-02-26,3.56,7.57,1.1264044943820224,20,39,1054370.72,527794982.0,26389749.1,False,False,False,2000-06-16,2407.0,1
sz000981,山子高科,C36汽车制造业,SZ,2007-06-26,2007-08-16,7.29,15.15,1.0781893004115228,20,51,393846.63999999996,399002772.0,19950138.6,False,False,False,2000-06-22,2560.0,1
sz000983,山西焦煤,B06煤炭开采和洗选业,SZ,2021-08-03,2021-09-09,7.7,16.71,1.1701298701298701,20,37,31130763.470000003,34000447574.0,1700022378.7,False,False,False,2000-07-26,7678.0,1
sz000985,大庆华科,C26化学原料和化学制品制造业,SZ,2015-07-09,2015-07-24,12.31,27.17,1.20714865962632,20,15,1154792.76,2371063180.0,118553159.0,False,False,False,2000-07-26,5461.0,1
sz000987,越秀资本,J69其他金融业,SZ,2014-12-09,2014-12-22,10.26,24.2,1.3586744639376218,20,13,3764862.9899999998,8061350188.0,403067509.4,False,False,False,2000-07-18,5257.0,1
sz000989,九芝堂,C27医药制造业,SZ,2015-05-25,2015-06-12,22.22,48.15,1.1669666966696668,20,18,1934150.86,8606638190.0,430331909.5,False,False,False,2000-06-28,5444.0,1
sz000990,诚志股份,C26化学原料和化学制品制造业,SZ,2007-06-05,2007-08-03,9.32,19.28,1.0686695278969958,20,59,1933733.5999999999,2801691183.0,140084559.15,False,False,False,2000-07-06,2525.0,1
sz000993,闽东电力,D44电力、热力生产和供应业,SZ,2019-02-22,2019-03-21,4.95,10.42,1.1050505050505048,20,27,3333390.71,2351292371.0,117564618.55,False,False,False,2000-07-31,6780.0,1
sz000995,皇台酒业,C15酒、饮料和精制茶制造业,SZ,2019-03-29,2019-04-22,4.37,8.8,1.013729977116705,20,24,1195499.9000000001,710313714.0,35515685.7,False,False,False,2000-08-07,6808.0,1
sz000997,新 大 陆,I65软件和信息技术服务业,SZ,2009-09-07,2009-10-12,7.3,14.91,1.0424657534246577,20,35,9484239.81,11399875886.0,569993794.3,False,False,False,2000-08-07,3318.0,1
sz000998,隆平高科,A05农、林、牧、渔专业及辅助性活动,SZ,2008-04-03,2008-04-29,13.11,27.68,1.1113653699466055,20,26,2129357.27,4426440949.0,221322047.45,False,False,False,2000-12-11,2670.0,1
sz001203,大中矿业,B08黑色金属矿采选业,SZ,2021-05-10,2021-05-21,10.78,29.44,1.730983302411874,20,11,9173255.379999999,23323959554.0,1166197977.7,False,True,False,2021-05-10,0.0,1
sz001206,依依股份,C41其他制造业,SZ,2021-05-18,2021-05-27,53.52,115.8,1.1636771300448427,20,9,913341.1300000001,8409582068.0,420479103.4,False,True,False,2021-05-18,0.0,1
sz001208,华菱线缆,C38电气机械和器材制造业,SZ,2021-06-24,2021-07-08,4.4,13.7,2.1136363636363633,20,14,5087259.76,6198226804.0,309911340.2,False,True,False,2021-06-24,0.0,1
sz001209,洪兴股份,C18纺织服装、服饰业,SZ,2024-11-18,2024-12-05,13.6,27.95,1.0551470588235294,20,17,1363442.04,2781212050.0,139060602.5,False,False,False,2021-07-23,1214.0,1
sz001211,双枪科技,C20木材加工和木、竹、藤、棕、草制品业,SZ,2026-04-16,2026-05-18,30.2,60.47,1.0023178807947022,20,32,1406860.5300000003,6085707356.0,304285367.8,False,False,False,2021-08-05,1715.0,1
sz001212,中旗新材,C30非金属矿物制品业,SZ,2022-05-10,2022-06-07,23.81,47.84,1.009239815203696,20,28,949348.04,3503849850.0,175192492.5,False,False,False,2021-08-23,260.0,1
sz001215,千味央厨,C14食品制造业,SZ,2021-09-06,2021-10-11,18.85,66.3,2.5172413793103443,20,35,677526.29,4088560365.0,204428018.25,False,True,False,2021-09-06,0.0,1
sz001216,华瓷股份,C30非金属矿物制品业,SZ,2026-09-11,2026-09-23,14.25,29.12,1.0435087719298246,20,12,1493750.6,500205346.0,25010267.3,False,False,False,2021-10-19,1788.0,1
sz001222,源飞宠物,C41其他制造业,SZ,2022-08-18,2022-08-31,16.45,46.55,1.829787234042553,20,13,1526778.1099999996,5774152561.0,288707628.05,False,True,False,2022-08-18,0.0,1
sz001223,欧克科技,C35专用设备制造业,SZ,2022-12-14,2023-01-10,32.74,79.79,1.437080024434942,20,27,5536704.79,4382848104.0,219142405.2,False,True,False,2022-12-12,2.0,1
sz001229,魅视科技,C39计算机、通信和其他电子设备制造业,SZ,2024-02-08,2024-03-14,19.44,39.44,1.0288065843621395,20,35,567716.48,1831584873.0,91579243.65,False,False,False,2022-08-08,549.0,1
sz001234,泰慕士,C18纺织服装、服饰业,SZ,2022-01-11,2022-01-21,19.84,51.03,1.572076612903226,20,10,1797258.0,6448588875.0,322429443.75,False,True,False,2022-01-11,0.0,1
sz001236,弘业期货,J67资本市场服务,SZ,2022-08-05,2022-09-01,2.23,12.68,4.68609865470852,20,27,3088441.83,3143494396.0,157174719.8,False,True,False,2022-08-05,0.0,1
sz001238,浙江正特,C21家具制造业,SZ,2022-09-19,2022-09-28,19.26,43.44,1.2554517133956384,20,9,1666434.0299999998,5224896872.0,261244843.6,False,True,False,2022-09-19,0.0,1
sz001258,立新能源,D44电力、热力生产和供应业,SZ,2022-07-27,2022-08-17,4.06,19.19,3.7266009852216753,20,21,9665392.84,15734014692.0,786700734.6,False,True,False,2022-07-27,0.0,1
sz001259,利仁科技,C38电气机械和器材制造业,SZ,2026-04-16,2026-05-18,30.49,66.55,1.1826828468350281,20,32,348543.94,1460761912.0,73038095.6,False,False,False,2022-08-31,1324.0,1
sz001260,坤泰股份,C36汽车制造业,SZ,2023-02-16,2023-02-27,17.12,38.5,1.2488317757009346,20,11,1782336.69,4674621211.0,233731060.55,False,True,False,2023-02-16,0.0,1
sz001267,汇绿生态,C39计算机、通信和其他电子设备制造业,SZ,2021-12-07,2021-12-22,5.34,10.92,1.0449438202247192,20,15,8629602.71,6137203271.0,306860163.55,False,True,False,2021-11-17,20.0,1
sz001268,联合精密,C34通用设备制造业,SZ,2023-08-25,2023-09-18,19.99,41.9,1.0960480240120063,20,24,1133508.1300000001,3626065490.0,181303274.5,False,False,False,2022-06-30,421.0,1
sz001269,欧晶科技,C42废弃资源综合利用业,SZ,2022-09-30,2022-11-03,18.78,96.86,4.157614483493077,20,34,1414849.8200000005,9085363832.0,454268191.6,False,True,False,2022-09-30,0.0,1
sz001270,铖昌科技,C39计算机、通信和其他电子设备制造业,SZ,2022-06-06,2022-06-27,26.02,115.29,3.4308224442736357,20,21,1000376.8999999999,9783929613.0,489196480.65,False,True,False,2022-06-06,0.0,1
sz001282,三联锻造,C36汽车制造业,SZ,2023-05-25,2023-06-01,13.75,36.36,1.6443636363636362,20,7,19022489.540000003,5780403784.0,289020189.2,False,True,False,2023-05-24,1.0,1
sz001283,豪鹏科技,C38电气机械和器材制造业,SZ,2024-09-19,2024-10-23,24.22,48.63,1.00784475639967,20,34,1583737.23,2000601506.0,100030075.3,False,False,False,2022-09-05,745.0,1
sz001298,好上好,F51批发业,SZ,2023-01-12,2023-01-13,9.68,49.69,4.133264462809917,20,1,15025273.88,3665532541.0,183276627.05,False,False,False,2022-10-31,73.0,1
sz001299,美能能源,D45燃气生产和供应业,SZ,2024-04-26,2024-05-13,6.42,14.83,1.309968847352025,20,17,7320086.17,1833134628.0,91656731.4,False,False,False,2022-10-31,543.0,1
sz001300,三柏硕,C24文教、工美、体育和娱乐用品制造业,SZ,2023-10-23,2023-11-17,10.45,21.31,1.0392344497607655,20,25,1833996.67,2801329807.0,140066490.35,False,False,False,2022-10-19,369.0,1
sz001301,尚太科技,C30非金属矿物制品业,SZ,2022-12-28,2023-01-17,40.66,96.2,1.3659616330545994,20,20,2524473.4499999997,20577231366.0,1028861568.3,False,True,False,2022-12-28,0.0,1
sz001309,德明利,C39计算机、通信和其他电子设备制造业,SZ,2022-07-01,2022-07-11,31.85,67.69,1.1252747252747253,20,10,808805.96,4325304526.0,216265226.3,False,True,False,2022-07-01,0.0,1
sz001313,粤海饲料,C13农副食品加工业,SZ,2022-02-16,2022-03-08,6.46,20.5,2.173374613003096,20,20,6399692.21,9883873245.0,494193662.25,False,True,False,2022-02-16,0.0,1
sz001316,润贝航科,F51批发业,SZ,2025-04-09,2025-05-09,26.29,57.19,1.1753518448079117,20,30,1311218.71,5278723010.0,263936150.5,False,False,False,2022-06-24,1020.0,1
sz001317,三羊马,G58多式联运和运输代理业,SZ,2021-11-30,2021-12-30,19.2,108.63,4.6578125,20,30,1133847.79,7486124018.0,374306200.9,False,True,False,2021-11-30,0.0,1
sz001318,阳光乳业,C14食品制造业,SZ,2022-05-20,2022-06-02,11.35,32.1,1.8281938325991192,20,13,3910567.1500000004,8639692264.0,431984613.2,False,True,False,2022-05-20,0.0,1
sz001319,铭科精技,C36汽车制造业,SZ,2022-05-12,2022-05-24,17.87,44.5,1.4902070509233352,20,12,2220629.58,7497480042.0,374874002.1,False,True,False,2022-05-12,0.0,1
sz001324,长青科技,C37铁路、船舶、航空航天和其他运输设备制造业,SZ,2023-08-02,2023-08-22,20.7,41.87,1.0227053140096616,20,20,1493660.4,4520201807.0,226010090.35,False,False,False,2023-05-22,72.0,1
sz001330,博纳影业,R87广播、电视、电影和录音制作业,SZ,2022-08-18,2022-08-31,6.04,15.23,1.5215231788079473,20,13,12308812.04,15626048309.0,781302415.45,False,True,False,2022-08-18,0.0,1
sz001331,胜通能源,D45燃气生产和供应业,SZ,2025-02-12,2025-02-17,5.43,11.2,1.0626151012891345,20,5,1708809.25,340903590.0,17045179.5,False,False,False,2022-09-08,888.0,1
sz001332,锡装股份,C33金属制品业,SZ,2022-09-21,2022-09-26,31.34,88.77,1.8324824505424377,20,5,7858753.33,7327630594.0,366381529.7,False,True,False,2022-09-20,1.0,1
sz001337,四川黄金,B09有色金属矿采选业,SZ,2023-03-03,2023-03-23,8.51,33.2,2.901292596944771,20,20,2248527.6900000004,6642398521.0,332119926.05,False,True,False,2023-03-03,0.0,1
sz001338,永顺泰,C15酒、饮料和精制茶制造业,SZ,2022-11-16,2022-12-06,8.18,31.19,2.812958435207824,20,20,7593502.499999999,15461654633.0,773082731.65,False,True,False,2022-11-16,0.0,1
sz001359,平安电工,C30非金属矿物制品业,SZ,2025-07-01,2025-07-22,25.41,53.72,1.1141282959464776,20,21,13576231.82,7163118939.0,358155946.95,False,False,False,2024-03-28,460.0,1
sz001366,播恩集团,C13农副食品加工业,SZ,2023-03-07,2023-03-15,11.18,22.5,1.0125223613595709,20,8,2446754.66,4634734243.0,231736712.15,False,True,False,2023-03-07,0.0,1
sz001367,海森药业,C27医药制造业,SZ,2023-05-24,2023-05-25,22.37,52.86,1.3629861421546714,20,1,2763703.32,1191901189.0,59595059.45,False,True,False,2023-04-10,44.0,1
sz001379,腾达科技,C34通用设备制造业,SZ,2024-07-09,2024-07-30,12.2,24.61,1.0172131147540986,20,21,1282198.4600000002,2118304190.0,105915209.5,False,False,False,2024-01-19,172.0,1
sz001380,华纬科技,C34通用设备制造业,SZ,2023-06-08,2023-06-29,12.66,34.76,1.7456556082148498,20,21,7239332.52,3512245102.0,175612255.1,False,True,False,2023-05-16,23.0,1
sz001400,江顺科技,C35专用设备制造业,SZ,2025-12-17,2026-01-15,62.98,128.91,1.04684026675135,20,29,676892.63,6255569117.0,312778455.85,False,False,False,2025-04-24,237.0,1
sz001696,宗申动力,C34通用设备制造业,SZ,2007-07-06,2007-08-02,25.9,53.19,1.0536679536679538,20,27,613247.12,2695927107.0,134796355.35,False,False,False,1997-03-06,3774.0,1
sz001896,豫能控股,D44电力、热力生产和供应业,SZ,2020-12-11,2020-12-23,3.74,7.81,1.0882352941176467,20,12,10593219.45,6059290151.0,302964507.55,False,False,False,1998-01-22,8359.0,1
sz002005,德豪润达,C38电气机械和器材制造业,SZ,2007-07-06,2007-08-01,6.25,12.67,1.0272000000000001,20,26,1245417.99,1177059556.0,58852977.8,False,False,False,2004-06-25,1106.0,1
sz002006,精工科技,C35专用设备制造业,SZ,2007-08-02,2007-08-27,8.45,17.22,1.0378698224852072,20,25,760683.03,859721754.0,42986087.7,False,False,False,2004-06-25,1133.0,1
sz002007,华兰生物,C27医药制造业,SZ,2009-08-18,2009-09-14,28.14,60.5,1.149964463397299,20,27,2778212.81,12076197016.0,603809850.8,False,False,False,2004-06-25,1880.0,1
sz002008,大族激光,C35专用设备制造业,SZ,2026-04-14,2026-05-14,76.06,156.5,1.0575861162240336,20,30,10702032.62,114236378003.0,5711818900.15,False,False,False,2004-06-25,7963.0,1
sz002009,天奇股份,C35专用设备制造业,SZ,2024-02-06,2024-03-08,7.45,16.21,1.1758389261744968,20,31,5669906.57,7312195622.0,365609781.1,False,False,False,2004-06-29,7161.0,1
sz002010,传化智联,L72商务服务业,SZ,2015-06-23,2015-07-23,9.98,25.96,1.6012024048096194,20,30,4013306.7,8009117793.0,400455889.65,False,False,False,2004-06-29,4011.0,1
sz002011,盾安环境,C34通用设备制造业,SZ,2007-06-29,2007-07-23,12.2,25.3,1.0737704918032787,20,24,517176.03,968344492.0,48417224.6,False,False,False,2004-07-05,1089.0,1
sz002014,永新股份,C29橡胶和塑料制品业,SZ,2015-04-29,2015-05-26,12.4,24.99,1.0153225806451611,20,27,2167317.94,3318804604.0,165940230.2,False,False,False,2004-07-08,3947.0,1
sz002015,协鑫能科,D44电力、热力生产和供应业,SZ,2021-07-29,2021-08-25,8.2,16.5,1.0121951219512195,20,27,8428554.75,10330859264.0,516542963.2,False,False,False,2004-07-08,6230.0,1
sz002016,世荣兆业,K70房地产业,SZ,2008-11-07,2008-12-02,2.72,5.58,1.051470588235294,20,25,1583663.3399999999,683151604.0,34157580.2,False,False,False,2004-07-08,1583.0,1
sz002017,东信和平,C39计算机、通信和其他电子设备制造业,SZ,2018-12-10,2019-01-08,6.17,12.46,1.0194489465153973,20,29,6511670.17,5882426160.0,294121308.0,False,False,False,2004-07-13,5263.0,1
sz002019,亿帆医药,C27医药制造业,SZ,2007-01-26,2007-02-27,9.81,19.94,1.0326197757390418,20,32,288079.0,389116732.0,19455836.6,False,False,False,2004-07-13,927.0,1
sz002023,海特高新,C43金属制品、机械和设备修理业,SZ,2020-02-04,2020-02-21,10.08,20.55,1.0386904761904763,20,17,11049880.99,17257520913.0,862876045.65,False,False,False,2004-07-21,5676.0,1
sz002025,航天电器,C39计算机、通信和其他电子设备制造业,SZ,2015-07-08,2015-07-23,14.15,32.4,1.2897526501766783,20,15,4801712.29,11488411328.0,574420566.4,False,False,False,2004-07-26,3999.0,1
sz002027,分众传媒,L72商务服务业,SZ,2013-09-05,2013-10-10,4.53,9.33,1.0596026490066226,20,35,3741619.0600000005,2870501165.0,143525058.25,False,False,False,2004-08-04,3319.0,1
sz002029,七 匹 狼,C18纺织服装、服饰业,SZ,2015-05-07,2015-06-02,13.02,27.9,1.1428571428571428,20,26,8441562.1,16166018624.0,808300931.2,False,False,False,2004-08-06,3926.0,1
sz002031,巨轮智能,C35专用设备制造业,SZ,2022-06-08,2022-06-29,1.8,3.66,1.0333333333333332,20,21,19718838.130000003,4895139381.0,244756969.05,False,False,False,2004-08-16,6505.0,1
sz002034,旺能环境,D44电力、热力生产和供应业,SZ,2015-05-07,2015-06-03,30.85,62.8,1.0356564019448946,20,27,731126.84,3427745652.0,171387282.6,False,False,False,2004-08-26,3906.0,1
sz002036,联创电子,C39计算机、通信和其他电子设备制造业,SZ,2015-05-25,2015-06-12,9.45,32.0,2.3862433862433865,20,18,2766374.44,7670704520.0,383535226.0,False,False,False,2004-09-03,3916.0,1
sz002037,保利联合,C26化学原料和化学制品制造业,SZ,2022-01-20,2022-02-10,7.59,16.31,1.1488801054018443,20,21,2411408.96,2306490810.0,115324540.5,False,False,False,2004-09-08,6343.0,1
sz002039,黔源电力,D44电力、热力生产和供应业,SZ,2021-08-26,2021-09-23,14.09,28.74,1.0397444996451384,20,28,2411989.48,5092763555.0,254638177.75,False,False,False,2005-03-03,6020.0,1
sz002040,南 京 港,G55水上运输业,SZ,2007-08-16,2007-09-11,7.88,15.82,1.0076142131979697,20,26,2296810.99,2587695459.0,129384772.95,False,False,False,2005-03-25,874.0,1
sz002041,登海种业,A05农、林、牧、渔专业及辅助性活动,SZ,2008-04-03,2008-05-06,12.09,24.5,1.0264681555004134,20,33,1410516.4,2536631854.0,126831592.7,False,False,False,2005-04-18,1081.0,1
sz002042,华孚时尚,C17纺织业,SZ,2007-04-04,2007-05-09,6.86,13.97,1.0364431486880465,20,35,1277830.68,1248713372.0,62435668.6,False,False,False,2005-04-27,707.0,1
sz002044,美年健康,Q84卫生,SZ,2015-03-26,2015-04-23,11.04,46.88,3.246376811594203,20,28,2940550.6600000006,12073617310.0,603680865.5,False,False,False,2005-05-18,3599.0,1
sz002045,国光电器,C39计算机、通信和其他电子设备制造业,SZ,2015-10-22,2015-11-12,8.11,16.28,1.0073982737361287,20,21,6516794.3100000005,8017046064.0,400852303.2,False,False,False,2005-05-23,3804.0,1
sz002046,国机精工,C34通用设备制造业,SZ,2020-04-28,2020-05-14,5.18,10.86,1.0965250965250966,20,16,3234040.8200000003,2809384369.0,140469218.45,False,False,False,2005-05-26,5451.0,1
sz002047,宝鹰股份,E50建筑装饰、装修和其他建筑业,SZ,2024-10-11,2024-11-06,1.73,3.66,1.1156069364161851,20,26,12756398.37,3442558542.0,172127927.1,False,False,False,2005-05-31,7073.0,1
sz002049,紫光国微,C39计算机、通信和其他电子设备制造业,SZ,2015-07-08,2015-07-24,25.52,53.58,1.0995297805642634,20,16,2935359.53,11409004000.0,570450200.0,False,False,False,2005-06-06,3684.0,1
sz002051,中工国际,E48土木工程建筑业,SZ,2006-06-19,2006-06-19,15.5,50.0,2.225806451612903,20,0,1796739.0399999996,3219714168.0,160985708.4,False,True,False,2006-06-19,0.0,1
sz002052,同洲电子,C39计算机、通信和其他电子设备制造业,SZ,2024-09-19,2024-10-23,1.71,3.44,1.0116959064327484,20,34,3635578.53,858511239.0,42925561.95,False,False,False,2006-06-27,6659.0,1
sz002053,云南能投,D44电力、热力生产和供应业,SZ,2022-02-24,2022-03-21,9.5,19.61,1.0642105263157893,20,25,7550641.6,10982530195.0,549126509.75,False,False,False,2006-06-27,5721.0,1
sz002054,德美化工,C26化学原料和化学制品制造业,SZ,2018-10-19,2018-11-12,4.1,8.24,1.0097560975609756,20,24,5144829.2,3128255358.0,156412767.9,False,False,False,2006-07-25,4469.0,1
sz002055,ST得润,C39计算机、通信和其他电子设备制造业,SZ,2015-03-02,2015-03-25,13.79,29.77,1.1588107324147936,20,23,4511384.449999999,8583341376.0,429167068.8,True,False,False,2006-07-25,3142.0,1
sz002057,中钢天源,C26化学原料和化学制品制造业,SZ,2010-10-19,2010-11-01,15.75,31.65,1.0095238095238095,20,13,1499234.66,3234497532.0,161724876.6,False,False,False,2006-08-02,1539.0,1
sz002058,紫竹高科,C40仪器仪表制造业,SZ,2018-10-25,2018-11-21,8.75,17.82,1.0365714285714285,20,27,914226.3499999999,1180043988.0,59002199.4,False,False,False,2006-08-02,4467.0,1
sz002059,云南旅游,N78公共设施管理业,SZ,2015-07-08,2015-07-31,7.21,14.48,1.0083217753120666,20,23,2822373.56,3168741466.0,158437073.3,False,False,False,2006-08-10,3254.0,1
sz002062,宏润建设,E48土木工程建筑业,SZ,2020-02-07,2020-03-05,3.25,6.64,1.043076923076923,20,27,2383856.11,1169575329.0,58478766.45,False,False,False,2006-08-16,4923.0,1
sz002063,远光软件,I65软件和信息技术服务业,SZ,2015-03-09,2015-04-03,24.02,48.95,1.037885095753539,20,25,4645872.44,16151588416.0,807579420.8,False,False,False,2006-08-23,3120.0,1
sz002065,东华软件,I65软件和信息技术服务业,SZ,2025-01-17,2025-02-21,6.91,15.08,1.1823444283646887,20,35,51844000.14999999,56982450578.0,2849122528.9,False,False,False,2006-08-23,6722.0,1
sz002066,瑞泰科技,C30非金属矿物制品业,SZ,2015-05-29,2015-06-24,16.84,35.5,1.1080760095011875,20,26,4320393.67,11085593456.0,554279672.8,False,False,False,2006-08-23,3201.0,1
sz002067,景兴纸业,C22造纸和纸制品业,SZ,2014-06-04,2014-06-27,2.14,4.64,1.1682242990654204,20,23,24252666.439999998,8260871248.0,413043562.4,False,False,False,2006-09-15,2819.0,1
sz002069,獐子岛,A04渔业,SZ,2020-07-03,2020-07-30,2.9,6.25,1.1551724137931036,20,27,6922817.21,2890245812.0,144512290.6,False,False,False,2006-09-28,5027.0,1
sz002074,国轩高科,C38电气机械和器材制造业,SZ,2014-09-10,2014-10-14,8.01,19.9,1.4843945068664168,20,34,3716255.42,6834097746.0,341704887.3,False,False,False,2006-10-18,2884.0,1
sz002075,沙钢股份,C31黑色金属冶炼和压延加工业,SZ,2008-11-04,2008-12-30,1.42,2.96,1.084507042253521,20,56,1034321.3999999999,231414373.0,11570718.65,False,False,False,2006-10-25,741.0,1
sz002076,星光股份,C38电气机械和器材制造业,SZ,2024-02-08,2024-03-13,1.16,2.4,1.0689655172413794,20,34,6689286.11,1169100052.0,58455002.6,False,False,False,2006-10-25,6315.0,1
sz002077,大港股份,C39计算机、通信和其他电子设备制造业,SZ,2019-05-06,2019-05-15,4.99,10.01,1.006012024048096,20,9,6152927.08,4596250482.0,229812524.1,False,False,False,2006-11-16,4554.0,1
sz002081,金 螳 螂,E50建筑装饰、装修和其他建筑业,SZ,2026-04-07,2026-05-07,3.26,7.14,1.1901840490797548,20,30,38480918.28000001,20149789094.0,1007489454.7,False,False,False,2006-11-20,7078.0,1
sz002082,ST万邦,C27医药制造业,SZ,2026-03-06,2026-04-02,16.65,34.73,1.0858858858858857,20,27,6271564.4399999995,15670174866.0,783508743.3,True,False,False,2006-11-20,7046.0,1
sz002083,孚日股份,C17纺织业,SZ,2025-10-17,2025-11-13,5.07,10.51,1.0729783037475342,20,27,23069626.529999997,15234193835.0,761709691.75,False,False,False,2006-11-24,6902.0,1
sz002084,海鸥住工,C33金属制品业,SZ,2020-04-28,2020-05-28,4.6,9.75,1.1195652173913047,20,30,3131153.4899999998,2230268926.0,111513446.3,False,False,False,2006-11-24,4904.0,1
sz002085,万丰奥威,C36汽车制造业,SZ,2010-07-08,2010-09-03,7.27,15.02,1.0660247592847316,20,57,1690597.0599999998,2081476888.0,104073844.4,False,False,False,2006-11-28,1318.0,1
sz002086,东方海洋,A04渔业,SZ,2015-05-07,2015-06-03,18.79,39.0,1.0755721128259714,20,27,2534083.19,6879321120.0,343966056.0,False,False,False,2006-11-28,3082.0,1
sz002090,金智科技,C38电气机械和器材制造业,SZ,2022-06-16,2022-07-11,7.81,15.77,1.0192061459667094,20,25,3974952.28,5052341424.0,252617071.2,False,False,False,2006-12-08,5669.0,1
sz002093,国脉科技,I65软件和信息技术服务业,SZ,2015-03-30,2015-05-29,12.4,30.76,1.4806451612903224,20,60,10927737.829999998,18633170502.0,931658525.1,False,False,False,2006-12-15,3027.0,1
sz002094,青岛金王,C26化学原料和化学制品制造业,SZ,2015-12-09,2015-12-29,14.45,32.15,1.2249134948096887,20,20,3564173.53,10151536602.0,507576830.1,False,False,False,2006-12-15,3281.0,1
sz002095,生 意 宝,I64互联网和相关服务,SZ,2015-01-12,2015-02-04,31.0,62.8,1.0258064516129033,20,23,2534211.79,11932703632.0,596635181.6,False,False,False,2006-12-15,2950.0,1
sz002096,易普力,C26化学原料和化学制品制造业,SZ,2008-10-30,2008-11-26,5.43,10.98,1.0220994475138125,20,27,327949.94999999995,264595933.0,13229796.65,False,False,False,2006-12-22,678.0,1
sz002097,山河智能,C35专用设备制造业,SZ,2008-11-03,2008-11-19,6.79,14.55,1.1428571428571428,20,16,1328357.09,1402993072.0,70149653.6,False,False,False,2006-12-22,682.0,1
sz002098,浔兴股份,C41其他制造业,SZ,2015-05-07,2015-06-02,23.0,50.36,1.1895652173913045,20,26,1213795.0199999998,4406572496.0,220328624.8,False,False,False,2006-12-22,3058.0,1
sz002099,海翔药业,C27医药制造业,SZ,2015-07-09,2015-07-21,13.65,28.79,1.1091575091575092,20,12,6145355.1899999995,14162698144.0,708134907.2,False,False,False,2006-12-26,3117.0,1
sz002101,广东鸿图,C36汽车制造业,SZ,2022-05-30,2022-06-24,10.37,21.86,1.1080038572806172,20,25,9000499.06,14700368334.0,735018416.7,False,False,False,2006-12-29,5631.0,1
sz002103,广博股份,C24文教、工美、体育和娱乐用品制造业,SZ,2015-02-12,2015-03-27,13.85,27.8,1.0072202166064983,20,43,1315436.4800000004,2601986899.0,130099344.95,False,False,False,2007-01-10,2955.0,1
sz002104,恒宝股份,C39计算机、通信和其他电子设备制造业,SZ,2007-06-05,2007-06-20,21.79,45.85,1.1041762276273523,20,15,673055.19,2198285715.0,109914285.75,False,False,False,2007-01-10,146.0,1
sz002105,信隆健康,C37铁路、船舶、航空航天和其他运输设备制造业,SZ,2025-02-19,2025-03-13,5.2,11.3,1.1730769230769234,20,22,5263706.380000001,4199530821.0,209976541.05,False,False,False,2007-01-12,6613.0,1
sz002106,莱宝高科,C39计算机、通信和其他电子设备制造业,SZ,2010-10-18,2010-11-05,29.99,60.0,1.000666888962988,20,18,2103160.3499999996,8444850432.0,422242521.6,False,False,False,2007-01-12,1375.0,1
sz002109,ST兴化,C26化学原料和化学制品制造业,SZ,2021-02-08,2021-03-09,3.13,6.27,1.0031948881789137,20,29,12584488.74,6300173604.0,315008680.2,True,False,False,2007-01-26,5127.0,1
sz002114,罗平锌电,C32有色金属冶炼和压延加工业,SZ,2008-11-25,2008-12-16,3.87,7.96,1.0568475452196382,20,21,901807.54,554061612.0,27703080.6,False,False,False,2007-02-15,649.0,1
sz002115,三维通信,L72商务服务业,SZ,2024-11-19,2024-12-16,5.55,11.92,1.147747747747748,20,27,22564089.55,16729870092.0,836493504.6,False,False,False,2007-02-15,6487.0,1
sz002117,东港股份,C23印刷和记录媒介复制业,SZ,2015-07-09,2015-07-20,17.5,37.12,1.121142857142857,20,11,2493828.6500000004,6780318544.0,339015927.2,False,False,False,2007-03-02,3051.0,1
sz002119,康强电子,C39计算机、通信和其他电子设备制造业,SZ,2015-05-11,2015-05-28,14.27,46.09,2.2298528381219342,20,17,2187145.7199999997,8884897554.0,444244877.7,False,False,False,2007-03-02,2992.0,1
sz002121,科陆电子,C40仪器仪表制造业,SZ,2008-11-03,2008-11-21,7.5,15.27,1.036,20,18,340939.11,381282155.0,19064107.75,False,False,False,2007-03-06,608.0,1
sz002122,ST汇洲,C34通用设备制造业,SZ,2016-09-19,2016-11-03,7.33,14.98,1.0436562073669848,20,45,11544384.73,13391324668.0,669566233.4,True,False,False,2007-03-28,3463.0,1
sz002123,梦网科技,I65软件和信息技术服务业,SZ,2015-03-26,2015-04-08,10.14,21.5,1.1203155818540433,20,13,5396895.99,10637509665.0,531875483.25,False,False,False,2007-03-28,2920.0,1
sz002124,天邦食品,A03畜牧业,SZ,2015-07-07,2015-07-23,12.28,24.97,1.0333876221498373,20,16,1427774.14,2853932625.0,142696631.25,False,False,False,2007-04-03,3017.0,1
sz002125,湘潭电化,C26化学原料和化学制品制造业,SZ,2015-03-13,2015-05-12,11.92,25.03,1.099832214765101,20,60,1628012.76,2866417314.0,143320865.7,False,False,False,2007-04-03,2901.0,1
sz002127,南极电商,L72商务服务业,SZ,2013-06-25,2013-08-08,2.79,5.96,1.1362007168458783,20,44,2682841.45,1203203407.0,60160170.35,False,False,False,2007-04-18,2260.0,1
sz002130,沃尔核材,C39计算机、通信和其他电子设备制造业,SZ,2008-10-28,2008-11-19,5.63,11.5,1.0426287744227354,20,22,231493.99,206736876.0,10336843.8,False,False,False,2007-04-20,557.0,1
sz002131,利欧股份,L72商务服务业,SZ,2015-05-07,2015-05-22,31.23,89.12,1.8536663464617358,20,15,1718994.4600000002,13984950360.0,699247518.0,False,False,False,2007-04-27,2932.0,1
sz002132,恒星科技,C33金属制品业,SZ,2020-09-15,2020-10-14,2.79,5.7,1.043010752688172,20,29,13202585.01,5493410096.0,274670504.8,False,False,False,2007-04-27,4890.0,1
sz002133,广宇集团,K70房地产业,SZ,2015-05-18,2015-06-12,8.2,16.88,1.0585365853658537,20,25,7445205.5200000005,9229790640.0,461489532.0,False,False,False,2007-04-27,2943.0,1
sz002134,天津普林,C39计算机、通信和其他电子设备制造业,SZ,2024-09-18,2024-10-21,7.19,15.34,1.133518776077886,20,33,3677818.93,4147651435.0,207382571.75,False,False,False,2007-05-16,6335.0,1
sz002135,东南网架,C33金属制品业,SZ,2015-05-08,2015-06-04,8.99,18.7,1.0800889877641824,20,27,5912044.040000001,7751278872.0,387563943.6,False,False,False,2007-05-30,2900.0,1
sz002137,实益达,C38电气机械和器材制造业,SZ,2018-02-07,2018-03-15,5.21,10.99,1.1094049904030712,20,36,2158327.5,1930208781.0,96510439.05,False,False,False,2007-06-13,3892.0,1
sz002141,贤丰控股,C38电气机械和器材制造业,SZ,2018-10-25,2018-11-19,2.78,5.64,1.028776978417266,20,25,5005346.890000001,1834868313.0,91743415.65,False,False,False,2007-07-20,4115.0,1
sz002145,钛能化学,C26化学原料和化学制品制造业,SZ,2008-11-04,2008-12-23,2.53,5.54,1.189723320158103,20,49,1489434.9800000002,599021705.0,29951085.25,False,False,False,2007-08-03,459.0,1
sz002146,荣盛发展,K70房地产业,SZ,2023-07-06,2023-07-31,1.52,3.04,1.0,20,25,82291939.35999998,18917176332.0,945858816.6,False,False,False,2007-08-08,5811.0,1
sz002148,北纬科技,I65软件和信息技术服务业,SZ,2025-08-01,2025-08-15,6.98,14.0,1.005730659025788,20,14,16906749.66,18036824494.0,901841224.7,False,False,False,2007-08-10,6566.0,1
sz002149,西部材料,C32有色金属冶炼和压延加工业,SZ,2025-11-24,2025-12-17,16.08,32.68,1.0323383084577116,20,23,15266925.09,38476268243.0,1923813412.15,False,False,False,2007-08-10,6681.0,1
sz002150,正泰电源,C38电气机械和器材制造业,SZ,2022-07-05,2022-07-28,6.46,13.27,1.0541795665634672,20,23,3679873.13,3463840329.0,173192016.45,False,False,False,2007-08-10,5443.0,1
sz002151,北斗星通,C39计算机、通信和其他电子设备制造业,SZ,2012-12-14,2013-01-10,16.22,34.32,1.1159062885326758,20,27,1748419.94,4312187960.0,215609398.0,False,False,False,2007-08-13,1950.0,1
sz002156,通富微电,C39计算机、通信和其他电子设备制造业,SZ,2015-05-11,2015-06-05,15.02,31.7,1.1105193075898803,20,25,4659005.58,9939404720.0,496970236.0,False,False,False,2007-08-16,2825.0,1
sz002157,正邦科技,A03畜牧业,SZ,2019-01-23,2019-02-26,5.94,12.17,1.0488215488215489,20,34,12924578.42,11299928226.0,564996411.3,False,False,False,2007-08-17,4177.0,1
sz002158,汉钟精机,C34通用设备制造业,SZ,2017-04-20,2017-05-17,11.84,23.87,1.0160472972972974,20,27,15434779.190000001,27992539902.0,1399626995.1,False,False,False,2007-08-17,3534.0,1
sz002160,常铝股份,C32有色金属冶炼和压延加工业,SZ,2020-02-04,2020-02-25,3.11,6.62,1.1286173633440515,20,21,10752486.63,4809940486.0,240497024.3,False,False,False,2007-08-21,4550.0,1
sz002162,悦心健康,C30非金属矿物制品业,SZ,2008-11-07,2008-12-04,3.33,6.74,1.024024024024024,20,27,1118855.84,543999203.0,27199960.15,False,False,False,2007-08-23,442.0,1
sz002163,海南发展,E50建筑装饰、装修和其他建筑业,SZ,2009-03-16,2009-04-21,6.8,14.62,1.15,20,36,2249292.6799999997,2369956836.0,118497841.8,False,False,False,2007-08-23,571.0,1
sz002165,红 宝 丽,C26化学原料和化学制品制造业,SZ,2021-08-25,2021-09-23,4.76,10.05,1.111344537815126,20,29,7952100.26,5821348865.0,291067443.25,False,False,False,2007-09-13,5095.0,1
sz002166,莱茵生物,C27医药制造业,SZ,2009-04-22,2009-05-15,12.28,26.49,1.1571661237785018,20,23,697375.5200000001,1223076272.0,61153813.6,False,False,False,2007-09-13,587.0,1
sz002167,东方锆业,C32有色金属冶炼和压延加工业,SZ,2026-06-08,2026-07-02,12.5,26.71,1.1368,20,24,23529323.879999995,44450459163.0,2222522958.15,False,False,False,2007-09-13,6843.0,1
sz002168,ST惠程,C38电气机械和器材制造业,SZ,2009-02-05,2009-03-04,11.15,23.43,1.1013452914798205,20,27,704169.7,1160030190.0,58001509.5,True,False,False,2007-09-19,505.0,1
sz002169,智光电气,C38电气机械和器材制造业,SZ,2009-03-13,2009-04-13,14.3,28.63,1.0020979020979017,20,31,522892.65,1130181214.0,56509060.7,False,False,False,2007-09-19,541.0,1
sz002171,楚江新材,C32有色金属冶炼和压延加工业,SZ,2015-05-11,2015-06-03,14.38,40.71,1.8310152990264257,20,23,3800563.27,12466008244.0,623300412.2,False,False,False,2007-09-21,2789.0,1
sz002172,澳洋健康,Q84卫生,SZ,2009-01-13,2009-02-17,3.89,8.47,1.1773778920308486,20,35,2542738.64,1429202378.0,71460118.9,False,False,False,2007-09-21,480.0,1
sz002173,创新医疗,Q84卫生,SZ,2023-05-12,2023-06-07,6.75,13.52,1.0029629629629628,20,26,8730053.850000001,9679245237.0,483962261.85,False,False,False,2007-09-25,5708.0,1
sz002174,游族网络,I64互联网和相关服务,SZ,2013-10-24,2013-11-21,22.0,51.37,1.335,20,28,997903.9800000001,3975468733.0,198773436.65,False,False,False,2007-09-25,2221.0,1
sz002175,*ST东智,C40仪器仪表制造业,SZ,2015-02-16,2015-03-20,26.29,54.45,1.0711297071129708,20,32,1112421.57,4116810352.0,205840517.6,True,False,False,2007-10-12,2684.0,1
sz002176,江特电机,C32有色金属冶炼和压延加工业,SZ,2020-12-29,2021-01-26,3.38,7.05,1.0857988165680474,20,28,12536344.44,6192326374.0,309616318.7,False,False,False,2007-10-12,4827.0,1
sz002177,御银股份,C35专用设备制造业,SZ,2019-03-11,2019-04-08,4.18,8.58,1.0526315789473686,20,28,18630182.800000004,11346483213.0,567324160.65,False,False,False,2007-11-01,4148.0,1
sz002178,延华智能,I65软件和信息技术服务业,SZ,2015-03-10,2015-04-07,18.5,37.62,1.0335135135135132,20,28,4840470.99,13413763712.0,670688185.6,False,False,False,2007-11-01,2686.0,1
sz002179,中航光电,C39计算机、通信和其他电子设备制造业,SZ,2015-07-08,2015-07-17,20.26,44.23,1.183119447186574,20,9,3787407.53,12112575552.0,605628777.6,False,False,False,2007-11-01,2806.0,1
sz002180,奔图科技,C39计算机、通信和其他电子设备制造业,SZ,2015-05-18,2015-06-03,25.86,73.9,1.8576952822892503,20,16,657890.2800000001,4341873542.0,217093677.1,False,False,False,2007-11-13,2743.0,1
sz002181,粤 传 媒,L72商务服务业,SZ,2014-01-14,2014-01-29,10.36,21.32,1.057915057915058,20,15,4055924.6500000004,6558315974.0,327915798.7,False,False,False,2007-11-16,2251.0,1
sz002182,宝武镁业,C32有色金属冶炼和压延加工业,SZ,2007-12-18,2008-01-16,19.31,39.38,1.039357845675816,20,29,912588.3699999999,2567919096.0,128395954.8,False,True,False,2007-11-13,35.0,1
sz002183,怡 亚 通,L72商务服务业,SZ,2015-04-21,2015-05-19,30.01,61.11,1.0363212262579138,20,28,8643371.62,35472989504.0,1773649475.2,False,False,False,2007-11-13,2716.0,1
sz002184,海得控制,C38电气机械和器材制造业,SZ,2015-05-08,2015-06-04,35.22,71.18,1.0210107893242477,20,27,1853839.3699999999,9578436160.0,478921808.0,False,False,False,2007-11-16,2730.0,1
sz002185,华天科技,C39计算机、通信和其他电子设备制造业,SZ,2020-02-04,2020-02-24,7.73,15.57,1.0142302716688225,20,20,52523988.47,55973132352.0,2798656617.6,False,False,False,2007-11-20,4459.0,1
sz002186,全 聚 德,H62餐饮业,SZ,2007-11-28,2008-01-03,34.84,71.42,1.049942594718714,20,36,762927.2000000001,3374777881.0,168738894.05,False,True,False,2007-11-20,8.0,1
sz002187,广百股份,F52零售业,SZ,2020-05-13,2020-06-05,6.72,13.48,1.005952380952381,20,23,2053271.12,2117353316.0,105867665.8,False,False,False,2007-11-22,4556.0,1
sz002188,中天服务,K70房地产业,SZ,2015-05-25,2015-06-18,12.32,51.58,3.186688311688312,20,24,1125990.37,5114568043.0,255728402.15,False,False,False,2007-11-22,2741.0,1
sz002189,中光学,C39计算机、通信和其他电子设备制造业,SZ,2014-09-04,2014-10-09,13.1,26.24,1.003053435114504,20,35,2223530.46,3979777028.0,198988851.4,False,False,False,2007-12-03,2467.0,1
sz002190,成飞集成,C36汽车制造业,SZ,2010-06-04,2010-07-13,9.51,19.75,1.0767613038906414,20,39,1534868.36,2163524625.0,108176231.25,False,False,False,2007-12-03,914.0,1
sz002192,融捷股份,B09有色金属矿采选业,SZ,2021-06-17,2021-07-13,61.06,130.39,1.1354405502784144,20,26,2398892.8900000006,20711868108.0,1035593405.4,False,False,False,2007-12-05,4943.0,1
sz002193,ST如意,C18纺织服装、服饰业,SZ,2015-05-12,2015-06-08,15.02,30.39,1.023302263648469,20,27,1876969.43,3885124464.0,194256223.2,True,False,False,2007-12-07,2713.0,1
sz002194,武汉凡谷,C39计算机、通信和其他电子设备制造业,SZ,2017-09-21,2017-11-16,7.88,15.95,1.0241116751269037,20,56,9161513.790000001,11666767389.0,583338369.45,False,False,False,2007-12-07,3576.0,1
sz002195,岩山科技,I64互联网和相关服务,SZ,2014-01-16,2014-02-28,17.38,56.86,2.2715765247410817,20,43,1502300.2700000003,6379158894.0,318957944.7,False,False,False,2007-12-12,2227.0,1
sz002196,方正电机,C38电气机械和器材制造业,SZ,2025-02-20,2025-03-19,6.28,12.84,1.0445859872611463,20,27,18404600.98,17478943684.0,873947184.2,False,False,False,2007-12-12,6280.0,1
sz002197,证通电子,I65软件和信息技术服务业,SZ,2015-04-29,2015-05-19,34.81,70.14,1.0149382361390402,20,20,2310784.2199999997,10327853584.0,516392679.2,False,False,False,2007-12-18,2689.0,1
sz002198,ST嘉应,C27医药制造业,SZ,2019-03-14,2019-04-11,6.01,12.14,1.0199667221297837,20,28,6598946.390000001,5784803422.0,289240171.1,True,False,False,2007-12-18,4104.0,1
sz002199,东晶电子,C39计算机、通信和其他电子设备制造业,SZ,2024-06-11,2024-06-20,4.27,9.22,1.1592505854800939,20,9,3731422.5799999996,2469121727.0,123456086.35,False,False,False,2007-12-21,6017.0,1
sz002201,九鼎新材,C30非金属矿物制品业,SZ,2019-07-15,2019-07-30,6.42,12.99,1.0233644859813085,20,15,1966692.9200000002,2018862719.0,100943135.95,False,False,False,2007-12-26,4219.0,1
sz002202,金风科技,C34通用设备制造业,SZ,2025-12-11,2026-01-09,15.7,31.94,1.034394904458599,20,29,68656759.16000001,149619810998.0,7480990549.9,False,False,False,2007-12-26,6560.0,1
sz002204,大连重工,C34通用设备制造业,SZ,2011-02-25,2011-04-20,23.31,48.92,1.098670098670099,20,54,489874.98,1859858644.0,92992932.2,False,False,False,2008-01-16,1136.0,1
sz002205,国统股份,C30非金属矿物制品业,SZ,2022-03-28,2022-04-12,8.63,18.52,1.146002317497103,20,15,4662568.390000001,5686187308.0,284309365.4,False,False,False,2008-01-23,5178.0,1
sz002207,*ST准油,B11开采专业及辅助性活动,SZ,2009-04-22,2009-05-20,12.58,25.81,1.0516693163751984,20,28,869360.5500000002,1669682548.0,83484127.4,True,False,False,2008-01-28,450.0,1
sz002208,合肥城建,K70房地产业,SZ,2015-02-09,2015-03-12,7.93,16.54,1.0857503152585117,20,31,1506181.0899999999,1825617688.0,91280884.4,False,False,False,2008-01-28,2569.0,1
sz002209,达 意 隆,C35专用设备制造业,SZ,2015-04-29,2015-05-27,13.57,27.8,1.0486366985998528,20,28,2294538.1199999996,4284703752.0,214235187.6,False,False,False,2008-01-30,2646.0,1
sz002210,飞马国际,L72商务服务业,SZ,2019-03-29,2019-04-10,3.3,6.74,1.0424242424242425,20,12,21249377.79,10039482128.0,501974106.4,False,False,False,2008-01-30,4076.0,1
sz002211,ST宏达,C26化学原料和化学制品制造业,SZ,2024-02-22,2024-03-20,2.62,5.27,1.011450381679389,20,27,7785264.42,2916563331.0,145828166.55,True,False,False,2008-02-01,5865.0,1
sz002214,大立科技,C39计算机、通信和其他电子设备制造业,SZ,2020-01-09,2020-02-10,10.98,22.33,1.0336976320582876,20,32,6567685.98,10145519585.0,507275979.25,False,False,False,2008-02-18,4343.0,1
sz002215,诺 普 信,C26化学原料和化学制品制造业,SZ,2015-04-20,2015-05-18,17.11,35.9,1.098188194038574,20,28,3321484.6300000004,7904290318.0,395214515.9,False,False,False,2008-02-18,2618.0,1
sz002217,ST合力泰,C39计算机、通信和其他电子设备制造业,SZ,2024-02-08,2024-02-27,0.99,2.09,1.1111111111111112,20,19,32913799.62,5451422170.0,272571108.5,True,False,False,2008-02-20,5832.0,1
sz002218,拓日新能,C38电气机械和器材制造业,SZ,2009-03-17,2009-04-13,18.03,36.17,1.0061009428729895,20,27,1445846.9599999997,3827154828.0,191357741.4,False,False,False,2008-02-28,383.0,1
sz002219,新里程,Q84卫生,SZ,2022-06-23,2022-07-08,2.61,5.36,1.053639846743295,20,15,4959318.72,2123471215.0,106173560.75,False,False,False,2008-03-06,5222.0,1
sz002227,*ST特迅,C38电气机械和器材制造业,SZ,2015-02-02,2015-04-03,21.0,43.7,1.080952380952381,20,60,1907370.6199999999,6422915060.0,321145753.0,True,False,False,2008-05-06,2463.0,1
sz002228,合兴包装,C22造纸和纸制品业,SZ,2015-05-07,2015-06-03,19.2,39.05,1.0338541666666665,20,27,1466181.88,4286958016.0,214347900.8,False,False,False,2008-05-08,2555.0,1
sz002229,鸿博股份,C23印刷和记录媒介复制业,SZ,2013-06-13,2013-07-30,6.41,12.83,1.001560062402496,20,47,4350838.87,3944253076.0,197212653.8,False,False,False,2008-05-08,1862.0,1
sz002230,科大讯飞,I65软件和信息技术服务业,SZ,2009-07-06,2009-07-30,20.6,41.6,1.0194174757281553,20,24,1035915.3700000001,3195547399.0,159777369.95,False,False,False,2008-05-12,420.0,1
sz002232,启明信息,I65软件和信息技术服务业,SZ,2021-11-11,2021-12-07,9.62,19.7,1.0478170478170479,20,26,4817793.16,6994158116.0,349707905.8,False,False,False,2008-05-09,4934.0,1
sz002233,塔牌集团,C30非金属矿物制品业,SZ,2015-05-08,2015-06-03,10.7,21.7,1.02803738317757,20,26,5971573.19,8739124016.0,436956200.8,False,False,False,2008-05-16,2548.0,1
sz002234,民和股份,A03畜牧业,SZ,2015-07-08,2015-07-29,8.46,18.79,1.2210401891252953,20,21,3056312.76,4286205460.0,214310273.0,False,False,False,2008-05-16,2609.0,1
sz002235,安妮股份,C22造纸和纸制品业,SZ,2022-12-19,2023-01-05,4.88,9.87,1.0225409836065573,20,17,16373514.330000002,10814477996.0,540723899.8,False,False,False,2008-05-16,5330.0,1
sz002238,天威视讯,I63电信、广播电视和卫星传输服务,SZ,2023-10-23,2023-11-10,5.93,12.82,1.1618887015177068,20,18,2350874.5100000002,2086941425.0,104347071.25,False,False,False,2008-05-26,5628.0,1
sz002239,奥特佳,C36汽车制造业,SZ,2020-02-03,2020-02-13,1.78,3.66,1.0561797752808988,20,10,32613594.18,8714660227.0,435733011.35,False,False,False,2008-05-22,4274.0,1
sz002240,盛新锂能,C32有色金属冶炼和压延加工业,SZ,2013-12-20,2014-01-08,8.47,19.15,1.2609208972845334,20,19,5754246.640000001,9604287844.0,480214392.2,False,False,False,2008-05-23,2037.0,1
sz002242,九阳股份,C38电气机械和器材制造业,SZ,2015-07-09,2015-08-05,14.25,29.25,1.0526315789473686,20,27,3825231.56,8236809072.0,411840453.6,False,False,False,2008-05-28,2598.0,1
sz002243,力合科创,C29橡胶和塑料制品业,SZ,2018-07-11,2018-07-20,5.13,10.29,1.005847953216374,20,9,1995599.27,1657054391.0,82852719.55,False,False,False,2008-05-28,3696.0,1
sz002246,北化股份,C26化学原料和化学制品制造业,SZ,2022-02-18,2022-03-17,8.0,16.54,1.0675,20,27,9692248.51,11201654305.0,560082715.25,False,False,False,2008-06-05,5006.0,1
sz002247,聚力文化,C22造纸和纸制品业,SZ,2024-10-11,2024-11-07,1.77,3.8,1.1468926553672314,20,27,12788791.009999998,3335072850.0,166753642.5,False,False,False,2008-06-12,5965.0,1
sz002248,华东数控,C34通用设备制造业,SZ,2021-08-19,2021-08-31,6.56,14.03,1.138719512195122,20,12,5063551.54,5643930711.0,282196535.55,False,False,False,2008-06-12,4816.0,1
sz002249,大洋电机,C38电气机械和器材制造业,SZ,2009-03-18,2009-04-15,25.58,52.79,1.0637216575449573,20,28,754825.01,2692785368.0,134639268.4,False,False,False,2008-06-19,272.0,1
sz002250,联化科技,C26化学原料和化学制品制造业,SZ,2025-05-23,2025-06-06,6.31,13.17,1.08716323296355,20,14,15665149.57,14919385582.0,745969279.1,False,False,False,2008-06-19,6182.0,1
sz002251,步步高,F52零售业,SZ,2022-03-28,2022-04-21,5.78,12.62,1.1833910034602075,20,24,12283407.09,12064471262.0,603223563.1,False,False,False,2008-06-19,5030.0,1
sz002252,上海莱士,C27医药制造业,SZ,2019-01-31,2019-03-11,5.75,11.61,1.0191304347826087,20,39,26629998.53,23398765581.0,1169938279.05,False,False,False,2008-06-23,3874.0,1
sz002253,川大智胜,I65软件和信息技术服务业,SZ,2008-12-16,2009-01-08,14.3,29.6,1.06993006993007,20,23,388639.56,882301759.0,44115087.95,False,False,False,2008-06-23,176.0,1
sz002255,海陆重工,C34通用设备制造业,SZ,2015-05-26,2015-06-08,15.91,36.88,1.3180389692017602,20,13,2441186.25,7604885579.0,380244278.95,False,False,False,2008-06-25,2526.0,1
sz002256,兆新股份,D44电力、热力生产和供应业,SZ,2015-03-09,2015-04-03,14.6,29.87,1.0458904109589042,20,25,4901391.13,9578215136.0,478910756.8,False,False,False,2008-06-25,2448.0,1
sz002261,拓维信息,I65软件和信息技术服务业,SZ,2013-08-12,2013-09-10,15.0,32.75,1.1833333333333331,20,29,5655768.449999999,11895038016.0,594751900.8,False,False,False,2008-07-23,1846.0,1
sz002264,新 华 都,I64互联网和相关服务,SZ,2017-09-08,2017-10-17,7.95,17.08,1.1484276729559744,20,39,3567469.73,4634386837.0,231719341.85,False,False,False,2008-07-31,3326.0,1
sz002265,建设工业,C36汽车制造业,SZ,2009-01-14,2009-02-17,4.62,9.36,1.0259740259740258,20,34,2402843.57,1500265276.0,75013263.8,False,False,False,2008-08-06,161.0,1
sz002269,美邦服饰,C18纺织服装、服饰业,SZ,2015-03-13,2015-04-10,13.21,28.35,1.1461014383043149,20,28,9711022.77,18635532416.0,931776620.8,False,False,False,2008-08-28,2388.0,1
sz002272,川润股份,C34通用设备制造业,SZ,2008-11-07,2008-11-20,7.8,15.97,1.0474358974358977,20,13,804985.0099999999,890005112.0,44500255.6,False,True,False,2008-09-19,49.0,1
sz002276,万马股份,C38电气机械和器材制造业,SZ,2015-04-16,2015-05-14,15.02,30.27,1.015312916111851,20,28,10492852.94,21072438400.0,1053621920.0,False,False,False,2009-07-10,2106.0,1
sz002277,友阿股份,F52零售业,SZ,2024-11-15,2024-12-19,3.11,6.55,1.1061093247588425,20,34,16718546.37,5930901128.0,296545056.4,False,False,False,2009-07-17,5600.0,1
sz002278,神开股份,C35专用设备制造业,SZ,2025-02-27,2025-03-21,5.55,11.29,1.0342342342342343,20,22,5991672.5,5079880806.0,253994040.3,False,False,False,2009-08-11,5679.0,1
sz002279,久其软件,I65软件和信息技术服务业,SZ,2015-04-13,2015-05-11,44.11,92.88,1.1056449784629336,20,28,813787.0599999998,5603805473.0,280190273.65,False,False,False,2009-08-11,2071.0,1
sz002281,光迅科技,C39计算机、通信和其他电子设备制造业,SZ,2024-02-05,2024-03-11,19.58,42.86,1.1889683350357507,20,35,15096469.379999999,48840037835.0,2442001891.75,False,False,False,2009-08-21,5281.0,1
sz002285,世联行,K70房地产业,SZ,2015-03-09,2015-03-25,19.8,39.6,1.0,20,16,3533369.0599999996,9233873744.0,461693687.2,False,False,False,2009-08-28,2019.0,1
sz002286,保龄宝,C13农副食品加工业,SZ,2020-06-30,2020-07-24,8.1,17.17,1.1197530864197534,20,24,4526135.5600000005,5363646102.0,268182305.1,False,False,False,2009-08-28,3959.0,1
sz002287,奇正藏药,C27医药制造业,SZ,2020-07-17,2020-08-03,20.41,41.12,1.0146986771190591,20,17,1374442.26,3840760680.0,192038034.0,False,False,False,2009-08-28,3976.0,1
sz002289,宇顺电子,C39计算机、通信和其他电子设备制造业,SZ,2010-10-25,2010-11-22,24.75,51.23,1.0698989898989897,20,28,902868.03,3157834964.0,157891748.2,False,False,False,2009-09-03,417.0,1
sz002290,禾盛新材,C38电气机械和器材制造业,SZ,2015-05-18,2015-06-12,16.61,64.13,2.8609271523178808,20,25,2020817.39,9281114492.0,464055724.6,False,False,False,2009-09-03,2083.0,1
sz002291,遥望科技,I64互联网和相关服务,SZ,2015-05-15,2015-06-10,12.15,24.9,1.0493827160493825,20,26,2636949.51,4655218120.0,232760906.0,False,False,False,2009-09-03,2080.0,1
sz002292,奥飞娱乐,C24文教、工美、体育和娱乐用品制造业,SZ,2015-04-16,2015-05-13,40.68,82.5,1.028023598820059,20,27,2377806.65,13107117200.0,655355860.0,False,False,False,2009-09-10,2044.0,1
sz002297,博云新材,C33金属制品业,SZ,2026-03-24,2026-04-21,10.18,20.91,1.0540275049115913,20,28,8228318.69,13182499118.0,659124955.9,False,False,False,2009-09-29,6020.0,1
sz002298,中电鑫龙,C38电气机械和器材制造业,SZ,2015-04-10,2015-04-23,9.87,23.31,1.3617021276595747,20,13,3874777.4199999995,7855542930.0,392777146.5,False,False,False,2009-09-29,2019.0,1
sz002300,太阳电缆,C38电气机械和器材制造业,SZ,2016-12-13,2017-01-10,8.01,16.23,1.0262172284644198,20,28,4956435.909999999,6315510053.0,315775502.65,False,False,False,2009-10-21,2610.0,1
sz002301,齐心集团,C24文教、工美、体育和娱乐用品制造业,SZ,2015-05-07,2015-06-03,17.35,35.38,1.0391930835734868,20,27,2638747.84,6744729240.0,337236462.0,False,False,False,2009-10-21,2024.0,1
sz002302,西部建设,C30非金属矿物制品业,SZ,2017-03-07,2017-03-30,10.77,22.1,1.0519962859795733,20,23,11649101.560000002,18066918046.0,903345902.3,False,False,False,2009-11-03,2681.0,1
sz002305,*ST南置,K70房地产业,SZ,2022-03-16,2022-04-06,1.85,3.88,1.0972972972972972,20,21,23386851.07,6122643541.0,306132177.05,True,False,False,2009-11-06,4513.0,1
sz002307,北新路桥,E48土木工程建筑业,SZ,2009-11-12,2009-12-03,15.05,31.85,1.116279069767442,20,21,2590278.0900000003,5698597360.0,284929868.0,False,True,False,2009-11-11,1.0,1
sz002310,东方新能,D44电力、热力生产和供应业,SZ,2024-10-21,2024-11-13,1.31,2.63,1.0076335877862594,20,23,17417519.84,3214926303.0,160746315.15,False,False,False,2009-11-27,5442.0,1
sz002312,川发龙蟒,C26化学原料和化学制品制造业,SZ,2015-04-24,2015-05-22,41.75,85.31,1.0433532934131735,20,28,3450365.2299999995,19647080512.0,982354025.6,False,False,False,2009-12-03,1968.0,1
sz002313,日海智能,C39计算机、通信和其他电子设备制造业,SZ,2024-02-08,2024-02-27,4.64,9.42,1.0301724137931036,20,19,3136437.36,2255534403.0,112776720.15,False,False,False,2009-12-03,5180.0,1
sz002314,南山控股,K70房地产业,SZ,2015-05-07,2015-06-03,8.28,17.4,1.1014492753623188,20,27,5041479.83,5999638408.0,299981920.4,False,False,False,2009-12-03,1981.0,1
sz002315,焦点科技,I64互联网和相关服务,SZ,2023-04-11,2023-05-08,20.94,45.39,1.1676217765042978,20,27,6233239.54,17877679952.0,893883997.6,False,False,False,2009-12-09,4871.0,1
sz002316,亚联发展,I65软件和信息技术服务业,SZ,2021-12-31,2022-01-21,4.58,9.21,1.0109170305676858,20,21,14133348.450000001,8819419779.0,440970988.95,False,False,False,2009-12-09,4405.0,1
sz002317,众生药业,C27医药制造业,SZ,2022-09-30,2022-11-02,12.53,25.23,1.0135674381484439,20,33,5764070.420000001,10478628715.0,523931435.75,False,False,False,2009-12-11,4676.0,1
sz002319,乐通股份,C26化学原料和化学制品制造业,SZ,2015-05-29,2015-06-16,11.4,35.78,2.1385964912280704,20,18,2195547.0500000003,6815960388.0,340798019.4,False,False,False,2009-12-11,1995.0,1
sz002320,海峡股份,G55水上运输业,SZ,2015-05-18,2015-06-12,17.25,37.11,1.1513043478260867,20,25,2957137.27,7897642864.0,394882143.2,False,False,False,2009-12-16,1979.0,1
sz002323,*ST雅博,E50建筑装饰、装修和其他建筑业,SZ,2015-07-09,2015-07-22,16.5,37.5,1.272727272727273,20,13,667301.18,1831273497.0,91563674.85,True,False,False,2009-12-18,2029.0,1
sz002324,普利特,C29橡胶和塑料制品业,SZ,2025-12-17,2026-01-09,11.97,25.66,1.143692564745196,20,23,7904927.9399999995,14838018249.0,741900912.45,False,False,False,2009-12-18,5843.0,1
sz002326,永太科技,C26化学原料和化学制品制造业,SZ,2015-03-12,2015-04-02,24.62,51.22,1.0804224207961006,20,21,2014461.1700000004,7193551234.0,359677561.7,False,False,False,2009-12-22,1906.0,1
sz002328,新朋股份,C36汽车制造业,SZ,2020-02-04,2020-02-18,3.43,7.41,1.1603498542274053,20,14,6368890.069999999,3096736197.0,154836809.85,False,False,False,2009-12-30,3688.0,1
sz002330,得利斯,C13农副食品加工业,SZ,2015-07-16,2015-08-10,7.5,15.27,1.036,20,25,3148142.79,3604886630.0,180244331.5,False,False,False,2010-01-06,2017.0,1
sz002331,皖通科技,I65软件和信息技术服务业,SZ,2015-04-20,2015-05-15,17.26,37.02,1.144843568945539,20,25,4372425.720000001,11219553552.0,560977677.6,False,False,False,2010-01-06,1930.0,1
sz002333,罗普斯金,C32有色金属冶炼和压延加工业,SZ,2019-02-01,2019-03-06,4.23,8.72,1.061465721040189,20,33,3991815.9,2415566699.0,120778334.95,False,False,False,2010-01-12,3307.0,1
sz002335,科华数据,C38电气机械和器材制造业,SZ,2021-07-28,2021-08-12,20.8,41.93,1.0158653846153847,20,15,6761755.380000001,20458585165.0,1022929258.25,False,False,False,2010-01-13,4214.0,1
sz002337,赛象科技,C35专用设备制造业,SZ,2014-12-24,2015-01-14,19.08,38.49,1.017295597484277,20,21,2334858.21,6814473861.0,340723693.05,False,False,False,2010-01-15,1804.0,1
sz002338,奥普光电,C40仪器仪表制造业,SZ,2015-05-07,2015-06-02,52.8,109.31,1.0702651515151516,20,26,584043.5199999999,4390169376.0,219508468.8,False,False,False,2010-01-15,1938.0,1
sz002340,格林美,C42废弃资源综合利用业,SZ,2020-12-14,2021-01-11,4.95,10.07,1.0343434343434343,20,28,109970817.11,77784668201.0,3889233410.05,False,False,False,2010-01-22,3979.0,1
sz002342,巨力索具,C33金属制品业,SZ,2025-03-05,2025-03-21,3.1,6.55,1.1129032258064515,20,16,12047489.03,6180131413.0,309006570.65,False,False,False,2010-01-26,5517.0,1
sz002343,慈文传媒,R87广播、电视、电影和录音制作业,SZ,2015-07-09,2015-07-21,16.88,37.03,1.1937203791469195,20,12,2802225.23,7080608096.0,354030404.8,False,False,False,2010-01-26,1990.0,1
sz002345,潮宏基,C24文教、工美、体育和娱乐用品制造业,SZ,2025-05-13,2025-06-05,9.01,18.18,1.0177580466148726,20,23,10953617.55,13716095579.0,685804778.95,False,False,False,2010-01-28,5584.0,1
sz002346,柘中股份,C38电气机械和器材制造业,SZ,2016-12-13,2016-12-30,18.83,40.1,1.1295804567180037,20,17,3880609.97,10326959267.0,516347963.35,False,False,False,2010-01-28,2511.0,1
sz002347,泰尔股份,C34通用设备制造业,SZ,2015-05-08,2015-06-04,16.5,34.7,1.103030303030303,20,27,2185561.62,5398339312.0,269916965.6,False,False,False,2010-01-28,1926.0,1
sz002348,高乐股份,C24文教、工美、体育和娱乐用品制造业,SZ,2015-05-07,2015-06-03,13.35,27.3,1.0449438202247192,20,27,4011906.7699999996,7901890016.0,395094500.8,False,False,False,2010-02-03,1919.0,1
sz002349,精华制药,C27医药制造业,SZ,2015-05-25,2015-06-05,40.59,91.8,1.2616407982261637,20,11,725820.09,5061030714.0,253051535.7,False,False,False,2010-02-03,1937.0,1
sz002350,北京科锐,C38电气机械和器材制造业,SZ,2017-05-03,2017-06-08,16.7,34.11,1.0425149700598801,20,36,5708922.41,16477444726.0,823872236.3,False,False,False,2010-02-03,2646.0,1
sz002351,漫步者,C39计算机、通信和其他电子设备制造业,SZ,2015-05-07,2015-06-03,24.0,52.1,1.1708333333333334,20,27,1583689.57,5755730008.0,287786500.4,False,False,False,2010-02-05,1917.0,1
sz002352,顺丰控股,G60邮政业,SZ,2016-05-31,2016-06-16,15.16,32.52,1.1451187335092352,20,16,180658.67000000004,465766600.0,23288330.0,False,False,False,2010-02-05,2307.0,1
sz002354,天娱数科,I64互联网和相关服务,SZ,2014-01-14,2014-02-12,17.35,55.23,2.1832853025936596,20,29,755824.09,3801455412.0,190072770.6,False,False,False,2010-02-09,1435.0,1
sz002355,兴民智通,C36汽车制造业,SZ,2015-05-07,2015-06-08,8.05,16.1,1.0,20,32,3449683.94,3343196188.0,167159809.4,False,False,False,2010-02-09,1913.0,1
sz002356,鹏飞绿能,F52零售业,SZ,2015-02-26,2015-04-03,40.0,84.56,1.1139999999999999,20,36,344765.58999999997,2180878003.0,109043900.15,False,False,False,2010-02-09,1843.0,1
sz002361,神剑股份,C26化学原料和化学制品制造业,SZ,2015-05-12,2015-06-03,9.14,34.69,2.795404814004376,20,22,2064298.3199999998,6428743241.0,321437162.05,False,False,False,2010-03-03,1896.0,1
sz002362,汉王科技,C39计算机、通信和其他电子设备制造业,SZ,2015-09-21,2015-10-23,15.71,32.3,1.0560152768936981,20,32,2678228.3,6170503392.0,308525169.6,False,False,False,2010-03-03,2028.0,1
sz002363,隆基机械,C36汽车制造业,SZ,2015-02-25,2015-03-24,18.7,40.0,1.1390374331550803,20,27,1827879.19,4885726936.0,244286346.8,False,False,False,2010-03-05,1818.0,1
sz002364,中恒电气,C38电气机械和器材制造业,SZ,2015-02-27,2015-04-20,25.7,51.98,1.022568093385214,20,52,1484616.7299999997,5499633650.0,274981682.5,False,False,False,2010-03-05,1820.0,1
sz002365,永安药业,C27医药制造业,SZ,2015-05-07,2015-06-01,16.2,32.68,1.017283950617284,20,25,2044469.53,4667749292.0,233387464.6,False,False,False,2010-03-05,1889.0,1
sz002366,融发核电,C35专用设备制造业,SZ,2014-06-23,2014-07-15,11.01,30.26,1.7484105358764763,20,22,2581421.0900000003,6808784219.0,340439210.95,False,False,False,2010-03-12,1564.0,1
sz002369,卓翼科技,C39计算机、通信和其他电子设备制造业,SZ,2024-02-08,2024-03-05,2.59,5.54,1.1389961389961392,20,26,7701990.06,3164023265.0,158201163.25,False,False,False,2010-03-16,5077.0,1
sz002370,亚太药业,C27医药制造业,SZ,2021-12-17,2022-01-13,4.05,8.47,1.0913580246913583,20,27,6270003.41,3889111115.0,194455555.75,False,False,False,2010-03-16,4294.0,1
sz002374,中锐股份,C33金属制品业,SZ,2021-11-23,2021-12-13,2.56,5.43,1.12109375,20,20,16580874.46,6875745294.0,343787264.7,False,False,False,2010-03-18,4268.0,1
sz002378,章源钨业,C32有色金属冶炼和压延加工业,SZ,2021-02-08,2021-03-04,4.58,9.45,1.0633187772925763,20,24,11514229.21,8354003149.0,417700157.45,False,False,False,2010-03-31,3967.0,1
sz002380,科远智慧,I65软件和信息技术服务业,SZ,2015-04-24,2015-05-20,41.5,83.31,1.0074698795180725,20,26,669211.51,3582819816.0,179140990.8,False,False,False,2010-03-31,1850.0,1
sz002385,大北农,C13农副食品加工业,SZ,2019-12-13,2020-01-08,3.99,8.02,1.0100250626566414,20,26,9937029.18,5209665314.0,260483265.7,False,False,False,2010-04-09,3535.0,1
sz002387,维信诺,C39计算机、通信和其他电子设备制造业,SZ,2015-09-21,2015-11-20,8.91,18.88,1.1189674523007853,20,60,5613787.319999998,8645913605.0,432295680.25,False,False,False,2010-04-13,1987.0,1
sz002388,新亚制程,C39计算机、通信和其他电子设备制造业,SZ,2024-08-13,2024-09-06,2.98,6.2,1.0805369127516777,20,24,10365661.87,4416095103.0,220804755.15,False,False,False,2010-04-13,5236.0,1
sz002389,航天彩虹,C37铁路、船舶、航空航天和其他运输设备制造业,SZ,2016-11-24,2016-12-12,14.25,28.59,1.006315789473684,20,18,8244159.800000001,21372907231.0,1068645361.55,False,False,False,2010-04-13,2417.0,1
sz002395,双象股份,C29橡胶和塑料制品业,SZ,2015-07-07,2015-08-20,12.08,26.1,1.1605960264900665,20,44,1569832.4400000002,3268088655.0,163404432.75,False,False,False,2010-04-29,1895.0,1
sz002396,星网锐捷,C39计算机、通信和其他电子设备制造业,SZ,2026-06-29,2026-07-22,16.88,34.77,1.0598341232227493,20,23,22764482.8,64605376801.0,3230268840.05,False,False,False,2010-06-23,5850.0,1
sz002397,梦洁股份,C17纺织业,SZ,2020-04-28,2020-05-19,4.1,8.5,1.0731707317073171,20,21,1154597.18,616517781.0,30825889.05,False,False,False,2010-04-29,3652.0,1
sz002400,省广集团,L72商务服务业,SZ,2020-03-30,2020-04-22,2.79,5.8,1.0788530465949822,20,23,33916832.92,14567957689.0,728397884.45,False,False,False,2010-05-06,3616.0,1
sz002402,和而泰,C39计算机、通信和其他电子设备制造业,SZ,2015-05-08,2015-06-02,19.8,42.0,1.121212121212121,20,25,2486164.75,8180397952.0,409019897.6,False,False,False,2010-05-11,1823.0,1
sz002403,爱仕达,C33金属制品业,SZ,2024-02-08,2024-03-01,4.96,9.93,1.002016129032258,20,22,4263708.57,3306771099.0,165338554.95,False,False,False,2010-05-11,5021.0,1
sz002405,四维图新,I65软件和信息技术服务业,SZ,2015-07-09,2015-07-27,23.0,46.37,1.0160869565217392,20,18,10227924.5,34521138560.0,1726056928.0,False,False,False,2010-05-18,1878.0,1
sz002407,多氟多,C26化学原料和化学制品制造业,SZ,2015-07-07,2015-08-14,17.06,34.97,1.0498241500586167,20,38,6441914.0,17562073447.0,878103672.35,False,False,False,2010-05-18,1876.0,1
sz002408,齐翔腾达,C26化学原料和化学制品制造业,SZ,2016-10-21,2016-12-01,6.25,12.53,1.0048,20,41,20065218.01,19916675329.0,995833766.45,False,False,False,2010-05-18,2348.0,1
sz002409,雅克科技,C26化学原料和化学制品制造业,SZ,2026-06-02,2026-06-29,103.4,207.46,1.0063829787234044,20,27,6938344.37,99167931051.0,4958396552.55,False,False,False,2010-05-25,5852.0,1
sz002412,汉森制药,C27医药制造业,SZ,2026-07-31,2026-08-26,6.51,13.56,1.0829493087557607,20,26,8435549.48,7867581596.0,393379079.8,False,False,False,2010-05-25,5911.0,1
sz002413,雷科防务,C39计算机、通信和其他电子设备制造业,SZ,2014-10-31,2014-11-25,9.23,20.65,1.23726977248104,20,25,1857878.69,3545445057.0,177272252.85,False,False,False,2010-05-28,1617.0,1
sz002414,高德红外,C39计算机、通信和其他电子设备制造业,SZ,2020-01-02,2020-02-06,20.91,42.47,1.031085604973697,20,35,4006045.599999999,12146358985.0,607317949.25,False,False,False,2010-07-16,3457.0,1
sz002416,爱施德,F51批发业,SZ,2015-11-02,2015-11-24,10.17,20.58,1.023598820058997,20,22,5570648.19,8187099912.0,409354995.6,False,False,False,2010-05-28,1984.0,1
sz002421,达实智能,I65软件和信息技术服务业,SZ,2026-05-15,2026-06-09,2.9,6.16,1.124137931034483,20,25,109202798.84000002,50995342183.0,2549767109.15,False,False,False,2010-06-03,5825.0,1
sz002423,中粮资本,J68保险业,SZ,2024-09-18,2024-10-09,7.06,14.38,1.0368271954674224,20,21,10867564.91,11967650446.0,598382522.3,False,False,False,2010-06-03,5221.0,1
sz002424,ST百灵,C27医药制造业,SZ,2015-07-08,2015-07-17,38.05,82.0,1.1550591327201052,20,9,2280822.63,13987926582.0,699396329.1,True,False,False,2010-06-03,1861.0,1
sz002425,凯撒文化,I64互联网和相关服务,SZ,2020-05-25,2020-06-15,5.2,11.28,1.169230769230769,20,21,11251299.94,8090219806.0,404510990.3,False,False,False,2010-06-08,3639.0,1
sz002427,尤夫股份,C28化学纤维制造业,SZ,2015-05-07,2015-05-28,12.0,25.78,1.1483333333333334,20,21,1978879.8399999999,3358054212.0,167902710.6,False,False,False,2010-06-08,1794.0,1
sz002428,云南锗业,C32有色金属冶炼和压延加工业,SZ,2024-10-11,2024-11-06,13.0,28.34,1.1800000000000002,20,26,15864879.11,29992677807.0,1499633890.35,False,False,False,2010-06-08,5239.0,1
sz002431,ST棕榈,E48土木工程建筑业,SZ,2022-04-28,2022-05-17,2.49,5.14,1.0642570281124497,20,19,16695722.069999998,6719214515.0,335960725.75,True,False,False,2010-06-10,4340.0,1
sz002432,九安医疗,C35专用设备制造业,SZ,2014-01-27,2014-02-25,13.3,27.49,1.0669172932330824,20,29,4476129.399999999,8182215168.0,409110758.4,False,False,False,2010-06-10,1327.0,1
sz002436,兴森科技,C39计算机、通信和其他电子设备制造业,SZ,2020-02-04,2020-02-25,8.48,17.96,1.1179245283018866,20,21,27675027.07,33744761512.0,1687238075.6,False,False,False,2010-06-18,3518.0,1
sz002437,誉衡药业,C27医药制造业,SZ,2019-02-14,2019-03-13,3.0,6.07,1.0233333333333334,20,27,13506226.77,5875752474.0,293787623.7,False,False,False,2010-06-23,3158.0,1
sz002440,闰土股份,C26化学原料和化学制品制造业,SZ,2026-01-14,2026-02-10,7.56,15.6,1.0634920634920637,20,27,19688561.71,22751953064.0,1137597653.2,False,False,False,2010-07-06,5671.0,1
sz002446,盛路通信,C39计算机、通信和其他电子设备制造业,SZ,2014-01-28,2014-03-06,11.9,24.44,1.0537815126050423,20,37,1245091.17,2669130190.0,133456509.5,False,False,False,2010-07-13,1295.0,1
sz002451,摩恩电气,C38电气机械和器材制造业,SZ,2015-05-07,2015-05-25,10.9,22.22,1.0385321100917428,20,18,2269893.9,3576098016.0,178804900.8,False,False,False,2010-07-20,1752.0,1
sz002453,华软科技,C26化学原料和化学制品制造业,SZ,2015-12-02,2015-12-23,6.37,13.67,1.1459968602825743,20,21,8842401.760000002,10085809067.0,504290453.35,False,False,False,2010-07-20,1961.0,1
sz002454,松芝股份,C36汽车制造业,SZ,2022-05-30,2022-06-27,5.78,12.07,1.0882352941176472,20,28,1571614.0299999998,1116552009.0,55827600.45,False,False,False,2010-07-20,4332.0,1
sz002455,百川股份,C26化学原料和化学制品制造业,SZ,2021-07-02,2021-07-29,7.21,14.93,1.0707350901525658,20,27,14893200.870000001,15592066141.0,779603307.05,False,False,False,2010-08-03,3986.0,1
sz002456,欧菲光,C39计算机、通信和其他电子设备制造业,SZ,2023-09-21,2023-10-18,5.74,11.55,1.0121951219512195,20,27,47407482.58,45156925707.0,2257846285.35,False,False,False,2010-08-03,4797.0,1
sz002457,青龙管业,C30非金属矿物制品业,SZ,2017-03-31,2017-04-14,10.7,21.55,1.0140186915887854,20,14,5239429.91,8975782485.0,448789124.25,False,False,False,2010-08-03,2432.0,1
sz002458,益生股份,A03畜牧业,SZ,2019-01-21,2019-02-22,15.23,31.31,1.0558108995403805,20,32,2390086.47,5053474152.0,252673707.6,False,False,False,2010-08-10,3086.0,1
sz002461,珠江啤酒,C15酒、饮料和精制茶制造业,SZ,2010-08-18,2010-09-14,13.61,28.84,1.1190301249081558,20,27,4213728.38,8663716944.0,433185847.2,False,True,False,2010-08-18,0.0,1
sz002462,嘉事堂,F51批发业,SZ,2015-05-08,2015-06-04,40.43,86.0,1.1271333168439277,20,27,1477422.09,8316815656.0,415840782.8,False,False,False,2010-08-18,1724.0,1
sz002465,海格通信,C39计算机、通信和其他电子设备制造业,SZ,2025-12-17,2026-01-14,12.58,26.62,1.1160572337042924,20,28,55846914.81999999,105372482872.0,5268624143.6,False,False,False,2010-08-31,5587.0,1
sz002466,天齐锂业,C32有色金属冶炼和压延加工业,SZ,2015-10-22,2015-11-10,62.26,131.6,1.113716672020559,20,19,2316004.2,19629001024.0,981450051.2,False,False,False,2010-08-31,1878.0,1
sz002467,二六三,I64互联网和相关服务,SZ,2024-02-06,2024-02-26,2.57,5.61,1.1828793774319069,20,20,9769713.469999999,4310540289.0,215527014.45,False,False,False,2010-09-08,4899.0,1
sz002468,申通快递,G60邮政业,SZ,2015-12-14,2016-01-05,15.08,47.34,2.1392572944297084,20,22,2285120.38,9344156296.0,467207814.8,False,False,False,2010-09-08,1923.0,1
sz002469,三维化学,C26化学原料和化学制品制造业,SZ,2010-10-18,2010-11-11,40.03,81.2,1.0284786410192357,20,24,359149.50000000006,2094205874.0,104710293.7,False,True,False,2010-09-08,40.0,1
sz002471,中超控股,C38电气机械和器材制造业,SZ,2015-04-13,2015-06-12,19.7,47.66,1.419289340101523,20,60,6108733.240000001,23908108189.0,1195405409.45,False,False,False,2010-09-10,1676.0,1
sz002472,双环传动,C36汽车制造业,SZ,2015-05-29,2015-06-12,23.2,48.0,1.0689655172413794,20,14,2857584.3600000003,8748527680.0,437426384.0,False,False,False,2010-09-10,1722.0,1
sz002476,新叶股份,C26化学原料和化学制品制造业,SZ,2012-08-14,2012-09-06,5.61,11.29,1.012477718360071,20,23,7668946.799999999,7163738960.0,358186948.0,False,False,False,2010-09-15,699.0,1
sz002480,新筑股份,C34通用设备制造业,SZ,2020-03-27,2020-04-24,4.13,8.47,1.050847457627119,20,28,5541293.47,3347552609.0,167377630.45,False,False,False,2010-09-21,3475.0,1
sz002481,双塔食品,C14食品制造业,SZ,2019-04-29,2019-05-16,3.86,7.82,1.0259067357512954,20,17,14303143.4,8846417578.0,442320878.9,False,False,False,2010-09-21,3142.0,1
sz002483,润邦股份,C34通用设备制造业,SZ,2020-02-04,2020-02-18,3.71,7.63,1.0566037735849059,20,14,8177635.78,4570001080.0,228500054.0,False,False,False,2010-09-29,3415.0,1
sz002484,江海股份,C39计算机、通信和其他电子设备制造业,SZ,2026-04-29,2026-05-28,36.4,74.07,1.0348901098901098,20,29,10063761.72,49739778933.0,2486988946.65,False,False,False,2010-09-29,5691.0,1
sz002486,嘉麟杰,C18纺织服装、服饰业,SZ,2016-09-12,2016-11-08,5.72,11.59,1.0262237762237763,20,57,9662162.969999999,8247294213.0,412364710.65,False,False,False,2010-10-15,2159.0,1
sz002487,大金重工,C33金属制品业,SZ,2015-09-16,2015-10-20,5.84,12.62,1.160958904109589,20,34,3821891.4000000004,3334895360.0,166744768.0,False,False,False,2010-10-15,1797.0,1
sz002488,金固股份,C36汽车制造业,SZ,2015-02-26,2015-03-23,28.84,58.94,1.0436893203883493,20,25,1036463.48,3821435296.0,191071764.8,False,False,False,2010-10-21,1589.0,1
sz002489,浙江永强,C21家具制造业,SZ,2015-11-03,2015-11-23,7.0,14.45,1.064285714285714,20,20,37269005.64,36403722720.0,1820186136.0,False,False,False,2010-10-21,1839.0,1
sz002490,山东墨龙,C35专用设备制造业,SZ,2012-08-01,2012-08-22,6.31,13.09,1.0744849445324882,20,21,6236685.499999999,6253876814.0,312693840.7,False,False,False,2010-10-21,650.0,1
sz002491,通鼎互联,C38电气机械和器材制造业,SZ,2015-04-28,2015-05-19,20.74,78.76,2.7974927675988432,20,21,5399848.039999999,20890780875.0,1044539043.75,False,False,False,2010-10-21,1650.0,1
sz002494,华斯股份,C19皮革、毛皮、羽毛及其制品和制鞋业,SZ,2015-04-16,2015-05-28,12.47,29.7,1.3817161186848432,20,42,8020686.609999999,15287131344.0,764356567.2,False,False,False,2010-11-02,1626.0,1
sz002500,山西证券,J67资本市场服务,SZ,2014-11-11,2014-12-08,8.8,18.2,1.068181818181818,20,27,23507979.799999997,28890447936.0,1444522396.8,False,False,False,2010-11-15,1457.0,1
sz002506,协鑫集成,C38电气机械和器材制造业,SZ,2015-09-21,2015-10-23,5.87,11.76,1.0034071550255534,20,32,27487269.889999997,20757024572.0,1037851228.6,False,False,False,2010-11-18,1768.0,1
sz002510,天汽模,C36汽车制造业,SZ,2024-10-17,2024-11-12,4.04,8.15,1.0173267326732676,20,26,18139359.130000003,10679587732.0,533979386.6,False,False,False,2010-11-25,5075.0,1
sz002512,ST达华,C39计算机、通信和其他电子设备制造业,SZ,2015-06-08,2015-06-18,22.32,47.86,1.1442652329749103,20,10,1217267.54,4542389921.0,227119496.05,True,False,False,2010-12-03,1648.0,1
sz002513,蓝丰生化,C38电气机械和器材制造业,SZ,2015-05-15,2015-06-02,13.32,33.59,1.521771771771772,20,18,1996123.41,5943421674.0,297171083.7,False,False,False,2010-12-03,1624.0,1
sz002514,*ST宝馨,C33金属制品业,SZ,2022-06-02,2022-06-30,4.68,9.64,1.05982905982906,20,28,13834322.59,9579066880.0,478953344.0,True,False,False,2010-12-03,4199.0,1
sz002517,恺英网络,I64互联网和相关服务,SZ,2015-04-17,2015-05-14,15.85,60.28,2.8031545741324924,20,27,1213961.66,6111337427.0,305566871.35,False,False,False,2010-12-07,1592.0,1
sz002518,科士达,C38电气机械和器材制造业,SZ,2021-07-06,2021-08-02,15.32,31.06,1.027415143603133,20,27,6362108.050000001,14159676053.0,707983802.65,False,False,False,2010-12-07,3864.0,1
sz002519,银河电子,C39计算机、通信和其他电子设备制造业,SZ,2019-02-11,2019-03-08,3.22,6.46,1.0062111801242235,20,25,6595632.77,3015525152.0,150776257.6,False,False,False,2010-12-07,2988.0,1
sz002520,日发精机,C34通用设备制造业,SZ,2024-11-18,2024-12-09,4.77,9.68,1.0293501048218032,20,21,9853818.96,6779532797.0,338976639.85,False,False,False,2010-12-10,5092.0,1
sz002524,光正眼科,Q84卫生,SZ,2019-09-11,2019-10-15,6.66,13.41,1.0135135135135136,20,34,6154583.249999999,5510692944.0,275534647.2,False,False,False,2010-12-17,3190.0,1
sz002526,山东矿机,C35专用设备制造业,SZ,2019-01-31,2019-03-06,1.83,3.69,1.0163934426229506,20,34,21680615.96,5905465737.0,295273286.85,False,False,False,2010-12-17,2967.0,1
sz002527,新时达,C34通用设备制造业,SZ,2025-01-13,2025-02-24,8.33,18.0,1.1608643457382954,20,42,5144662.7700000005,5108139865.0,255406993.25,False,False,False,2010-12-24,5134.0,1
sz002528,*ST英飞,C39计算机、通信和其他电子设备制造业,SZ,2013-11-11,2013-11-22,10.46,21.25,1.0315487571701718,20,11,1537048.4699999997,2672506964.0,133625348.2,True,False,False,2010-12-24,1053.0,1
sz002529,海源复材,C34通用设备制造业,SZ,2020-02-14,2020-03-10,5.04,10.11,1.005952380952381,20,25,1704710.52,1088049344.0,54402467.2,False,False,False,2010-12-24,3339.0,1
sz002530,金财互联,C33金属制品业,SZ,2021-12-27,2022-01-21,6.04,12.98,1.1490066225165565,20,25,7675330.99,6997096640.0,349854832.0,False,False,False,2010-12-31,4014.0,1
sz002532,天山铝业,C32有色金属冶炼和压延加工业,SZ,2021-01-29,2021-02-23,6.45,13.45,1.085271317829457,20,25,7265609.01,7201968019.0,360098400.95,False,False,False,2010-12-31,3682.0,1
sz002535,林州重机,C35专用设备制造业,SZ,2023-06-07,2023-07-06,2.88,6.13,1.1284722222222223,20,29,10947145.51,4645850638.0,232292531.9,False,False,False,2011-01-11,4530.0,1
sz002536,飞龙股份,C36汽车制造业,SZ,2015-10-29,2015-11-25,34.05,71.21,1.0913362701908955,20,27,893134.2899999999,4044885128.0,202244256.4,False,False,False,2011-01-11,1752.0,1
sz002537,海联金汇,C36汽车制造业,SZ,2025-04-09,2025-04-25,4.87,9.74,1.0,20,16,17918195.310000002,13595996597.0,679799829.85,False,False,False,2011-01-10,5203.0,1
sz002539,云图控股,C26化学原料和化学制品制造业,SZ,2021-08-19,2021-09-14,9.5,20.16,1.122105263157895,20,26,11728433.64,16942273632.0,847113681.6,False,False,False,2011-01-18,3866.0,1
sz002540,亚太科技,C32有色金属冶炼和压延加工业,SZ,2015-03-05,2015-04-01,19.77,40.26,1.0364188163884673,20,27,4884757.3100000005,13865794976.0,693289748.8,False,False,False,2011-01-18,1507.0,1
sz002542,*ST中岩,E48土木工程建筑业,SZ,2015-07-08,2015-07-21,7.66,16.2,1.1148825065274148,20,13,3774100.9299999997,4625832400.0,231291620.0,True,False,False,2011-01-28,1622.0,1
sz002544,普天科技,I65软件和信息技术服务业,SZ,2015-07-09,2015-07-24,18.31,38.96,1.127799016930639,20,15,2904279.72,8265556388.0,413277819.4,False,False,False,2011-01-28,1623.0,1
sz002546,新联电子,C40仪器仪表制造业,SZ,2015-05-07,2015-06-02,18.6,38.88,1.0903225806451613,20,26,2280034.17,6096359392.0,304817969.6,False,False,False,2011-02-11,1546.0,1
sz002547,*ST春兴,C33金属制品业,SZ,2019-03-27,2019-04-23,7.27,14.89,1.0481430536451173,20,27,25042760.630000003,25942137029.0,1297106851.45,True,False,False,2011-02-18,2959.0,1
sz002548,金新农,C13农副食品加工业,SZ,2015-05-12,2015-05-28,11.92,30.78,1.5822147651006713,20,16,3652435.7099999995,9341866034.0,467093301.7,False,False,False,2011-02-18,1544.0,1
sz002549,凯美特气,N77生态保护和环境治理业,SZ,2025-03-24,2025-04-08,5.96,12.23,1.052013422818792,20,15,12019496.560000002,11799049663.0,589952483.15,False,False,False,2011-02-18,5148.0,1
sz002551,尚荣医疗,C35专用设备制造业,SZ,2020-01-06,2020-02-10,4.59,9.36,1.0392156862745097,20,35,3339004.6799999997,2236153613.0,111807680.65,False,False,False,2011-02-25,3237.0,1
sz002552,宝鼎科技,C39计算机、通信和其他电子设备制造业,SZ,2019-08-26,2019-09-26,8.0,16.86,1.1075,20,31,1553088.01,1743679093.0,87183954.65,False,False,False,2011-02-25,3104.0,1
sz002553,南方精工,C36汽车制造业,SZ,2022-07-25,2022-08-18,10.77,22.1,1.0519962859795733,20,24,10563192.069999998,16986662618.0,849333130.9,False,False,False,2011-02-25,4168.0,1
sz002555,三七互娱,I64互联网和相关服务,SZ,2013-10-10,2013-11-18,11.65,26.73,1.294420600858369,20,39,1258917.8900000001,3051301569.0,152565078.45,False,False,False,2011-03-02,953.0,1
sz002556,辉隆股份,F52零售业,SZ,2013-08-29,2013-09-26,5.92,12.36,1.0878378378378377,20,28,14840655.92,14787373472.0,739368673.6,False,False,False,2011-03-02,911.0,1
sz002558,巨人网络,I64互联网和相关服务,SZ,2015-11-11,2015-12-08,34.82,212.94,5.1154508902929345,20,27,126633.12000000001,2514456731.0,125722836.55,False,False,False,2011-03-02,1715.0,1
sz002561,徐家汇,F52零售业,SZ,2022-04-22,2022-05-11,7.52,15.81,1.102393617021277,20,19,10367448.39,11641691658.0,582084582.9,False,False,False,2011-03-03,4068.0,1
sz002565,顺灏股份,C22造纸和纸制品业,SZ,2018-12-27,2019-01-25,3.7,8.11,1.1918918918918915,20,29,1846097.89,1339512099.0,66975604.95,False,False,False,2011-03-18,2841.0,1
sz002567,唐人神,C13农副食品加工业,SZ,2015-07-07,2015-07-28,7.43,14.92,1.0080753701211305,20,21,5470310.18,6650207931.0,332510396.55,False,False,False,2011-03-25,1565.0,1
sz002568,百润股份,C15酒、饮料和精制茶制造业,SZ,2014-09-12,2014-10-08,19.89,41.96,1.1096028154851685,20,26,945644.1600000001,3388051035.0,169402551.75,False,False,False,2011-03-25,1267.0,1
sz002569,*ST步森,C18纺织服装、服饰业,SZ,2014-08-22,2014-09-23,12.46,26.74,1.1460674157303368,20,32,1243940.47,2587748585.0,129387429.25,True,False,False,2011-04-12,1228.0,1
sz002570,贝因美,C14食品制造业,SZ,2024-09-26,2024-10-30,2.72,5.56,1.0441176470588234,20,34,23517314.509999998,9453725609.0,472686280.45,False,False,False,2011-04-12,4916.0,1
sz002574,明牌珠宝,C24文教、工美、体育和娱乐用品制造业,SZ,2025-02-21,2025-03-19,4.62,9.35,1.0238095238095237,20,26,6407170.359999999,4690989270.0,234549463.5,False,False,False,2011-04-22,5054.0,1
sz002575,群兴玩具,F51批发业,SZ,2018-10-19,2018-11-07,2.85,5.73,1.0105263157894737,20,19,3207364.6999999993,1293623053.0,64681152.65,False,False,False,2011-04-22,2737.0,1
sz002576,通达动力,C38电气机械和器材制造业,SZ,2022-12-23,2023-01-13,11.2,23.51,1.099107142857143,20,21,2176740.2399999998,4067193813.0,203359690.65,False,False,False,2011-04-28,4257.0,1
sz002577,雷柏科技,C39计算机、通信和其他电子设备制造业,SZ,2013-12-20,2014-01-17,12.42,26.66,1.1465378421900163,20,28,3332621.7099999995,6318744594.0,315937229.7,False,False,False,2011-04-28,967.0,1
sz002579,中京电子,C39计算机、通信和其他电子设备制造业,SZ,2013-07-22,2013-08-16,5.07,10.59,1.088757396449704,20,25,6109278.9399999995,5144022514.0,257201125.7,False,False,False,2011-05-06,808.0,1
sz002580,圣阳股份,C38电气机械和器材制造业,SZ,2025-02-05,2025-02-28,8.45,16.9,1.0,20,23,9623757.78,11351236329.0,567561816.45,False,False,False,2011-05-06,5024.0,1
sz002581,*ST未名,C27医药制造业,SZ,2014-08-21,2014-09-15,18.32,42.95,1.3444323144104806,20,25,1589008.8000000003,6058052075.0,302902603.75,True,False,False,2011-05-20,1189.0,1
sz002583,海能达,C39计算机、通信和其他电子设备制造业,SZ,2024-09-18,2024-10-08,3.52,7.34,1.0852272727272725,20,20,22833195.490000002,13582702954.0,679135147.7,False,False,False,2011-05-27,4863.0,1
sz002584,西陇科学,C26化学原料和化学制品制造业,SZ,2015-04-28,2015-05-20,33.5,70.37,1.1005970149253734,20,22,868357.0599999999,4036544056.0,201827202.8,False,False,False,2011-06-02,1426.0,1
sz002590,万安科技,C36汽车制造业,SZ,2015-03-20,2015-04-17,17.62,36.05,1.0459704880817249,20,28,1061274.8199999998,2624906624.0,131245331.2,False,False,False,2011-06-10,1379.0,1
sz002591,恒大高新,C26化学原料和化学制品制造业,SZ,2022-07-05,2022-07-19,4.91,9.99,1.034623217922607,20,14,4786043.39,3456366432.0,172818321.6,False,False,False,2011-06-21,4032.0,1
sz002592,ST八菱,C36汽车制造业,SZ,2015-04-22,2015-05-20,24.1,50.09,1.078423236514523,20,28,1473964.9200000002,4674264300.0,233713215.0,True,False,False,2011-11-11,1258.0,1
sz002593,日上集团,C36汽车制造业,SZ,2024-11-18,2024-12-09,3.15,6.82,1.1650793650793654,20,21,12237235.110000001,5884281553.0,294214077.65,False,False,False,2011-06-28,4892.0,1
sz002596,海南瑞泽,C30非金属矿物制品业,SZ,2015-11-30,2015-12-17,22.15,45.0,1.0316027088036117,20,17,1860733.98,5858502096.0,292925104.8,False,False,False,2011-07-07,1607.0,1
sz002599,盛通股份,C23印刷和记录媒介复制业,SZ,2021-07-28,2021-08-19,3.48,7.34,1.1091954022988504,20,22,5908554.01,3037217054.0,151860852.7,False,False,False,2011-07-15,3666.0,1
sz002600,领益智造,C39计算机、通信和其他电子设备制造业,SZ,2019-01-29,2019-02-26,2.47,5.13,1.0769230769230766,20,28,30307272.14,12858130839.0,642906541.95,False,False,False,2011-07-15,2755.0,1
sz002602,世纪华通,I64互联网和相关服务,SZ,2014-01-22,2014-02-25,8.03,29.7,2.6986301369863015,20,34,1706586.62,4584313828.0,229215691.4,False,False,False,2011-07-28,909.0,1
sz002603,以岭药业,C27医药制造业,SZ,2020-03-18,2020-04-15,16.72,34.45,1.0604066985645937,20,28,19159413.63,43829329979.0,2191466498.95,False,False,False,2011-07-28,3156.0,1
sz002605,姚记科技,I64互联网和相关服务,SZ,2019-12-16,2020-01-13,16.82,34.55,1.0541022592152198,20,28,2203868.91,5129650117.0,256482505.85,False,False,False,2011-08-05,3055.0,1
sz002606,大连电瓷,C38电气机械和器材制造业,SZ,2020-02-14,2020-03-12,5.15,10.48,1.0349514563106794,20,27,4955054.01,3843414373.0,192170718.65,False,False,False,2011-08-05,3115.0,1
sz002607,中公教育,P83教育,SZ,2018-05-23,2018-06-13,4.47,15.11,2.3803131991051454,20,21,17346977.22,19736441969.0,986822098.45,False,False,False,2011-08-10,2478.0,1
sz002609,捷顺科技,I65软件和信息技术服务业,SZ,2015-04-29,2015-05-27,31.91,66.6,1.0871200250705106,20,28,2136155.0700000003,9459218112.0,472960905.6,False,False,False,2011-08-15,1353.0,1
sz002611,东方精工,C35专用设备制造业,SZ,2024-02-06,2024-02-29,3.59,7.27,1.0250696378830084,20,23,9150569.09,4754352580.0,237717629.0,False,False,False,2011-08-30,4543.0,1
sz002612,朗姿股份,C18纺织服装、服饰业,SZ,2015-04-09,2015-06-02,35.96,99.58,1.7691879866518354,20,54,786117.7100000001,5188948135.0,259447406.75,False,False,False,2011-08-30,1318.0,1
sz002613,北玻股份,C35专用设备制造业,SZ,2020-02-04,2020-02-19,2.25,4.62,1.0533333333333332,20,15,2369139.3599999994,748656502.0,37432825.1,False,False,False,2011-08-30,3080.0,1
sz002614,奥佳华,C38电气机械和器材制造业,SZ,2015-09-28,2015-10-30,9.12,19.91,1.1831140350877196,20,32,4633432.51,6747751164.0,337387558.2,False,False,False,2011-09-09,1480.0,1
sz002615,哈尔斯,C33金属制品业,SZ,2015-05-07,2015-05-22,15.02,30.85,1.0539280958721706,20,15,1640576.8299999996,3840103524.0,192005176.2,False,False,False,2011-09-09,1336.0,1
sz002617,露笑科技,C38电气机械和器材制造业,SZ,2015-05-15,2015-06-12,32.27,65.3,1.023551286024171,20,28,1850966.6900000002,8442865280.0,422143264.0,False,False,False,2011-09-20,1333.0,1
sz002620,*ST瑞和,E50建筑装饰、装修和其他建筑业,SZ,2015-05-08,2015-06-02,29.01,58.56,1.0186142709410548,20,25,776879.4000000001,3106019112.0,155300955.6,True,False,False,2011-09-29,1317.0,1
sz002622,皓宸医疗,Q84卫生,SZ,2021-04-29,2021-05-21,2.01,4.21,1.09452736318408,20,22,3591806.57,918875428.0,45943771.4,False,False,False,2011-10-18,3481.0,1
sz002623,亚玛顿,C30非金属矿物制品业,SZ,2019-12-10,2020-01-07,14.4,29.21,1.0284722222222222,20,28,1391178.8100000003,3124335446.0,156216772.3,False,False,False,2011-10-13,2980.0,1
sz002624,完美世界,I64互联网和相关服务,SZ,2014-09-01,2014-09-22,8.86,22.55,1.5451467268623027,20,21,1409034.94,2936993837.0,146849691.85,False,False,False,2011-10-28,1039.0,1
sz002625,光启技术,C37铁路、船舶、航空航天和其他运输设备制造业,SZ,2015-03-26,2015-04-08,7.8,16.72,1.1435897435897435,20,13,297466.36,380104628.0,19005231.4,False,False,False,2011-11-03,1239.0,1
sz002626,金达威,C14食品制造业,SZ,2020-06-23,2020-07-22,24.52,49.81,1.0314029363784667,20,29,4972557.51,18823430863.0,941171543.15,False,False,False,2011-10-28,3161.0,1
sz002628,成都路桥,E48土木工程建筑业,SZ,2018-07-06,2018-07-31,3.86,7.95,1.0595854922279795,20,25,3504787.2600000002,1999011970.0,99950598.5,False,False,False,2011-11-03,2437.0,1
sz002629,仁智股份,B11开采专业及辅助性活动,SZ,2021-11-29,2021-12-23,2.35,4.86,1.0680851063829788,20,24,2190576.04,842501811.0,42125090.55,False,False,False,2011-11-03,3679.0,1
sz002630,*ST华西,C34通用设备制造业,SZ,2022-05-17,2022-06-10,1.97,4.22,1.1421319796954315,20,24,14383566.080000002,4464067863.0,223203393.15,True,False,False,2011-11-11,3840.0,1
sz002631,德尔未来,C20木材加工和木、竹、藤、棕、草制品业,SZ,2015-03-12,2015-04-01,18.8,38.6,1.0531914893617023,20,20,1141805.2400000002,3015747284.0,150787364.2,False,False,False,2011-11-11,1217.0,1
sz002632,道明光学,C26化学原料和化学制品制造业,SZ,2015-03-10,2015-04-07,21.01,42.28,1.0123750594954783,20,28,1075209.09,3176242956.0,158812147.8,False,False,False,2011-11-22,1204.0,1
sz002633,申科股份,C34通用设备制造业,SZ,2014-06-23,2014-07-11,10.22,28.28,1.7671232876712328,20,18,1229379.01,3048388939.0,152419446.95,False,False,False,2011-11-22,944.0,1
sz002634,*ST棒杰,C18纺织服装、服饰业,SZ,2015-05-07,2015-06-03,23.8,49.5,1.079831932773109,20,27,990239.6400000001,3369285926.0,168464296.3,True,False,False,2011-12-05,1249.0,1
sz002636,金安国纪,C39计算机、通信和其他电子设备制造业,SZ,2015-03-12,2015-04-09,13.25,26.57,1.0052830188679245,20,28,1612186.98,2883754766.0,144187738.3,False,False,False,2011-11-25,1203.0,1
sz002639,雪人集团,C34通用设备制造业,SZ,2021-12-10,2022-01-07,8.69,18.45,1.1231300345224398,20,28,28006253.82,36334203762.0,1816710188.1,False,False,False,2011-12-05,3658.0,1
sz002640,跨境通,F52零售业,SZ,2014-07-17,2014-08-18,16.57,41.91,1.5292697646348823,20,32,1679392.0799999996,5225731536.0,261286576.8,False,False,False,2011-12-08,952.0,1
sz002642,荣联科技,I65软件和信息技术服务业,SZ,2012-01-31,2012-02-27,18.91,38.01,1.0100475938656794,20,27,798599.1599999999,2216104675.0,110805233.75,False,True,False,2011-12-20,42.0,1
sz002644,佛慈制药,C27医药制造业,SZ,2015-04-21,2015-05-19,27.3,55.43,1.0304029304029303,20,28,542230.0099999999,2080609520.0,104030476.0,False,False,False,2011-12-22,1216.0,1
sz002646,天佑德酒,C15酒、饮料和精制茶制造业,SZ,2020-10-27,2020-11-19,9.98,20.23,1.0270541082164328,20,23,3274287.5,4860506531.0,243025326.55,False,False,False,2011-12-22,3232.0,1
sz002647,仁东控股,J69其他金融业,SZ,2015-05-07,2015-06-03,18.68,38.0,1.0342612419700212,20,27,1445832.72,3599949268.0,179997463.4,False,False,False,2011-12-28,1226.0,1
sz002650,ST加加,C14食品制造业,SZ,2024-10-10,2024-11-06,2.1,4.32,1.0571428571428574,20,27,2039030.96,612429170.0,30621458.5,True,False,False,2012-01-06,4661.0,1
sz002651,利君股份,C35专用设备制造业,SZ,2020-07-20,2020-08-14,5.34,10.85,1.0318352059925093,20,25,4927436.73,3938535155.0,196926757.75,False,False,False,2012-01-06,3118.0,1
sz002654,万润科技,L72商务服务业,SZ,2015-04-29,2015-05-27,22.82,46.5,1.037686240140228,20,28,979106.72,3196354992.0,159817749.6,False,False,False,2012-02-17,1167.0,1
sz002655,共达电声,C39计算机、通信和其他电子设备制造业,SZ,2026-04-08,2026-05-08,18.95,39.39,1.078627968337731,20,30,9797597.25,25080661086.0,1254033054.3,False,False,False,2012-02-17,5164.0,1
sz002657,中科金财,I65软件和信息技术服务业,SZ,2015-04-21,2015-05-11,77.5,155.22,1.0028387096774192,20,20,1829512.23,18396936832.0,919846841.6,False,False,False,2012-02-28,1148.0,1
sz002658,雪迪龙,C40仪器仪表制造业,SZ,2021-03-10,2021-03-31,6.45,13.67,1.1193798449612404,20,21,8453341.120000001,7443144100.0,372157205.0,False,False,False,2012-03-09,3288.0,1
sz002659,凯文教育,P83教育,SZ,2015-05-13,2015-06-12,10.98,35.37,2.2213114754098355,20,30,2228842.9699999997,6703150923.0,335157546.15,False,False,False,2012-03-09,1160.0,1
sz002660,茂硕电源,C39计算机、通信和其他电子设备制造业,SZ,2015-05-26,2015-06-12,10.49,24.23,1.309818875119161,20,17,4003196.4299999992,8115143326.0,405757166.3,False,False,False,2012-03-16,1166.0,1
sz002662,峰璟股份,C36汽车制造业,SZ,2020-02-04,2020-02-27,1.99,4.33,1.1758793969849246,20,23,7870442.109999999,2578143646.0,128907182.3,False,False,False,2012-03-09,2888.0,1
sz002663,普邦股份,E48土木工程建筑业,SZ,2015-03-17,2015-04-08,15.84,35.8,1.26010101010101,20,22,5666861.19,15483648903.0,774182445.15,False,False,False,2012-03-16,1096.0,1
sz002667,*ST威领,C32有色金属冶炼和压延加工业,SZ,2015-11-26,2015-12-08,26.17,56.11,1.1440580817730224,20,12,378912.89999999997,1616201048.0,80810052.4,True,False,False,2012-03-29,1337.0,1
sz002668,TCL智家,C38电气机械和器材制造业,SZ,2015-10-30,2015-11-26,38.74,128.98,2.3293753226639127,20,27,1769847.37,15807101616.0,790355080.8,False,False,False,2012-04-16,1292.0,1
sz002670,国盛证券,J67资本市场服务,SZ,2015-11-12,2015-11-26,20.13,44.76,1.2235469448584202,20,14,2343734.4099999997,9177894112.0,458894705.6,False,False,False,2012-04-16,1305.0,1
sz002673,西部证券,J67资本市场服务,SZ,2014-11-17,2014-12-08,16.29,32.87,1.0178023327194596,20,21,8354487.340000002,18100872768.0,905043638.4,False,False,False,2012-05-03,928.0,1
sz002674,兴业科技,C19皮革、毛皮、羽毛及其制品和制鞋业,SZ,2026-06-04,2026-06-26,14.18,28.83,1.033145275035261,20,22,1890280.7,3153914333.0,157695716.65,False,False,False,2012-05-07,5141.0,1
sz002675,东诚药业,C27医药制造业,SZ,2015-04-23,2015-05-21,26.6,69.66,1.6187969924812027,20,28,948991.3699999999,4738407880.0,236920394.0,False,False,False,2012-05-25,1063.0,1
sz002676,顺威股份,C29橡胶和塑料制品业,SZ,2020-02-25,2020-03-16,2.8,5.81,1.0750000000000002,20,20,5231209.88,2178338820.0,108916941.0,False,False,False,2012-05-25,2832.0,1
sz002679,福建金森,A02林业,SZ,2016-10-17,2016-11-11,26.37,53.04,1.011376564277588,20,25,2284014.62,8618015905.0,430900795.25,False,False,False,2012-06-05,1595.0,1
sz002681,奋达科技,C39计算机、通信和其他电子设备制造业,SZ,2013-11-01,2013-11-28,30.68,65.27,1.127444589308996,20,27,1253502.9400000002,5637303344.0,281865167.2,False,False,False,2012-06-05,514.0,1
sz002682,龙洲股份,G54道路运输业,SZ,2015-05-07,2015-05-21,13.41,27.23,1.0305741983594334,20,14,2386782.07,4239837488.0,211991874.4,False,False,False,2012-06-12,1059.0,1
sz002683,广东宏大,B11开采专业及辅助性活动,SZ,2020-02-04,2020-02-25,19.44,40.8,1.098765432098765,20,21,3437133.17,9386535594.0,469326779.7,False,False,False,2012-06-12,2793.0,1
sz002685,华东重机,C34通用设备制造业,SZ,2015-02-26,2015-03-25,15.31,31.9,1.0836054866100588,20,27,2141084.8699999996,4865466868.0,243273343.4,False,False,False,2012-06-12,989.0,1
sz002689,ST远智,C34通用设备制造业,SZ,2015-04-29,2015-05-27,15.42,32.05,1.078469520103761,20,28,2258527.49,4862637200.0,243131860.0,True,False,False,2012-07-17,1016.0,1
sz002691,*ST冀凯,C35专用设备制造业,SZ,2025-01-06,2025-01-22,4.37,9.14,1.0915331807780322,20,16,2338137.05,1582830950.0,79141547.5,True,False,False,2012-07-31,4542.0,1
sz002692,远程股份,C38电气机械和器材制造业,SZ,2018-09-03,2018-09-20,3.08,6.44,1.0909090909090908,20,17,5964324.34,2861828862.0,143091443.1,False,False,False,2012-08-08,2217.0,1
sz002693,双成药业,C27医药制造业,SZ,2022-04-26,2022-05-09,3.91,8.0,1.0460358056265986,20,13,5359652.12,3253164711.0,162658235.55,False,False,False,2012-08-08,3548.0,1
sz002694,*ST顾地,C29橡胶和塑料制品业,SZ,2021-12-29,2022-01-12,3.32,6.86,1.0662650602409642,20,14,5689556.0600000005,3209556129.0,160477806.45,True,False,False,2012-08-16,3422.0,1
sz002695,煌上煌,C13农副食品加工业,SZ,2016-06-13,2016-07-06,34.01,70.18,1.063510732137607,20,23,1184847.58,6183593568.0,309179678.4,False,False,False,2012-09-05,1377.0,1
sz002696,百洋股份,C13农副食品加工业,SZ,2015-05-07,2015-06-15,15.86,32.0,1.0176544766708702,20,39,1152551.5200000003,2680697259.0,134034862.95,False,False,False,2012-09-05,974.0,1
sz002698,博实股份,C34通用设备制造业,SZ,2015-04-20,2015-05-20,31.35,66.8,1.1307814992025516,20,30,829905.83,3117840274.0,155892013.7,False,False,False,2012-09-11,951.0,1
sz002702,海欣食品,C13农副食品加工业,SZ,2015-05-07,2015-06-02,17.13,35.97,1.0998248686514889,20,26,1452145.55,3919072276.0,195953613.8,False,False,False,2012-10-11,938.0,1
sz002703,浙江世宝,C36汽车制造业,SZ,2022-05-27,2022-06-21,4.77,10.2,1.1383647798742138,20,25,7576057.929999999,5398837050.0,269941852.5,False,False,False,2012-11-02,3493.0,1
sz002707,众信旅游,L72商务服务业,SZ,2014-01-23,2014-02-26,27.78,92.9,2.3441324694024477,20,34,611529.24,4995454485.0,249772724.25,False,True,False,2014-01-23,0.0,1
sz002708,光洋股份,C36汽车制造业,SZ,2015-11-02,2015-11-23,10.22,21.48,1.1017612524461837,20,21,3189189.54,4694503882.0,234725194.1,False,False,False,2014-01-21,650.0,1
sz002709,天赐材料,C39计算机、通信和其他电子设备制造业,SZ,2014-01-23,2014-02-17,16.39,36.29,1.2141549725442342,20,25,1906992.4900000002,5529512488.0,276475624.4,False,True,False,2014-01-23,0.0,1
sz002712,思美传媒,L72商务服务业,SZ,2014-01-23,2014-02-25,30.22,63.65,1.1062210456651225,20,33,979896.6000000001,5441137298.0,272056864.9,False,True,False,2014-01-23,0.0,1
sz002713,东易日盛,E50建筑装饰、装修和其他建筑业,SZ,2014-02-19,2014-03-04,25.2,56.24,1.2317460317460318,20,13,1462730.49,6481737924.0,324086896.2,False,True,False,2014-02-19,0.0,1
sz002714,牧原股份,A03畜牧业,SZ,2015-07-09,2015-07-20,32.0,66.52,1.0787499999999999,20,11,1229424.1199999999,6140827510.0,307041375.5,False,False,False,2014-01-28,527.0,1
sz002715,登云股份,C36汽车制造业,SZ,2014-02-19,2014-03-11,12.19,32.4,1.6579163248564397,20,20,982921.8300000001,2612910561.0,130645528.05,False,True,False,2014-02-19,0.0,1
sz002716,湖南白银,C32有色金属冶炼和压延加工业,SZ,2025-12-25,2026-01-21,6.43,13.64,1.1213063763608089,20,27,72546458.75999999,65295844480.0,3264792224.0,False,False,False,2014-01-28,4349.0,1
sz002717,*ST岭南,N77生态保护和环境治理业,SZ,2014-02-19,2014-03-04,26.78,62.65,1.339432412247946,20,13,847177.3999999999,4410883845.0,220544192.25,True,True,False,2014-02-19,0.0,1
sz002718,友邦吊顶,C41其他制造业,SZ,2014-01-28,2014-03-03,33.62,70.0,1.0820939916716243,20,34,661899.2899999999,3669523680.0,183476184.0,False,True,False,2014-01-28,0.0,1
sz002719,ST麦趣,C14食品制造业,SZ,2022-12-21,2022-12-30,7.75,16.72,1.1574193548387095,20,9,2271647.3299999996,2710037209.0,135501860.45,True,False,False,2014-01-28,3249.0,1
sz002721,金一文化,C24文教、工美、体育和娱乐用品制造业,SZ,2014-01-27,2014-02-18,12.66,31.3,1.4723538704581358,20,22,2759971.71,6542476958.0,327123847.9,False,True,False,2014-01-27,0.0,1
sz002722,物产金轮,C33金属制品业,SZ,2014-01-28,2014-03-10,8.62,41.04,3.761020881670534,20,41,2491812.5800000005,5272274120.0,263613706.0,False,True,False,2014-01-28,0.0,1
sz002723,小崧股份,C38电气机械和器材制造业,SZ,2014-02-07,2014-03-04,15.62,37.88,1.4250960307298337,20,25,1770042.56,4545291482.0,227264574.1,False,True,False,2014-01-29,9.0,1
sz002724,海洋王,C38电气机械和器材制造业,SZ,2014-11-04,2014-11-24,10.66,39.92,2.74484052532833,20,20,2114469.19,7346073751.0,367303687.55,False,True,False,2014-11-04,0.0,1
sz002725,跃岭股份,C36汽车制造业,SZ,2014-02-07,2014-03-04,18.0,39.88,1.2155555555555555,20,25,1549658.6800000002,4601229750.0,230061487.5,False,True,False,2014-01-29,9.0,1
sz002726,ST龙大,C13农副食品加工业,SZ,2014-06-26,2014-07-11,11.75,31.0,1.6382978723404253,20,15,2693959.8800000004,6897540999.0,344877049.95,True,True,False,2014-06-26,0.0,1
sz002727,一心堂,F52零售业,SZ,2014-07-02,2014-07-15,14.64,41.43,1.829918032786885,20,13,1772978.26,6203967029.0,310198351.45,False,True,False,2014-07-02,0.0,1
sz002728,特一药业,C27医药制造业,SZ,2014-07-31,2014-08-12,18.21,43.22,1.3734211971444261,20,12,803672.1299999999,2985687549.0,149284377.45,False,True,False,2014-07-31,0.0,1
sz002729,好利科技,C39计算机、通信和其他电子设备制造业,SZ,2014-09-12,2014-09-26,14.28,37.98,1.6596638655462184,20,14,544899.93,1932391104.0,96619555.2,False,True,False,2014-09-12,0.0,1
sz002730,电光科技,C35专用设备制造业,SZ,2014-10-09,2014-11-03,9.68,28.67,1.9617768595041323,20,25,1884685.3500000003,4569964676.0,228498233.8,False,True,False,2014-10-09,0.0,1
sz002731,*ST萃华,C24文教、工美、体育和娱乐用品制造业,SZ,2014-11-04,2014-11-21,15.73,48.0,2.0514939605848697,20,17,1268375.4600000002,5527178903.0,276358945.15,True,True,False,2014-11-04,0.0,1
sz002732,燕塘乳业,C14食品制造业,SZ,2014-12-05,2014-12-17,13.38,31.3,1.3393124065769806,20,12,1122486.09,2945289210.0,147264460.5,False,True,False,2014-12-05,0.0,1
sz002733,雄韬股份,C38电气机械和器材制造业,SZ,2014-12-03,2014-12-15,15.79,39.49,1.500949968334389,20,12,867657.2399999999,2895635753.0,144781787.65,False,True,False,2014-12-03,0.0,1
sz002734,利民股份,C26化学原料和化学制品制造业,SZ,2015-01-27,2015-02-06,12.83,32.99,1.5713172252533125,20,10,642398.1,1659950693.0,82997534.65,False,True,False,2015-01-27,0.0,1
sz002735,王子新材,C29橡胶和塑料制品业,SZ,2014-12-03,2014-12-17,11.08,34.49,2.1128158844765346,20,14,407816.12999999995,1193789518.0,59689475.9,False,True,False,2014-12-03,0.0,1
sz002736,国信证券,J67资本市场服务,SZ,2014-12-29,2015-01-21,7.0,25.2,2.6,20,23,35417302.97,81112020147.0,4055601007.35,False,True,False,2014-12-29,0.0,1
sz002738,中矿资源,C32有色金属冶炼和压延加工业,SZ,2014-12-30,2015-01-21,9.08,41.42,3.5616740088105727,20,22,1611903.02,5344879035.0,267243951.75,False,True,False,2014-12-30,0.0,1
sz002739,儒意电影,R87广播、电视、电影和录音制作业,SZ,2015-01-22,2015-02-17,27.94,109.59,2.922333571939871,20,26,1707384.18,15521027740.0,776051387.0,False,True,False,2015-01-22,0.0,1
sz002741,光华科技,C39计算机、通信和其他电子设备制造业,SZ,2015-02-16,2015-03-04,16.25,34.0,1.0923076923076924,20,16,755908.05,2227937215.0,111396860.75,False,True,False,2015-02-16,0.0,1
sz002743,ST富煌,C33金属制品业,SZ,2015-02-17,2015-03-23,8.66,27.5,2.175519630484988,20,34,1339393.19,2875342954.0,143767147.7,True,True,False,2015-02-17,0.0,1
sz002746,仙坛股份,C13农副食品加工业,SZ,2015-02-16,2015-03-19,6.97,26.06,2.738880918220947,20,31,1739429.86,3799132253.0,189956612.65,False,True,False,2015-02-16,0.0,1
sz002747,埃斯顿,C34通用设备制造业,SZ,2015-03-20,2015-04-17,8.16,59.92,6.3431372549019605,20,28,151674.84000000003,812657640.0,40632882.0,False,True,False,2015-03-20,0.0,1
sz002748,世龙实业,C26化学原料和化学制品制造业,SZ,2015-05-07,2015-05-28,31.58,66.53,1.1067131095630147,20,21,1324607.78,5816748912.0,290837445.6,False,True,False,2015-03-19,49.0,1
sz002749,国光股份,C26化学原料和化学制品制造业,SZ,2015-03-20,2015-04-14,35.53,78.5,1.209400506614129,20,25,501932.11,3312881446.0,165644072.3,False,True,False,2015-03-20,0.0,1
sz002752,昇兴股份,C33金属制品业,SZ,2015-04-22,2015-05-20,7.58,50.6,5.675461741424802,20,28,912755.86,2945443477.0,147272173.85,False,True,False,2015-04-22,0.0,1
sz002753,永东股份,C26化学原料和化学制品制造业,SZ,2015-05-19,2015-06-12,17.9,84.83,3.739106145251397,20,24,578159.9700000001,4084798440.0,204239922.0,False,True,False,2015-05-19,0.0,1
sz002755,奥赛康,C27医药制造业,SZ,2015-05-15,2015-06-11,8.99,66.03,6.344827586206897,20,27,282479.41000000003,1518989013.0,75949450.65,False,True,False,2015-05-15,0.0,1
sz002756,永兴材料,C32有色金属冶炼和压延加工业,SZ,2015-05-15,2015-06-04,26.09,113.0,3.331161364507474,20,20,802639.78,7466096858.0,373304842.9,False,True,False,2015-05-15,0.0,1
sz002757,南兴股份,C35专用设备制造业,SZ,2015-05-27,2015-06-16,17.08,70.73,3.1411007025761126,20,20,411066.44999999995,2353999961.0,117699998.05,False,True,False,2015-05-27,0.0,1
sz002758,浙农股份,F51批发业,SZ,2015-05-27,2015-06-16,21.65,98.65,3.556581986143188,20,20,277545.04000000004,2513821886.0,125691094.3,False,True,False,2015-05-27,0.0,1
sz002759,ST天际,C26化学原料和化学制品制造业,SZ,2015-05-28,2015-06-16,15.86,59.74,2.766708701134931,20,19,441496.2299999999,2282047002.0,114102350.1,True,True,False,2015-05-28,0.0,1
sz002760,凤形股份,C33金属制品业,SZ,2015-06-11,2015-07-02,10.97,43.5,2.965360072926162,20,21,737304.03,2435160969.0,121758048.45,False,True,False,2015-06-11,0.0,1
sz002761,浙江建投,E48土木工程建筑业,SZ,2015-06-10,2015-07-07,9.52,36.14,2.7962184873949583,20,27,866675.1100000001,2586532120.0,129326606.0,False,True,False,2015-06-10,0.0,1
sz002762,金发拉比,C18纺织服装、服饰业,SZ,2015-06-10,2015-06-25,31.2,97.11,2.1125000000000003,20,15,360404.23,3048122296.0,152406114.8,False,True,False,2015-06-10,0.0,1
sz002763,汇洁股份,C18纺织服装、服饰业,SZ,2015-06-10,2015-06-25,17.14,48.93,1.854725787631272,20,15,1070614.92,3729054160.0,186452708.0,False,True,False,2015-06-10,0.0,1
sz002765,蓝黛科技,C36汽车制造业,SZ,2015-06-12,2015-06-29,9.69,28.64,1.9556243550051602,20,17,1260524.5300000003,2779273490.0,138963674.5,False,True,False,2015-06-12,0.0,1
sz002766,索菱股份,C39计算机、通信和其他电子设备制造业,SZ,2015-06-11,2015-07-01,9.94,37.41,2.7635814889336014,20,20,1264535.21,3796240283.0,189812014.15,False,True,False,2015-06-11,0.0,1
sz002767,先锋电子,C40仪器仪表制造业,SZ,2015-06-12,2015-06-26,17.84,50.49,1.830156950672646,20,14,609882.24,2443008101.0,122150405.05,False,True,False,2015-06-12,0.0,1
sz002768,国恩股份,C29橡胶和塑料制品业,SZ,2015-06-30,2015-07-24,22.86,52.83,1.311023622047244,20,24,830701.7999999999,3399441221.0,169972061.05,False,True,False,2015-06-30,0.0,1
sz002769,普路通,L72商务服务业,SZ,2015-06-29,2015-07-24,37.61,128.26,2.410263227864929,20,25,623378.4299999999,5660181515.0,283009075.75,False,True,False,2015-06-29,0.0,1
sz002771,真视通,I65软件和信息技术服务业,SZ,2015-06-29,2015-07-24,16.61,80.71,3.8591210114388916,20,25,777502.1200000001,4662908177.0,233145408.85,False,True,False,2015-06-29,0.0,1
sz002772,众兴菌业,A01农业,SZ,2015-06-26,2015-07-14,15.6,39.35,1.5224358974358978,20,18,1333095.48,4437000169.0,221850008.45,False,True,False,2015-06-26,0.0,1
sz002773,康弘药业,C27医药制造业,SZ,2015-06-26,2015-07-23,16.34,66.03,3.041003671970624,20,27,1085907.1099999999,5100349935.0,255017496.75,False,True,False,2015-06-26,0.0,1
sz002774,快意电梯,C34通用设备制造业,SZ,2017-03-24,2017-04-11,7.32,22.79,2.113387978142076,20,18,1728104.32,3331564241.0,166578212.05,False,True,False,2017-03-24,0.0,1
sz002775,文科股份,E48土木工程建筑业,SZ,2015-06-29,2015-07-15,22.03,47.0,1.1334543803903765,20,16,1260986.13,5012874058.0,250643702.9,False,True,False,2015-06-29,0.0,1
sz002777,久远银海,I65软件和信息技术服务业,SZ,2015-12-31,2016-01-26,13.75,83.46,5.069818181818182,20,26,300894.45999999996,2251487393.0,112574369.65,False,True,False,2015-12-31,0.0,1
sz002778,中晟高科,C25石油、煤炭及其他燃料加工业,SZ,2016-01-06,2016-01-26,10.2,43.0,3.215686274509804,20,20,488850.25,1755766751.0,87788337.55,False,True,False,2016-01-06,0.0,1
sz002779,中坚科技,C35专用设备制造业,SZ,2015-12-09,2016-01-06,15.98,91.2,4.707133917396746,20,28,500301.53,3926680307.0,196334015.35,False,True,False,2015-12-09,0.0,1
sz002780,三夫户外,F52零售业,SZ,2015-12-09,2016-01-06,12.43,82.97,5.674979887369268,20,28,19183.06,120793156.0,6039657.8,False,True,False,2015-12-09,0.0,1
sz002782,可立克,C39计算机、通信和其他电子设备制造业,SZ,2015-12-22,2016-01-15,9.92,52.99,4.341733870967742,20,24,1171342.5,5124378093.0,256218904.65,False,True,False,2015-12-22,0.0,1
sz002783,凯龙股份,C26化学原料和化学制品制造业,SZ,2015-12-09,2015-12-29,37.86,156.84,3.1426307448494457,20,20,545702.72,7269964660.0,363498233.0,False,True,False,2015-12-09,0.0,1
sz002785,万里石,C30非金属矿物制品业,SZ,2015-12-23,2016-01-20,2.75,20.19,6.341818181818183,20,28,26533.010000000002,40568567.0,2028428.35,False,True,False,2015-12-23,0.0,1
sz002786,银宝山新,C35专用设备制造业,SZ,2015-12-23,2016-01-12,13.49,53.33,2.9532987398072645,20,20,981361.54,4326642264.0,216332113.2,False,True,False,2015-12-23,0.0,1
sz002787,华源控股,C33金属制品业,SZ,2015-12-31,2016-01-20,14.37,50.82,2.536534446764092,20,20,1319309.19,5229625282.0,261481264.1,False,True,False,2015-12-31,0.0,1
sz002788,鹭燕医药,F51批发业,SZ,2016-02-18,2016-03-03,22.38,62.8,1.806076854334227,20,14,1231876.0999999999,6357842545.0,317892127.25,False,True,False,2016-02-18,0.0,1
sz002789,*ST建艺,E50建筑装饰、装修和其他建筑业,SZ,2016-03-11,2016-03-24,29.74,65.41,1.199394754539341,20,13,718354.8500000001,4242210676.0,212110533.8,True,True,False,2016-03-11,0.0,1
sz002790,瑞尔特,C29橡胶和塑料制品业,SZ,2016-03-08,2016-03-18,21.89,50.25,1.2955687528551851,20,10,1129271.58,5160543976.0,258027198.8,False,True,False,2016-03-08,0.0,1
sz002791,坚朗五金,C33金属制品业,SZ,2016-03-29,2016-04-15,28.47,58.22,1.0449596066034421,20,17,1544953.2199999997,8193730532.0,409686526.6,False,True,False,2016-03-29,0.0,1
sz002792,通宇通讯,C39计算机、通信和其他电子设备制造业,SZ,2016-03-28,2016-04-15,30.28,94.8,2.1307793923381766,20,18,1063833.21,8816210583.0,440810529.15,False,True,False,2016-03-28,0.0,1
sz002793,罗欣药业,C27医药制造业,SZ,2016-04-15,2016-05-06,14.36,59.89,3.1706128133704734,20,21,596731.32,3118107488.0,155905374.4,False,True,False,2016-04-15,0.0,1
sz002795,永和智控,C34通用设备制造业,SZ,2016-04-28,2016-05-25,17.82,50.58,1.8383838383838382,20,27,1001533.5800000001,4503036228.0,225151811.4,False,True,False,2016-04-28,0.0,1
sz002796,世嘉科技,C39计算机、通信和其他电子设备制造业,SZ,2016-05-10,2016-06-03,15.54,65.56,3.218790218790219,20,24,886151.0299999999,4979165702.0,248958285.1,False,True,False,2016-05-10,0.0,1
sz002797,第一创业,J67资本市场服务,SZ,2016-05-11,2016-06-07,12.77,39.0,2.0540328895849647,20,27,11948353.909999998,33291379393.0,1664568969.65,False,True,False,2016-05-11,0.0,1
sz002798,帝欧水华,C30非金属矿物制品业,SZ,2016-05-25,2016-06-23,12.68,89.2,6.034700315457414,20,29,391406.33,3138828231.0,156941411.55,False,True,False,2016-05-25,0.0,1
sz002799,环球印务,C22造纸和纸制品业,SZ,2016-06-08,2016-07-07,10.54,70.28,5.667931688804555,20,29,10364.56,49245856.0,2462292.8,False,True,False,2016-06-08,0.0,1
sz002800,天顺股份,G54道路运输业,SZ,2016-05-30,2016-06-28,9.24,67.87,6.345238095238096,20,29,10748.28,52917763.0,2645888.15,False,True,False,2016-05-30,0.0,1
sz002801,微光股份,C38电气机械和器材制造业,SZ,2016-06-22,2016-07-19,23.41,171.79,6.338316958564715,20,27,106680.92,1742817533.0,87140876.65,False,True,False,2016-06-22,0.0,1
sz002802,洪汇新材,C26化学原料和化学制品制造业,SZ,2016-06-29,2016-07-22,11.42,69.31,5.0691768826619965,20,23,352079.88,2192146251.0,109607312.55,False,True,False,2016-06-29,0.0,1
sz002803,吉宏股份,F52零售业,SZ,2016-07-12,2016-08-08,7.64,56.13,6.3468586387434565,20,27,14421.310000000001,62303851.0,3115192.55,False,True,False,2016-07-12,0.0,1
sz002805,丰元股份,C39计算机、通信和其他电子设备制造业,SZ,2016-07-07,2016-08-03,6.96,51.08,6.3390804597701145,20,27,53006.240000000005,251588375.0,12579418.75,False,True,False,2016-07-07,0.0,1
sz002806,华锋股份,C39计算机、通信和其他电子设备制造业,SZ,2016-07-26,2016-08-22,8.18,54.6,5.674816625916871,20,27,3815.41,14709854.0,735492.7,False,True,False,2016-07-26,0.0,1
sz002807,江阴银行,J66货币金融服务,SZ,2016-09-02,2016-09-20,5.99,17.3,1.8881469115191987,20,18,5864974.28,8710827466.0,435541373.3,False,True,False,2016-09-02,0.0,1
sz002809,红墙股份,C26化学原料和化学制品制造业,SZ,2016-08-23,2016-09-08,26.95,101.48,2.765491651205937,20,16,412208.7800000001,3618636146.0,180931807.3,False,True,False,2016-08-23,0.0,1
sz002810,山东赫达,C26化学原料和化学制品制造业,SZ,2016-08-26,2016-09-21,11.89,59.68,4.019343986543314,20,26,382832.59,2099146943.0,104957347.15,False,True,False,2016-08-26,0.0,1
sz002811,郑中设计,M74专业技术服务业,SZ,2016-09-08,2016-09-26,18.47,47.54,1.5739036275040608,20,18,961905.63,3888277342.0,194413867.1,False,True,False,2016-09-08,0.0,1
sz002812,恩捷股份,C29橡胶和塑料制品业,SZ,2016-09-14,2016-10-11,28.09,75.49,1.6874332502669986,20,27,1044181.8200000001,7150001827.0,357500091.35,False,True,False,2016-09-14,0.0,1
sz002813,路畅科技,C39计算机、通信和其他电子设备制造业,SZ,2016-10-12,2016-11-08,8.95,60.65,5.776536312849163,20,27,34361.78,181398208.0,9069910.4,False,True,False,2016-10-12,0.0,1
sz002815,崇达技术,C39计算机、通信和其他电子设备制造业,SZ,2016-10-12,2016-11-07,21.22,63.6,1.9971724787935914,20,26,1954264.71,11018427360.0,550921368.0,False,True,False,2016-10-12,0.0,1
sz002816,*ST和科,C34通用设备制造业,SZ,2016-10-25,2016-11-17,10.63,60.34,4.676387582314205,20,23,334372.97,1918307152.0,95915357.6,True,True,False,2016-10-25,0.0,1
sz002817,黄山胶囊,C27医药制造业,SZ,2016-10-25,2016-11-15,16.66,83.46,4.009603841536614,20,21,352911.73000000004,2717027660.0,135851383.0,False,True,False,2016-10-25,0.0,1
sz002818,富森美,L72商务服务业,SZ,2016-11-09,2016-11-24,31.01,96.5,2.111899387294421,20,15,1495348.5400000003,11932134384.0,596606719.2,False,True,False,2016-11-09,0.0,1
sz002819,东方中科,F51批发业,SZ,2016-11-11,2016-12-08,5.95,43.67,6.339495798319327,20,27,6663.81,20435306.0,1021765.3,False,True,False,2016-11-11,0.0,1
sz002820,桂发祥,C14食品制造业,SZ,2016-11-18,2016-12-05,19.92,68.19,2.423192771084337,20,17,904431.8500000001,5439740183.0,271987009.15,False,True,False,2016-11-18,0.0,1
sz002821,凯莱英,C27医药制造业,SZ,2016-11-18,2016-12-07,36.64,143.6,2.9192139737991263,20,19,513615.54,6838052527.0,341902626.35,False,True,False,2016-11-18,0.0,1
sz002822,ST中装,E50建筑装饰、装修和其他建筑业,SZ,2016-11-29,2016-12-13,13.26,38.2,1.8808446455505283,20,14,1872938.4000000001,6296161879.0,314808093.95,True,True,False,2016-11-29,0.0,1
sz002823,凯中精密,C38电气机械和器材制造业,SZ,2016-11-24,2016-12-13,17.06,63.41,2.716881594372802,20,19,855414.7199999999,4717859393.0,235892969.65,False,True,False,2016-11-24,0.0,1
sz002824,和胜股份,C36汽车制造业,SZ,2017-01-12,2017-02-15,11.76,60.7,4.161564625850341,20,34,1456629.46,5876065834.0,293803291.7,False,True,False,2017-01-12,0.0,1
sz002825,纳尔股份,C29橡胶和塑料制品业,SZ,2016-11-29,2016-12-21,12.2,61.23,4.018852459016394,20,22,378295.59,1972116720.0,98605836.0,False,True,False,2016-11-29,0.0,1
sz002826,易明医药,C27医药制造业,SZ,2016-12-09,2016-12-28,7.27,30.15,3.1471801925722147,20,19,915021.5699999998,2498970622.0,124948531.1,False,True,False,2016-12-09,0.0,1
sz002827,高争民爆,C26化学原料和化学制品制造业,SZ,2016-12-09,2016-12-27,9.88,34.95,2.5374493927125505,20,18,1160039.7,3599532272.0,179976613.6,False,True,False,2016-12-09,0.0,1
sz002828,贝肯能源,B11开采专业及辅助性活动,SZ,2016-12-08,2016-12-23,14.42,49.37,2.4237170596393898,20,15,635752.5399999999,2641777778.0,132088888.9,False,True,False,2016-12-08,0.0,1
sz002829,星网宇达,C37铁路、船舶、航空航天和其他运输设备制造业,SZ,2016-12-13,2016-12-29,21.18,78.0,2.68271954674221,20,16,430643.31999999995,3053521176.0,152676058.8,False,True,False,2016-12-13,0.0,1
sz002830,名雕股份,E50建筑装饰、装修和其他建筑业,SZ,2016-12-13,2017-01-05,19.84,68.55,2.455141129032258,20,23,435529.72,2800283820.0,140014191.0,False,True,False,2016-12-13,0.0,1
sz002833,弘亚数控,C35专用设备制造业,SZ,2016-12-28,2017-01-25,13.34,48.5,2.63568215892054,20,28,1374251.8,5649368655.0,282468432.75,False,True,False,2016-12-28,0.0,1
sz002835,同为股份,C39计算机、通信和其他电子设备制造业,SZ,2016-12-28,2017-01-11,14.81,41.91,1.8298446995273459,20,14,744660.42,2649310547.0,132465527.35,False,True,False,2016-12-28,0.0,1
sz002836,新宏泽,C23印刷和记录媒介复制业,SZ,2016-12-29,2017-01-26,9.71,44.7,3.603501544799176,20,28,536492.76,2154615522.0,107730776.1,False,True,False,2016-12-29,0.0,1
sz002837,英维克,C35专用设备制造业,SZ,2016-12-29,2017-01-12,23.76,60.0,1.525252525252525,20,14,533221.6699999999,2690584153.0,134529207.65,False,True,False,2016-12-29,0.0,1
sz002838,道恩股份,C29橡胶和塑料制品业,SZ,2017-01-06,2017-02-09,18.34,50.85,1.7726281352235551,20,34,646068.3700000001,2962106593.0,148105329.65,False,True,False,2017-01-06,0.0,1
sz002839,张家港行,J66货币金融服务,SZ,2017-01-24,2017-02-21,5.24,19.66,2.7519083969465647,20,28,8837569.32,12110297178.0,605514858.9,False,True,False,2017-01-24,0.0,1
sz002840,华统股份,C13农副食品加工业,SZ,2017-01-10,2017-02-13,7.86,28.44,2.618320610687023,20,34,1602777.6199999999,3880434285.0,194021714.25,False,True,False,2017-01-10,0.0,1
sz002841,视源股份,C39计算机、通信和其他电子设备制造业,SZ,2017-01-19,2017-02-13,22.87,75.58,2.304766069086139,20,25,1408386.7300000002,9606702387.0,480335119.35,False,True,False,2017-01-19,0.0,1
sz002842,翔鹭钨业,C32有色金属冶炼和压延加工业,SZ,2017-01-19,2017-02-15,13.7,62.43,3.5569343065693433,20,27,772271.8800000001,4211385500.0,210569275.0,False,True,False,2017-01-19,0.0,1
sz002843,泰嘉股份,C34通用设备制造业,SZ,2017-01-20,2017-02-23,7.94,38.72,3.876574307304786,20,34,940045.5299999999,3279089005.0,163954450.25,False,True,False,2017-01-20,0.0,1
sz002845,同兴达,C39计算机、通信和其他电子设备制造业,SZ,2017-01-25,2017-02-16,21.11,65.71,2.1127427759355752,20,22,614094.54,3551704784.0,177585239.2,False,True,False,2017-01-25,0.0,1
sz002846,英联股份,C33金属制品业,SZ,2017-02-07,2017-02-24,10.0,41.43,3.143,20,17,856341.0499999999,3292954349.0,164647717.45,False,True,False,2017-02-07,0.0,1
sz002847,盐津铺子,C14食品制造业,SZ,2017-02-08,2017-03-02,11.95,59.95,4.016736401673641,20,22,543329.33,2884003183.0,144200159.15,False,True,False,2017-02-08,0.0,1
sz002848,高斯贝尔,C39计算机、通信和其他电子设备制造业,SZ,2017-02-13,2017-03-08,7.57,39.58,4.2285336856010565,20,23,959405.7600000001,3550176289.0,177508814.45,False,True,False,2017-02-13,0.0,1
sz002849,威星智能,C40仪器仪表制造业,SZ,2017-02-17,2017-03-09,14.5,66.0,3.5517241379310347,20,20,462894.7300000001,2835024139.0,141751206.95,False,True,False,2017-02-17,0.0,1
sz002850,科达利,C33金属制品业,SZ,2017-03-02,2017-03-17,45.24,146.05,2.2283377541998233,20,15,1055284.26,14063905733.0,703195286.65,False,True,False,2017-03-02,0.0,1
sz002851,麦格米特,C38电气机械和器材制造业,SZ,2017-03-06,2017-03-28,16.06,80.5,4.012453300124533,20,22,825172.58,6015478673.0,300773933.65,False,True,False,2017-03-06,0.0,1
sz002852,道道全,C13农副食品加工业,SZ,2017-03-10,2017-03-23,56.76,160.6,1.8294573643410854,20,13,692867.05,9554040679.0,477702033.95,False,True,False,2017-03-10,0.0,1
sz002853,皮阿诺,C21家具制造业,SZ,2017-03-10,2017-03-28,37.24,140.26,2.766380236305048,20,18,280395.50999999995,3058162934.0,152908146.7,False,True,False,2017-03-10,0.0,1
sz002855,捷荣技术,C39计算机、通信和其他电子设备制造业,SZ,2017-03-21,2017-04-10,7.85,29.57,2.76687898089172,20,20,1170343.84,2941387331.0,147069366.55,False,True,False,2017-03-21,0.0,1
sz002856,*ST美芝,E50建筑装饰、装修和其他建筑业,SZ,2017-03-20,2017-04-06,13.93,44.68,2.207465900933238,20,17,805074.6799999999,3239863779.0,161993188.95,True,True,False,2017-03-20,0.0,1
sz002857,三晖电气,C40仪器仪表制造业,SZ,2017-03-23,2017-04-19,12.31,43.98,2.572705117790414,20,27,398570.38000000006,1592479763.0,79623988.15,False,True,False,2017-03-23,0.0,1
sz002858,力盛体育,R89体育,SZ,2017-03-24,2017-05-05,12.8,83.37,5.51328125,20,42,255562.16000000003,1937808820.0,96890441.0,False,True,False,2017-03-24,0.0,1
sz002859,洁美科技,C39计算机、通信和其他电子设备制造业,SZ,2017-04-07,2017-05-02,35.78,80.6,1.2526551145891558,20,25,615811.86,4460117409.0,223005870.45,False,True,False,2017-04-07,0.0,1
sz002860,星帅尔,C38电气机械和器材制造业,SZ,2017-04-12,2017-05-03,26.15,63.2,1.416826003824092,20,21,591208.61,3380547230.0,169027361.5,False,True,False,2017-04-12,0.0,1
sz002861,瀛通通讯,C39计算机、通信和其他电子设备制造业,SZ,2017-04-13,2017-04-26,20.7,47.78,1.3082125603864734,20,13,919934.1400000001,3855742525.0,192787126.25,False,True,False,2017-04-13,0.0,1
sz002862,实丰文化,C24文教、工美、体育和娱乐用品制造业,SZ,2017-04-11,2017-04-27,14.74,42.94,1.9131614654002713,20,16,612813.2299999999,2462465194.0,123123259.7,False,True,False,2017-04-11,0.0,1
sz002863,今飞凯达,C36汽车制造业,SZ,2017-04-18,2017-05-05,6.58,24.77,2.7644376899696046,20,17,1539639.4900000002,3256407352.0,162820367.6,False,True,False,2017-04-18,0.0,1
sz002864,盘龙药业,C27医药制造业,SZ,2017-11-16,2017-12-04,12.04,36.08,1.9966777408637872,20,18,619525.72,1752458292.0,87622914.6,False,True,False,2017-11-16,0.0,1
sz002865,钧达股份,C38电气机械和器材制造业,SZ,2017-04-25,2017-05-15,10.86,41.8,2.8489871086556167,20,20,1751601.92,6109778089.0,305488904.45,False,True,False,2017-04-25,0.0,1
sz002866,传艺科技,C39计算机、通信和其他电子设备制造业,SZ,2017-04-26,2017-05-17,16.08,38.45,1.391169154228856,20,21,1334146.47,4508606726.0,225430336.3,False,True,False,2017-04-26,0.0,1
sz002868,绿康生化,C27医药制造业,SZ,2017-05-03,2017-05-15,18.24,45.97,1.5202850877192984,20,12,1007093.6499999999,3745327868.0,187266393.4,False,True,False,2017-05-03,0.0,1
sz002869,金溢科技,C39计算机、通信和其他电子设备制造业,SZ,2017-05-15,2017-05-31,26.16,55.0,1.1024464831804281,20,16,1415033.27,7002602307.0,350130115.35,False,True,False,2017-05-15,0.0,1
sz002870,香山股份,C36汽车制造业,SZ,2019-01-31,2019-02-25,14.14,28.78,1.0353606789250351,20,25,719850.32,1483160968.0,74158048.4,False,False,False,2017-05-15,626.0,1
sz002871,伟隆股份,C34通用设备制造业,SZ,2017-05-11,2017-05-31,20.32,58.22,1.8651574803149606,20,20,915594.31,4330900269.0,216545013.45,False,True,False,2017-05-11,0.0,1
sz002873,新天药业,C27医药制造业,SZ,2017-05-19,2017-06-07,22.09,53.41,1.4178361249434133,20,19,743601.1900000001,3630823403.0,181541170.15,False,True,False,2017-05-19,0.0,1
sz002875,安奈儿,C18纺织服装、服饰业,SZ,2017-06-01,2017-06-12,22.53,47.89,1.1256102973812694,20,11,1040941.8200000001,4294810588.0,214740529.4,False,True,False,2017-06-01,0.0,1
sz002876,三利谱,C39计算机、通信和其他电子设备制造业,SZ,2017-05-25,2017-06-27,22.94,63.47,1.766782911944202,20,33,733273.56,3918153776.0,195907688.8,False,True,False,2017-05-25,0.0,1
sz002877,智能自控,C34通用设备制造业,SZ,2017-06-05,2017-06-19,10.08,31.37,2.112103174603175,20,14,1356760.5599999998,3809516155.0,190475807.75,False,True,False,2017-06-05,0.0,1
sz002878,元隆雅图,L72商务服务业,SZ,2017-06-06,2017-06-16,17.38,44.69,1.5713463751438437,20,10,561239.59,2207250785.0,110362539.25,False,True,False,2017-06-06,0.0,1
sz002880,卫光生物,C27医药制造业,SZ,2017-06-16,2017-07-03,33.14,81.68,1.4646952323476161,20,17,907352.1000000001,6910164957.0,345508247.85,False,True,False,2017-06-16,0.0,1
sz002881,美格智能,C39计算机、通信和其他电子设备制造业,SZ,2017-06-22,2017-07-07,11.83,36.77,2.1081994928148777,20,15,636672.14,1984798418.0,99239920.9,False,True,False,2017-06-22,0.0,1
sz002882,金龙羽,C38电气机械和器材制造业,SZ,2017-07-17,2017-07-28,7.44,18.1,1.4327956989247315,20,11,2798110.77,4384001501.0,219200075.05,False,True,False,2017-07-17,0.0,1
sz002883,*ST中设,M74专业技术服务业,SZ,2017-06-20,2017-07-07,18.8,57.09,2.0367021276595745,20,17,512740.58,2648867657.0,132443382.85,True,True,False,2017-06-20,0.0,1
sz002885,京泉华,C39计算机、通信和其他电子设备制造业,SZ,2017-06-27,2017-07-07,18.64,47.95,1.5724248927038627,20,10,648500.09,2636880173.0,131844008.65,False,True,False,2017-06-27,0.0,1
sz002886,沃特股份,C29橡胶和塑料制品业,SZ,2017-06-27,2017-07-07,15.89,40.89,1.5733165512901195,20,10,427754.45,1428239167.0,71411958.35,False,True,False,2017-06-27,0.0,1
sz002888,惠威科技,C39计算机、通信和其他电子设备制造业,SZ,2017-07-21,2017-08-21,10.76,31.82,1.9572490706319705,20,31,724898.9099999999,1990426184.0,99521309.2,False,True,False,2017-07-21,0.0,1
sz002889,东方嘉盛,L72商务服务业,SZ,2017-07-31,2017-08-21,15.53,35.49,1.2852543464262718,20,21,1905755.97,5839951284.0,291997564.2,False,True,False,2017-07-31,0.0,1
sz002890,弘宇股份,C35专用设备制造业,SZ,2017-08-02,2017-08-29,15.31,46.6,2.043762246897453,20,27,839017.0299999999,3018063808.0,150903190.4,False,True,False,2017-08-02,0.0,1
sz002891,中宠股份,C13农副食品加工业,SZ,2017-08-21,2017-09-05,18.55,50.2,1.7061994609164421,20,15,612429.0199999999,2629723360.0,131486168.0,False,True,False,2017-08-21,0.0,1
sz002892,科力尔,C38电气机械和器材制造业,SZ,2017-08-17,2017-09-04,21.07,65.59,2.1129568106312293,20,18,601674.13,3513810623.0,175690531.15,False,True,False,2017-08-17,0.0,1
sz002893,京能热力,D44电力、热力生产和供应业,SZ,2017-09-15,2017-10-16,10.27,43.48,3.2336903602726386,20,31,1316310.74,4876576692.0,243828834.6,False,True,False,2017-09-15,0.0,1
sz002895,川恒股份,C26化学原料和化学制品制造业,SZ,2017-08-25,2017-09-26,8.44,43.0,4.09478672985782,20,32,1529953.2,5212662037.0,260633101.85,False,True,False,2017-08-25,0.0,1
sz002896,中大力德,C34通用设备制造业,SZ,2017-08-29,2017-09-20,15.51,59.99,2.8678272082527405,20,22,793913.83,4273235058.0,213661752.9,False,True,False,2017-08-29,0.0,1
sz002897,意华股份,C38电气机械和器材制造业,SZ,2017-09-07,2017-09-25,24.82,63.58,1.5616438356164384,20,18,1022260.91,5587138503.0,279356925.15,False,True,False,2017-09-07,0.0,1
sz002899,英派斯,C24文教、工美、体育和娱乐用品制造业,SZ,2017-09-15,2017-09-29,19.26,49.53,1.5716510903426788,20,14,987767.04,4381969039.0,219098451.95,False,True,False,2017-09-15,0.0,1
sz002900,哈三联,C27医药制造业,SZ,2021-03-09,2021-04-01,7.5,15.4,1.0533333333333332,20,23,3781124.33,4799805694.0,239990284.7,False,False,False,2017-09-22,1264.0,1
sz002901,大博医疗,C35专用设备制造业,SZ,2017-09-22,2017-10-19,13.87,51.83,2.736842105263158,20,27,1499629.52,6950334107.0,347516705.35,False,True,False,2017-09-22,0.0,1
sz002902,铭普光磁,C39计算机、通信和其他电子设备制造业,SZ,2017-09-29,2017-10-25,16.96,58.08,2.424528301886792,20,26,1289191.0199999998,6449767153.0,322488357.65,False,True,False,2017-09-29,0.0,1
sz002903,宇环数控,C34通用设备制造业,SZ,2017-10-13,2017-11-09,15.34,64.27,3.189700130378096,20,27,886718.6499999999,5148827961.0,257441398.05,False,True,False,2017-10-13,0.0,1
sz002905,金逸影视,R87广播、电视、电影和录音制作业,SZ,2017-10-16,2017-10-24,25.18,53.52,1.1254964257347102,20,8,1096391.99,5101769566.0,255088478.3,False,True,False,2017-10-16,0.0,1
sz002906,华阳集团,C39计算机、通信和其他电子设备制造业,SZ,2017-10-13,2017-10-25,16.43,36.09,1.1965916007303714,20,12,2269450.0400000005,7151858543.0,357592927.15,False,True,False,2017-10-13,0.0,1
sz002907,华森制药,C27医药制造业,SZ,2017-10-20,2017-11-17,5.98,30.79,4.148829431438126,20,28,1192079.67,3238477094.0,161923854.7,False,True,False,2017-10-20,0.0,1
sz002908,德生科技,I65软件和信息技术服务业,SZ,2017-10-20,2017-11-14,9.92,45.5,3.586693548387097,20,25,629513.86,2384780124.0,119239006.2,False,True,False,2017-10-20,0.0,1
sz002909,集泰股份,C26化学原料和化学制品制造业,SZ,2017-10-26,2017-11-15,9.86,32.9,2.336713995943205,20,20,687479.01,1753780619.0,87689030.95,False,True,False,2017-10-26,0.0,1
sz002910,庄园牧场,C14食品制造业,SZ,2017-10-31,2017-11-20,8.95,33.68,2.763128491620112,20,20,1809752.0500000003,4762262698.0,238113134.9,False,True,False,2017-10-31,0.0,1
sz002911,佛燃能源,D45燃气生产和供应业,SZ,2022-07-15,2022-08-01,9.02,18.2,1.0177383592017737,20,17,3407981.8400000003,4860779785.0,243038989.25,False,False,False,2017-11-22,1696.0,1
sz002912,中新赛克,I65软件和信息技术服务业,SZ,2017-11-21,2017-12-14,36.26,112.86,2.1125206839492554,20,23,680042.3099999999,6789452642.0,339472632.1,False,True,False,2017-11-21,0.0,1
sz002915,中欣氟材,C26化学原料和化学制品制造业,SZ,2017-12-05,2018-01-08,7.72,38.79,4.024611398963731,20,34,845771.38,3010007923.0,150500396.15,False,True,False,2017-12-05,0.0,1
sz002916,深南电路,C39计算机、通信和其他电子设备制造业,SZ,2017-12-13,2018-01-05,23.16,103.5,3.4689119170984455,20,23,2310121.5500000003,21576539946.0,1078826997.3,False,True,False,2017-12-13,0.0,1
sz002917,金奥博,C26化学原料和化学制品制造业,SZ,2017-12-08,2018-01-03,13.97,36.0,1.5769506084466713,20,26,1711913.0200000003,5017229819.0,250861490.95,False,True,False,2017-12-08,0.0,1
sz002919,名臣健康,I64互联网和相关服务,SZ,2017-12-18,2018-01-04,16.58,46.94,1.8311218335343789,20,17,892800.59,3585883273.0,179294163.65,False,True,False,2017-12-18,0.0,1
sz002921,联诚精密,C34通用设备制造业,SZ,2017-12-27,2018-01-17,13.86,44.7,2.2251082251082255,20,21,880034.48,3422736472.0,171136823.6,False,True,False,2017-12-27,0.0,1
sz002922,伊戈尔,C38电气机械和器材制造业,SZ,2017-12-29,2018-01-16,16.38,35.6,1.1733821733821737,20,18,1426747.42,4412149680.0,220607484.0,False,True,False,2017-12-29,0.0,1
sz002923,润都股份,C27医药制造业,SZ,2018-01-05,2018-01-17,22.45,52.49,1.3380846325167037,20,12,1340678.5,6113173117.0,305658655.85,False,True,False,2018-01-05,0.0,1
sz002925,盈趣科技,C39计算机、通信和其他电子设备制造业,SZ,2018-01-15,2018-02-13,27.0,90.64,2.357037037037037,20,29,2368306.4800000004,17877408866.0,893870443.3,False,True,False,2018-01-15,0.0,1
sz002927,泰永长征,C38电气机械和器材制造业,SZ,2018-02-23,2018-03-22,17.74,66.44,2.745208568207441,20,27,1940058.06,10351886728.0,517594336.4,False,True,False,2018-02-23,0.0,1
sz002929,润建股份,I65软件和信息技术服务业,SZ,2018-03-01,2018-03-27,28.74,63.11,1.1958942240779402,20,26,3666883.13,20069509708.0,1003475485.4,False,True,False,2018-03-01,0.0,1
sz002930,宏川智慧,G59装卸搬运和仓储业,SZ,2018-03-28,2018-04-18,10.24,34.44,2.3632812499999996,20,21,2599478.8000000003,7583678604.0,379183930.2,False,True,False,2018-03-28,0.0,1
sz002931,锋龙股份,C35专用设备制造业,SZ,2018-04-03,2018-05-04,14.83,60.15,3.055967633175994,20,31,1048851.6600000001,5393755399.0,269687769.95,False,True,False,2018-04-03,0.0,1
sz002932,*ST明德,C27医药制造业,SZ,2018-07-10,2018-07-27,24.54,101.66,3.142624286878566,20,17,519997.1700000001,4614407686.0,230720384.3,True,True,False,2018-07-10,0.0,1
sz002933,新兴装备,C37铁路、船舶、航空航天和其他运输设备制造业,SZ,2018-08-28,2018-09-10,26.94,73.95,1.744988864142539,20,13,1252036.6900000002,8036583235.0,401829161.75,False,True,False,2018-08-28,0.0,1
sz002935,天奥电子,C39计算机、通信和其他电子设备制造业,SZ,2018-09-03,2018-09-14,25.59,65.84,1.572880031262212,20,11,1287796.28,7254129991.0,362706499.55,False,True,False,2018-09-03,0.0,1
sz002937,兴瑞科技,C39计算机、通信和其他电子设备制造业,SZ,2018-09-26,2018-10-23,11.93,31.35,1.627829002514669,20,27,2980306.9400000004,8051885678.0,402594283.9,False,True,False,2018-09-26,0.0,1
sz002940,昂利康,C27医药制造业,SZ,2025-05-15,2025-06-12,13.25,28.38,1.14188679245283,20,28,2966773.1399999997,6029442038.0,301472101.9,False,False,False,2018-10-23,2396.0,1
sz002941,新疆交建,E48土木工程建筑业,SZ,2018-11-28,2018-12-14,8.62,23.98,1.7819025522041767,20,16,3935958.16,8428067751.0,421403387.55,False,True,False,2018-11-28,0.0,1
sz002942,新农股份,C26化学原料和化学制品制造业,SZ,2018-12-05,2018-12-13,17.2,36.26,1.1081395348837209,20,8,1708470.49,5317675643.0,265883782.15,False,True,False,2018-12-05,0.0,1
sz002943,宇晶股份,C34通用设备制造业,SZ,2018-11-29,2018-12-07,21.13,43.77,1.0714623757690491,20,8,1411582.53,5489631951.0,274481597.55,False,True,False,2018-11-29,0.0,1
sz002945,华林证券,J67资本市场服务,SZ,2019-01-17,2019-02-19,4.34,11.29,1.6013824884792625,20,33,14554691.26,14601377022.0,730068851.1,False,True,False,2019-01-17,0.0,1
sz002946,新乳业,C14食品制造业,SZ,2019-01-25,2019-02-20,6.54,20.96,2.2048929663608563,20,26,5100725.449999999,9641944039.0,482097201.95,False,True,False,2019-01-25,0.0,1
sz002947,恒铭达,C39计算机、通信和其他电子设备制造业,SZ,2019-02-01,2019-03-07,22.46,60.52,1.6945681211041852,20,34,2077195.3499999999,10986440925.0,549322046.25,False,True,False,2019-02-01,0.0,1
sz002949,华阳国际,M74专业技术服务业,SZ,2019-02-26,2019-03-20,12.61,36.36,1.8834258524980174,20,22,1979619.9000000001,6568023438.0,328401171.9,False,True,False,2019-02-26,0.0,1
sz002950,奥美医疗,C27医药制造业,SZ,2019-03-11,2019-03-26,13.24,38.38,1.8987915407854987,20,15,1956554.52,6883986249.0,344199312.45,False,True,False,2019-03-11,0.0,1
sz002951,金时科技,C23印刷和记录媒介复制业,SZ,2019-03-15,2019-04-08,11.93,38.63,2.2380553227158426,20,24,1955283.97,6700687407.0,335034370.35,False,True,False,2019-03-15,0.0,1
sz002952,亚世光电,C39计算机、通信和其他电子设备制造业,SZ,2019-03-28,2019-04-09,37.37,79.93,1.1388814557131393,20,12,431836.53,2899343782.0,144967189.1,False,True,False,2019-03-28,0.0,1
sz002953,日丰股份,C38电气机械和器材制造业,SZ,2019-05-09,2019-06-03,12.62,42.19,2.34310618066561,20,25,2865126.95,8478324525.0,423916226.25,False,True,False,2019-05-09,0.0,1
sz002957,科瑞技术,C35专用设备制造业,SZ,2019-07-26,2019-08-07,18.12,45.25,1.4972406181015452,20,12,1990776.4399999997,7496315001.0,374815750.05,False,True,False,2019-07-26,0.0,1
sz002958,青农商行,J66货币金融服务,SZ,2019-03-26,2019-04-04,4.75,10.97,1.3094736842105266,20,9,19302523.07,18827905622.0,941395281.1,False,True,False,2019-03-26,0.0,1
sz002959,小熊电器,C38电气机械和器材制造业,SZ,2019-08-23,2019-09-20,41.1,85.91,1.090267639902676,20,28,1364023.1,9522944745.0,476147237.25,False,True,False,2019-08-23,0.0,1
sz002961,瑞达期货,J67资本市场服务,SZ,2019-09-05,2019-09-30,6.68,36.85,4.516467065868264,20,25,861721.62,2584222967.0,129211148.35,False,True,False,2019-09-05,0.0,1
sz002962,五方光电,C39计算机、通信和其他电子设备制造业,SZ,2019-09-17,2019-09-30,17.27,46.99,1.720903300521135,20,13,1956849.56,8184981192.0,409249059.6,False,True,False,2019-09-17,0.0,1
sz002965,祥鑫科技,C36汽车制造业,SZ,2022-07-01,2022-07-19,29.4,59.62,1.027891156462585,20,18,1731818.13,7160723931.0,358036196.55,False,False,False,2019-10-25,980.0,1
sz002967,广电计量,M74专业技术服务业,SZ,2019-11-08,2019-12-05,8.92,33.0,2.6995515695067267,20,27,4070878.6,11718043934.0,585902196.7,False,True,False,2019-11-08,0.0,1
sz002968,新大正,K70房地产业,SZ,2019-12-03,2019-12-13,32.11,78.2,1.4353783867953909,20,10,782595.36,5541246064.0,277062303.2,False,True,False,2019-12-03,0.0,1
sz002969,嘉美包装,C33金属制品业,SZ,2019-12-02,2019-12-18,4.4,15.33,2.484090909090909,20,16,4316278.33,5873856301.0,293692815.05,False,True,False,2019-12-02,0.0,1
sz002970,锐明技术,I65软件和信息技术服务业,SZ,2019-12-17,2020-01-09,45.6,165.65,2.6326754385964914,20,23,945105.72,12598706405.0,629935320.25,False,True,False,2019-12-17,0.0,1
sz002971,和远气体,C26化学原料和化学制品制造业,SZ,2020-01-13,2020-02-11,12.98,36.98,1.8489984591679502,20,29,2280580.04,6729966053.0,336498302.65,False,True,False,2020-01-13,0.0,1
sz002972,科安达,C39计算机、通信和其他电子设备制造业,SZ,2019-12-27,2020-01-09,13.79,29.86,1.165337200870196,20,13,1368245.3199999998,3709168047.0,185458402.35,False,True,False,2019-12-27,0.0,1
sz002973,侨银股份,N78公共设施管理业,SZ,2020-01-06,2020-01-21,6.89,23.6,2.4252539912917275,20,15,1521610.7200000002,2868780404.0,143439020.2,False,True,False,2020-01-06,0.0,1
sz002975,博杰股份,C35专用设备制造业,SZ,2020-02-05,2020-02-21,41.52,137.0,2.2996146435452793,20,16,558277.9500000001,6981365402.0,349068270.1,False,True,False,2020-02-05,0.0,1
sz002976,瑞玛精密,C33金属制品业,SZ,2020-03-06,2020-03-17,22.81,53.34,1.3384480491012716,20,11,1134695.1,4823884160.0,241194208.0,False,True,False,2020-03-06,0.0,1
sz002977,*ST天箭,C39计算机、通信和其他电子设备制造业,SZ,2020-03-17,2020-04-08,35.98,115.5,2.21011673151751,20,22,878828.2000000002,8427572992.0,421378649.6,True,True,False,2020-03-17,0.0,1
sz002979,雷赛智能,C40仪器仪表制造业,SZ,2020-04-08,2020-05-07,11.76,31.9,1.7125850340136055,20,29,2879860.91,7994582893.0,399729144.65,False,True,False,2020-04-08,0.0,1
sz002980,华盛昌,C40仪器仪表制造业,SZ,2020-04-15,2020-05-14,17.87,69.84,2.9082260772243984,20,29,2188289.39,10422494672.0,521124733.6,False,True,False,2020-04-15,0.0,1
sz002981,朝阳科技,C39计算机、通信和其他电子设备制造业,SZ,2020-04-17,2020-05-11,20.78,44.55,1.1438883541867177,20,24,1528230.8899999997,5733963814.0,286698190.7,False,True,False,2020-04-17,0.0,1
sz002982,湘佳股份,A03畜牧业,SZ,2020-04-24,2020-05-26,35.56,116.16,2.2665916760404947,20,32,1502232.0799999998,12834303840.0,641715192.0,False,True,False,2020-04-24,0.0,1
sz002983,芯瑞达,C39计算机、通信和其他电子设备制造业,SZ,2020-04-28,2020-05-19,15.56,53.78,2.456298200514139,20,21,1575215.84,7527205712.0,376360285.6,False,True,False,2020-04-28,0.0,1
sz002984,森麒麟,C29橡胶和塑料制品业,SZ,2021-01-15,2021-02-18,24.88,51.0,1.04983922829582,20,34,1618432.4,5529556910.0,276477845.5,False,False,False,2020-09-11,126.0,1
sz002985,北摩高科,C37铁路、船舶、航空航天和其他运输设备制造业,SZ,2020-04-29,2020-05-27,27.04,111.65,3.1290680473372783,20,28,1407647.1600000001,13895091002.0,694754550.1,False,True,False,2020-04-29,0.0,1
sz002987,京北方,I65软件和信息技术服务业,SZ,2020-05-07,2020-05-18,30.42,64.68,1.1262327416173572,20,11,1487991.3800000001,8429655508.0,421482775.4,False,True,False,2020-05-07,0.0,1
sz002988,豪美新材,C32有色金属冶炼和压延加工业,SZ,2023-10-23,2023-11-14,18.3,37.77,1.0639344262295083,20,22,906134.9900000001,2251972375.0,112598618.75,False,False,False,2020-05-18,1253.0,1
sz002989,中天精装,E50建筑装饰、装修和其他建筑业,SZ,2020-06-10,2020-06-19,29.42,63.76,1.1672331747110807,20,9,1789775.1099999999,9941639315.0,497081965.75,False,True,False,2020-06-10,0.0,1
sz002990,盛视科技,I65软件和信息技术服务业,SZ,2020-05-25,2020-06-15,44.17,103.47,1.3425401856463663,20,21,1452747.8599999999,12909619338.0,645480966.9,False,True,False,2020-05-25,0.0,1
sz002991,甘源食品,C13农副食品加工业,SZ,2020-07-31,2020-08-17,46.51,158.76,2.4134594710814876,20,17,779452.63,11037301786.0,551865089.3,False,True,False,2020-07-31,0.0,1
sz002992,宝明科技,C39计算机、通信和其他电子设备制造业,SZ,2022-06-15,2022-07-12,11.83,25.25,1.1344040574809804,20,27,1428834.9600000002,2708156994.0,135407849.7,False,False,False,2020-08-03,681.0,1
sz002993,奥海科技,C39计算机、通信和其他电子设备制造业,SZ,2020-08-17,2020-09-11,32.26,99.55,2.0858648481091135,20,25,1993937.0399999998,16812198873.0,840609943.65,False,True,False,2020-08-17,0.0,1
sz002995,天地在线,L72商务服务业,SZ,2020-08-05,2020-08-14,40.61,94.97,1.3385865550357057,20,9,477648.05000000005,3823904165.0,191195208.25,False,True,False,2020-08-05,0.0,1
sz002996,顺博合金,C42废弃资源综合利用业,SZ,2021-02-26,2021-03-22,12.75,27.07,1.1231372549019607,20,24,2427735.22,4166291324.0,208314566.2,False,False,False,2020-08-28,182.0,1
sz002997,瑞鹄模具,C35专用设备制造业,SZ,2022-07-04,2022-07-28,16.41,34.1,1.0780012187690433,20,24,4039768.89,9836135799.0,491806789.95,False,False,False,2020-09-03,669.0,1
sz002998,优彩资源,C28化学纤维制造业,SZ,2021-01-29,2021-03-02,8.33,16.8,1.0168067226890756,20,32,3276660.0100000002,3931526098.0,196576304.9,False,False,False,2020-09-25,126.0,1
sz002999,天禾股份,F52零售业,SZ,2020-09-03,2020-09-11,7.94,16.89,1.1272040302267001,20,8,2344311.13,3189371048.0,159468552.4,False,True,False,2020-09-03,0.0,1
sz003000,劲仔食品,C13农副食品加工业,SZ,2020-09-14,2020-10-14,6.02,19.48,2.2358803986710964,20,30,1854444.65,3241353963.0,162067698.15,False,True,False,2020-09-14,0.0,1
sz003001,中岩大地,E48土木工程建筑业,SZ,2021-03-10,2021-04-07,27.9,55.81,1.000358422939068,20,28,723848.0700000001,3058063198.0,152903159.9,False,False,False,2020-10-13,148.0,1
sz003002,壶化股份,C26化学原料和化学制品制造业,SZ,2024-09-04,2024-10-10,10.22,20.91,1.0459882583170255,20,36,1562254.48,2258174352.0,112908717.6,False,False,False,2020-09-22,1443.0,1
sz003003,天元股份,C23印刷和记录媒介复制业,SZ,2025-04-09,2025-04-25,7.84,17.07,1.177295918367347,20,16,2096220.7599999998,2682322174.0,134116108.7,False,False,False,2020-09-21,1661.0,1
sz003004,声迅股份,I65软件和信息技术服务业,SZ,2020-11-26,2020-12-07,24.31,56.85,1.3385438091320445,20,11,588109.0499999999,2390929402.0,119546470.1,False,True,False,2020-11-26,0.0,1
sz003005,竞业达,I65软件和信息技术服务业,SZ,2022-09-21,2022-10-14,15.62,32.47,1.0787451984635084,20,23,1227875.53,3140002776.0,157000138.8,False,False,False,2020-09-22,729.0,1
sz003006,百亚股份,C22造纸和纸制品业,SZ,2020-09-21,2020-10-14,7.93,20.68,1.6078184110970999,20,23,1882935.5200000003,3463607944.0,173180397.2,False,True,False,2020-09-21,0.0,1
sz003007,直真科技,I65软件和信息技术服务业,SZ,2022-01-27,2022-02-28,16.38,35.62,1.1746031746031744,20,32,1061184.34,2847369785.0,142368489.25,False,False,False,2020-09-23,491.0,1
sz003009,中天火箭,C37铁路、船舶、航空航天和其他运输设备制造业,SZ,2020-09-25,2020-10-28,17.08,94.14,4.5117096018735365,20,33,343987.32,2468361652.0,123418082.6,False,True,False,2020-09-25,0.0,1
sz003010,若羽臣,I64互联网和相关服务,SZ,2020-09-25,2020-10-21,18.24,56.1,2.0756578947368425,20,26,1077974.3599999999,5334252832.0,266712641.6,False,True,False,2020-09-25,0.0,1
sz003015,日久光电,C39计算机、通信和其他电子设备制造业,SZ,2020-10-21,2020-11-09,7.88,19.59,1.486040609137056,20,19,2980447.6100000003,5060930633.0,253046531.65,False,True,False,2020-10-21,0.0,1
sz003018,金富科技,C29橡胶和塑料制品业,SZ,2025-11-06,2025-12-03,12.57,27.31,1.1726332537788382,20,27,3135312.83,5456962097.0,272848104.85,False,False,False,2020-11-06,1826.0,1
sz003022,联泓新科,C26化学原料和化学制品制造业,SZ,2021-01-20,2021-02-18,18.53,37.78,1.0388559093362115,20,29,4387882.5600000005,11771315004.0,588565750.2,False,True,False,2020-12-08,43.0,1
sz003023,彩虹集团,C38电气机械和器材制造业,SZ,2022-09-05,2022-10-10,18.15,38.5,1.1212121212121215,20,35,2210156.48,5993440062.0,299672003.1,False,False,False,2020-12-11,633.0,1
sz003026,中晶科技,C39计算机、通信和其他电子设备制造业,SZ,2020-12-18,2021-01-15,16.67,115.9,5.952609478104379,20,28,685020.7899999999,6185694122.0,309284706.1,False,True,False,2020-12-18,0.0,1
sz003028,振邦智能,C39计算机、通信和其他电子设备制造业,SZ,2020-12-28,2021-01-07,26.1,61.05,1.339080459770115,20,10,648677.82,2549295054.0,127464752.7,False,True,False,2020-12-28,0.0,1
sz003029,吉大正元,I65软件和信息技术服务业,SZ,2020-12-24,2021-01-07,14.87,38.27,1.5736381977135174,20,14,990395.11,2406071532.0,120303576.6,False,True,False,2020-12-24,0.0,1
sz003030,祖名股份,C13农副食品加工业,SZ,2021-01-06,2021-01-27,18.22,46.84,1.5708013172338093,20,21,1481908.6,5949173704.0,297458685.2,False,True,False,2021-01-06,0.0,1
sz003031,中瓷电子,C39计算机、通信和其他电子设备制造业,SZ,2021-01-04,2021-01-25,18.32,91.88,4.0152838427947595,20,21,507844.23000000004,4082623008.0,204131150.4,False,True,False,2021-01-04,0.0,1
sz003032,传智教育,P83教育,SZ,2021-01-12,2021-02-04,10.15,30.32,1.9871921182266008,20,23,1705934.0500000003,3983753333.0,199187666.65,False,True,False,2021-01-12,0.0,1
sz003035,南网能源,M75科技推广和应用服务业,SZ,2021-01-19,2021-02-10,1.68,8.55,4.089285714285715,20,22,22049578.76,15860231571.0,793011578.55,False,True,False,2021-01-19,0.0,1
sz003036,泰坦股份,C35专用设备制造业,SZ,2021-01-28,2021-02-08,6.86,16.07,1.3425655976676385,20,11,1401855.22,1604407121.0,80220356.05,False,True,False,2021-01-28,0.0,1
sz003038,鑫铂股份,C32有色金属冶炼和压延加工业,SZ,2021-02-10,2021-02-25,21.7,46.12,1.1253456221198155,20,15,973565.5900000001,3259055639.0,162952781.95,False,True,False,2021-02-10,0.0,1
sz003039,顺控发展,D46水的生产和供应业,SZ,2021-03-08,2021-04-02,7.03,51.66,6.348506401137979,20,25,3532045.79,9504647891.0,475232394.55,False,True,False,2021-03-08,0.0,1
sz003040,楚天龙,C39计算机、通信和其他电子设备制造业,SZ,2021-03-22,2021-04-15,5.54,32.95,4.947653429602888,20,24,2005393.78,5704259504.0,285212975.2,False,True,False,2021-03-22,0.0,1
sz003041,真爱美家,C17纺织业,SZ,2021-04-06,2021-04-15,21.6,50.52,1.338888888888889,20,9,990872.3899999999,3584195358.0,179209767.9,False,True,False,2021-04-06,0.0,1
sz003042,中农联合,C26化学原料和化学制品制造业,SZ,2021-04-06,2021-04-14,25.87,55.02,1.1267877850792423,20,8,1066673.05,4285169912.0,214258495.6,False,True,False,2021-04-06,0.0,1
sz003043,华亚智能,C33金属制品业,SZ,2021-04-06,2021-04-23,23.77,98.52,3.1447202355910813,20,17,1153667.13,8062329757.0,403116487.85,False,True,False,2021-04-06,0.0,1
sz123007,,,SZ,2021-06-18,2021-07-14,112.032,234.033,1.0889835047129393,20,26,1597072.93,0.0,0.0,False,False,False,2018-01-26,1239.0,0
sz123013,,,SZ,2020-08-07,2020-08-10,161.3,398.8,1.4724116553006819,20,3,291845.9,0.0,0.0,False,False,False,2018-08-20,718.0,0
sz123014,,,SZ,2020-02-28,2020-03-20,114.001,245.0,1.1491039552284628,20,21,360115.05,0.0,0.0,False,False,False,2018-08-21,556.0,0
sz123015,,,SZ,2020-04-13,2020-04-21,106.8,215.0,1.0131086142322099,20,8,751291.3300000001,0.0,0.0,False,False,False,2018-09-13,578.0,0
sz123018,,,SZ,2020-09-30,2020-10-27,194.0,450.0,1.3195876288659796,20,27,444606.64999999997,0.0,0.0,False,False,False,2019-01-23,616.0,0
sz123027,,,SZ,2021-04-26,2021-05-07,138.8,295.0,1.12536023054755,20,11,1018650.07,0.0,0.0,False,False,False,2019-07-04,662.0,0
sz123028,,,SZ,2021-08-24,2021-09-17,104.451,230.0,1.2019894495983765,20,24,2328975.75,0.0,0.0,False,False,False,2019-07-15,771.0,0
sz123029,,,SZ,2020-02-04,2020-02-28,136.001,287.888,1.1168079646473186,20,24,204650.63999999996,0.0,0.0,False,False,False,2019-09-10,147.0,0
sz123030,,,SZ,2020-09-24,2020-10-21,133.28,276.846,1.0771758703481393,20,27,681815.06,0.0,0.0,False,False,False,2019-09-12,378.0,0
sz123032,,,SZ,2020-09-24,2020-10-21,124.47,358.012,1.8762914758576366,20,27,1200059.69,0.0,0.0,False,False,False,2019-10-31,329.0,0
sz123034,,,SZ,2022-05-24,2022-06-21,191.544,432.825,1.2596635759929833,20,28,1508368.03,0.0,0.0,False,False,False,2019-11-28,908.0,0
sz123037,,,SZ,2020-02-28,2020-03-17,120.589,262.99,1.1808788529633714,20,18,679706.97,0.0,0.0,False,True,False,2020-01-22,37.0,0
sz123042,,,SZ,2020-09-29,2020-10-22,106.513,240.0,1.2532460826378,20,23,433552.36,0.0,0.0,False,False,False,2020-02-14,228.0,0
sz123043,,,SZ,2020-09-28,2020-10-22,114.03,359.0,2.148294308515303,20,24,516345.19000000006,0.0,0.0,False,False,False,2020-03-31,181.0,0
sz123044,,,SZ,2024-09-10,2024-10-11,113.8,229.876,1.02,20,31,412620.57,0.0,0.0,False,False,False,2020-04-13,1611.0,0
sz123045,,,SZ,2020-09-24,2020-10-23,110.021,269.0,1.4449877750611249,20,29,723003.45,0.0,0.0,False,False,False,2020-04-13,164.0,0
sz123047,,,SZ,2021-06-16,2021-07-08,137.001,299.0,1.1824658214173618,20,22,2286779.2,0.0,0.0,False,False,False,2020-04-17,425.0,0
sz123073,,,SZ,2022-04-27,2022-05-12,131.07,266.598,1.0340123598077366,20,15,2211071.0,0.0,0.0,False,False,False,2020-11-16,527.0,0
sz123074,,,SZ,2021-07-05,2021-07-30,110.002,221.9,1.017236050253632,20,25,2862454.89,0.0,0.0,False,False,False,2020-11-16,231.0,0
sz123079,,,SZ,2021-08-18,2021-09-03,182.281,365.0,1.0024028834601522,20,16,715286.77,0.0,0.0,False,False,False,2020-12-25,236.0,0
sz123086,,,SZ,2021-10-29,2021-11-19,130.5,281.888,1.1600613026819921,20,21,3035387.78,0.0,0.0,False,False,False,2021-02-08,263.0,0
sz123101,,,SZ,2024-10-25,2024-11-20,114.15,252.0,1.2076215505913273,20,26,4095969.67,0.0,0.0,False,False,False,2021-03-29,1306.0,0
sz123102,,,SZ,2021-08-19,2021-09-03,167.78,338.88,1.0197878173799024,20,15,2337158.38,0.0,0.0,False,False,False,2021-04-01,140.0,0
sz123103,,,SZ,2021-04-14,2021-05-13,109.194,220.615,1.0203948934923166,20,29,414093.67000000004,0.0,0.0,False,True,False,2021-03-31,14.0,0
sz123106,,,SZ,2024-03-29,2024-04-29,110.717,232.2,1.0972389064010044,20,31,4225050.34,0.0,0.0,False,False,False,2021-04-20,1074.0,0
sz123116,,,SZ,2023-04-07,2023-04-28,143.1,291.6,1.0377358490566042,20,21,4247254.149999999,0.0,0.0,False,False,False,2021-07-01,645.0,0
sz123132,,,SZ,2025-03-24,2025-04-03,113.8,228.0,1.0035149384885766,20,10,3271130.98,0.0,0.0,False,False,False,2022-01-07,1172.0,0
sz123134,,,SZ,2022-03-28,2022-04-20,148.78,305.0,1.0500067213335127,20,23,1871777.15,0.0,0.0,False,False,False,2022-01-18,69.0,0
sz123135,,,SZ,2022-03-29,2022-04-15,129.8,305.0,1.3497688751926038,20,17,1663920.92,0.0,0.0,False,False,False,2022-01-19,69.0,0
sz123136,,,SZ,2022-04-13,2022-05-05,125.4,259.99,1.073285486443381,20,22,2991210.1000000006,0.0,0.0,False,True,False,2022-02-15,57.0,0
sz123143,,,SZ,2022-04-22,2022-05-17,130.0,301.359,1.3181461538461536,20,25,3224321.4599999995,0.0,0.0,False,True,False,2022-04-22,0.0,0
sz123153,,,SZ,2024-05-06,2024-05-31,100.6,208.0,1.0675944333996026,20,25,4568783.050000001,0.0,0.0,False,False,False,2022-08-11,634.0,0
sz123157,,,SZ,2024-09-18,2024-10-15,88.113,181.97,1.0651890186465107,20,27,4985795.14,0.0,0.0,False,False,False,2022-09-20,729.0,1
sz123162,,,SZ,2025-07-15,2025-08-05,118.506,247.104,1.0851602450508837,20,21,1055863.3599999999,0.0,0.0,False,False,False,2022-11-04,984.0,0
sz123181,,,SZ,2023-05-15,2023-06-08,142.551,289.347,1.0297788160026937,20,24,1592810.03,0.0,0.0,False,True,False,2023-04-11,34.0,0
sz123187,,,SZ,2023-05-17,2023-06-13,125.217,264.16,1.1096177036664354,20,27,1032673.41,0.0,0.0,False,True,False,2023-04-25,22.0,1
sz123200,,,SZ,2023-07-17,2023-08-08,130.0,275.0,1.1153846153846154,20,22,2059164.0199999998,0.0,0.0,False,True,False,2023-07-17,0.0,0
sz123211,,,SZ,2024-09-26,2024-11-05,102.674,208.42,1.0299199407834503,20,40,514495.2299999999,0.0,0.0,False,False,False,2023-08-14,409.0,1
sz123218,,,SZ,2023-08-30,2023-09-26,130.0,394.84,2.037230769230769,20,27,1010145.6700000002,0.0,0.0,False,True,False,2023-08-30,0.0,0
sz123228,,,SZ,2025-01-07,2025-02-06,133.371,267.853,1.0083301467335475,20,30,3605499.329999999,0.0,0.0,False,False,False,2023-11-09,425.0,0
sz123241,,,SZ,2025-08-04,2025-08-26,317.596,639.0,1.0119900754417563,20,22,1361298.7599999998,0.0,0.0,False,False,False,2024-07-26,374.0,1
sz123246,,,SZ,2024-09-03,2024-10-09,130.0,271.888,1.0914461538461535,20,36,954164.97,0.0,0.0,False,True,False,2024-09-03,0.0,0
sz123256,,,SZ,2025-06-17,2025-06-25,130.0,265.92,1.0455384615384617,20,8,892532.4800000001,0.0,0.0,False,True,False,2025-06-17,0.0,0
sz123267,,,SZ,2026-05-13,2026-06-09,130.0,278.825,1.1448076923076922,20,27,1164442.7800000003,0.0,0.0,False,True,False,2026-05-13,0.0,1
sz123270,,,SZ,2026-06-12,2026-07-07,130.0,345.0,1.6538461538461537,20,25,1297472.18,0.0,0.0,False,True,False,2026-06-12,0.0,1
sz123273,,,SZ,2026-07-03,2026-07-16,130.0,373.689,1.8745307692307693,20,13,1417493.1900000002,0.0,0.0,False,True,False,2026-07-03,0.0,1
sz128007,,,SZ,2015-04-28,2015-05-22,152.585,665.99,3.3647147491562075,20,24,349618.53,0.0,0.0,False,False,False,2014-09-05,235.0,0
sz128025,,,SZ,2022-10-25,2022-11-21,120.33,240.8,1.0011634671320535,20,27,3586706.5299999993,0.0,0.0,False,False,False,2017-12-28,1762.0,0
sz128036,,,SZ,2020-03-17,2020-04-01,111.5,228.88,1.0527354260089687,20,15,875558.09,0.0,0.0,False,False,False,2018-04-02,715.0,0
sz128039,,,SZ,2020-09-28,2020-10-26,111.0,225.6,1.0324324324324325,20,28,556487.96,0.0,0.0,False,False,False,2018-06-29,822.0,0
sz128041,,,SZ,2020-08-07,2020-08-12,137.432,299.0,1.1756213982187558,20,5,337873.56999999995,0.0,0.0,False,False,False,2018-08-14,724.0,0
sz128042,,,SZ,2024-06-24,2024-07-10,111.288,230.688,1.0728919560060381,20,16,2442012.34,0.0,0.0,False,False,False,2018-09-03,2121.0,0
sz128044,,,SZ,2024-06-24,2024-07-03,51.265,102.7,1.0033161026041157,20,9,4515804.79,0.0,0.0,False,False,False,2018-09-04,2120.0,1
sz128049,,,SZ,2024-10-22,2024-11-18,121.3,258.754,1.1331739488870571,20,27,829610.62,0.0,0.0,False,False,False,2018-12-20,2133.0,0
sz128050,,,SZ,2020-09-29,2020-10-23,108.506,238.0,1.1934270915894052,20,24,372076.18,0.0,0.0,False,False,False,2018-12-27,642.0,0
sz128052,,,SZ,2019-03-26,2019-04-17,121.599,259.7,1.1357083528647438,20,22,263385.83999999997,0.0,0.0,False,False,False,2019-01-21,64.0,0
sz128065,,,SZ,2020-12-11,2021-01-05,177.2,363.55,1.0516365688487586,20,25,752843.7300000001,0.0,0.0,False,False,False,2019-05-10,581.0,0
sz128079,,,SZ,2020-09-30,2020-10-27,119.01,300.0,1.5207965717166623,20,27,765691.54,0.0,0.0,False,False,False,2019-11-21,314.0,0
sz128086,,,SZ,2020-04-28,2020-05-29,156.0,348.0,1.2307692307692308,20,31,2143964.65,0.0,0.0,False,False,False,2020-01-10,109.0,0
sz128093,,,SZ,2021-07-02,2021-07-29,127.8,308.0,1.4100156494522693,20,27,2094224.8299999998,0.0,0.0,False,False,False,2020-01-21,528.0,0
sz128103,,,SZ,2020-07-17,2020-08-10,111.702,244.0,1.1843834488191796,20,24,1022618.0399999999,0.0,0.0,False,False,False,2020-04-21,87.0,0
sz128110,,,SZ,2020-12-03,2020-12-24,149.001,301.66,1.0245501708042228,20,21,918242.6200000001,0.0,0.0,False,False,False,2020-07-08,148.0,0
sz128130,,,SZ,2025-09-02,2025-09-18,128.052,257.721,1.0126276825039828,20,16,1950226.3900000001,0.0,0.0,False,False,False,2020-09-18,1810.0,0
sz159300,,,SZ,2024-06-21,2024-06-25,0.971,3.51,2.614830072090628,20,4,8341051.070000001,0.0,0.0,False,True,False,2024-06-05,16.0,1
sz159393,,,SZ,2025-03-11,2025-03-31,0.992,3.922,2.9536290322580645,20,20,9502176.58,0.0,0.0,False,True,False,2025-03-10,1.0,1
sz159629,,,SZ,2022-10-31,2022-11-14,0.87,2.01,1.3103448275862069,20,14,393542876.16999996,0.0,0.0,False,False,False,2022-08-03,89.0,1
sz159633,,,SZ,2022-10-12,2022-10-31,0.836,1.906,1.2799043062200957,20,19,329519561.33,0.0,0.0,False,False,False,2022-08-04,69.0,1
sz159747,,,SZ,2023-04-25,2023-04-26,0.489,1.013,1.071574642126789,20,1,18854779.39,0.0,0.0,False,False,False,2021-07-14,650.0,1
sz159845,,,SZ,2022-07-13,2022-08-02,0.713,2.13,1.9873772791023843,20,20,224282458.26000002,0.0,0.0,False,False,False,2021-03-31,469.0,1
sz159851,,,SZ,2024-09-18,2024-10-21,0.722,1.456,1.0166204986149583,20,33,27570373.04,0.0,0.0,False,False,False,2021-03-19,1279.0,1
sz159925,,,SZ,2024-01-18,2024-01-29,1.595,3.354,1.10282131661442,20,11,18423265.120000005,0.0,0.0,False,False,False,2013-04-11,3934.0,1
sz300001,特锐德,C38电气机械和器材制造业,SZ,2015-05-06,2015-05-28,21.45,76.83,2.581818181818182,20,22,1770444.06,11824860670.0,591243033.5,False,False,False,2009-10-30,2014.0,1
sz300002,神州泰岳,I64互联网和相关服务,SZ,2023-03-16,2023-04-10,6.06,12.44,1.052805280528053,20,25,36973647.19,32972214771.0,1648610738.55,False,False,False,2009-10-30,4885.0,1
sz300004,南风股份,C34通用设备制造业,SZ,2024-09-19,2024-10-23,4.09,8.66,1.117359413202934,20,34,8151206.649999999,5086653047.0,254332652.35,False,False,False,2009-10-30,5438.0,1
sz300006,莱美药业,C27医药制造业,SZ,2019-03-14,2019-04-10,4.4,8.8,1.0,20,27,8940020.49,5841287758.0,292064387.9,False,False,False,2009-10-30,3422.0,1
sz300008,天海防务,C37铁路、船舶、航空航天和其他运输设备制造业,SZ,2015-09-29,2015-10-28,11.79,23.84,1.0220525869380834,20,29,3002977.98,4967537608.0,248376880.4,False,False,False,2009-10-30,2160.0,1
sz300010,ST豆神,I65软件和信息技术服务业,SZ,2015-03-06,2015-03-24,27.52,55.92,1.0319767441860468,20,18,4297418.72,15980703072.0,799035153.6,True,False,False,2009-10-30,1953.0,1
sz300013,新宁物流,G59装卸搬运和仓储业,SZ,2015-02-02,2015-03-05,10.69,21.45,1.0065481758652948,20,31,2694318.85,3931442876.0,196572143.8,False,False,False,2009-10-30,1921.0,1
sz300014,亿纬锂能,C38电气机械和器材制造业,SZ,2015-09-30,2015-11-20,17.4,36.66,1.1068965517241378,20,51,5450088.800000001,14650794236.0,732539711.8,False,False,False,2009-10-30,2161.0,1
sz300015,爱尔眼科,Q84卫生,SZ,2024-09-03,2024-10-08,9.2,19.09,1.0750000000000002,20,35,27068390.01,35670184835.0,1783509241.75,False,False,False,2009-10-30,5422.0,1
sz300016,北陆药业,C27医药制造业,SZ,2015-04-23,2015-05-21,30.37,63.1,1.0777082647349356,20,28,2269879.74,9169409024.0,458470451.2,False,False,False,2009-10-30,2001.0,1
sz300017,网宿科技,I65软件和信息技术服务业,SZ,2019-02-01,2019-03-07,7.4,15.72,1.1243243243243244,20,34,17699568.21,17596673890.0,879833694.5,False,False,False,2009-10-30,3381.0,1
sz300018,中元股份,C38电气机械和器材制造业,SZ,2015-03-26,2015-04-23,14.55,47.01,2.230927835051546,20,28,2070699.9000000001,7289921312.0,364496065.6,False,False,False,2009-10-30,1973.0,1
sz300019,硅宝科技,C26化学原料和化学制品制造业,SZ,2015-05-08,2015-06-04,13.88,27.86,1.0072046109510087,20,27,2577376.9,5023232816.0,251161640.8,False,False,False,2009-10-30,2016.0,1
sz300021,大禹节水,N76水利管理业,SZ,2009-10-30,2009-10-30,21.5,43.5,1.0232558139534884,20,0,846062.2900000002,2566815604.0,128340780.2,False,True,False,2009-10-30,0.0,1
sz300022,吉峰科技,F51批发业,SZ,2009-10-30,2009-12-02,28.5,88.11,2.091578947368421,20,33,947440.1799999999,4635300264.0,231765013.2,False,True,False,2009-10-30,0.0,1
sz300024,机器人,C34通用设备制造业,SZ,2015-05-07,2015-06-02,61.5,125.24,1.036422764227642,20,26,6833986.300000001,57665462272.0,2883273113.6,False,False,False,2009-10-30,2015.0,1
sz300025,华星创业,I65软件和信息技术服务业,SZ,2023-04-06,2023-04-28,5.63,11.9,1.1136767317939609,20,22,9357922.1,8024396108.0,401219805.4,False,False,False,2009-10-30,4906.0,1
sz300026,红日药业,C27医药制造业,SZ,2021-12-14,2022-01-04,4.25,8.66,1.0376470588235294,20,21,39168243.87,24808436966.0,1240421848.3,False,False,False,2009-10-30,4428.0,1
sz300030,阳普医疗,C35专用设备制造业,SZ,2020-01-16,2020-02-07,6.67,13.81,1.0704647676161918,20,22,3729794.9199999995,3661542710.0,183077135.5,False,False,False,2009-12-25,3674.0,1
sz300031,宝通科技,I64互联网和相关服务,SZ,2025-01-24,2025-02-27,17.7,37.74,1.1322033898305088,20,34,9560511.18,24637442187.0,1231872109.35,False,False,False,2009-12-25,5509.0,1
sz300032,金龙机电,C38电气机械和器材制造业,SZ,2015-03-12,2015-04-03,31.6,64.8,1.050632911392405,20,22,1367389.54,6101875392.0,305093769.6,False,False,False,2009-12-25,1903.0,1
sz300033,同花顺,J69其他金融业,SZ,2013-06-25,2013-07-22,14.51,29.6,1.0399724328049622,20,27,617845.08,1362857473.0,68142873.65,False,False,False,2009-12-25,1278.0,1
sz300035,中科电气,C39计算机、通信和其他电子设备制造业,SZ,2021-05-17,2021-06-11,10.69,22.21,1.0776426566884942,20,25,6600036.330000001,10577295897.0,528864794.85,False,False,False,2009-12-25,4161.0,1
sz300039,上海凯宝,C27医药制造业,SZ,2022-11-23,2022-12-13,6.23,12.5,1.0064205457463884,20,20,20841060.979999997,16752838310.0,837641915.5,False,False,False,2010-01-08,4702.0,1
sz300041,回天新材,C26化学原料和化学制品制造业,SZ,2015-05-07,2015-05-28,30.0,60.01,1.0003333333333333,20,21,870083.18,3544459916.0,177222995.8,False,False,False,2010-01-08,1945.0,1
sz300042,朗科科技,C39计算机、通信和其他电子设备制造业,SZ,2015-07-08,2015-07-20,16.18,36.8,1.2744128553770087,20,12,1077993.84,2832003633.0,141600181.65,False,False,False,2010-01-08,2007.0,1
sz300043,星辉娱乐,I64互联网和相关服务,SZ,2014-01-02,2014-02-10,17.35,37.4,1.1556195965417864,20,39,1397509.6700000004,3539280524.0,176964026.2,False,False,False,2010-01-20,1443.0,1
sz300044,*ST赛为,I65软件和信息技术服务业,SZ,2012-12-24,2013-01-23,11.75,24.61,1.0944680851063828,20,30,1383779.92,2589914906.0,129495745.3,True,False,False,2010-01-20,1069.0,1
sz300045,华力创通,C39计算机、通信和其他电子设备制造业,SZ,2015-07-07,2015-07-30,12.04,25.0,1.0764119601328903,20,23,5011309.02,9693688839.0,484684441.95,False,False,False,2010-01-20,1994.0,1
sz300046,台基股份,C39计算机、通信和其他电子设备制造业,SZ,2020-02-04,2020-02-18,13.37,27.78,1.0777860882572927,20,14,6541217.500000001,13165298195.0,658264909.75,False,False,False,2010-01-20,3667.0,1
sz300047,天源迪科,I65软件和信息技术服务业,SZ,2024-09-02,2024-10-08,7.08,14.38,1.0310734463276838,20,36,26482973.58,24268862093.0,1213443104.65,False,False,False,2010-01-20,5339.0,1
sz300048,合康新能,C38电气机械和器材制造业,SZ,2020-03-10,2020-04-07,2.73,5.72,1.0952380952380953,20,28,21689870.8,8078206999.0,403910349.95,False,False,False,2010-01-20,3702.0,1
sz300050,世纪鼎利,I65软件和信息技术服务业,SZ,2024-07-24,2024-08-19,2.66,5.86,1.2030075187969924,20,26,13610152.62,5193357745.0,259667887.25,False,False,False,2010-01-20,5299.0,1
sz300051,琏升科技,I65软件和信息技术服务业,SZ,2015-04-28,2015-06-01,18.01,36.2,1.0099944475291505,20,34,6376886.22,16293253904.0,814662695.2,False,False,False,2010-02-11,1902.0,1
sz300052,中青宝,I64互联网和相关服务,SZ,2013-06-04,2013-07-01,17.03,35.77,1.1004110393423372,20,27,2295399.48,5909522496.0,295476124.8,False,False,False,2010-02-11,1209.0,1
sz300053,航宇微,C39计算机、通信和其他电子设备制造业,SZ,2015-04-29,2015-05-27,33.67,72.6,1.1562221562221557,20,28,1717203.25,8209474512.0,410473725.6,False,False,False,2010-02-11,1903.0,1
sz300055,万邦达,C26化学原料和化学制品制造业,SZ,2015-02-25,2015-03-24,48.65,97.87,1.0117163412127441,20,27,2050704.1300000001,14238815312.0,711940765.6,False,False,False,2010-02-26,1825.0,1
sz300056,中创环保,C35专用设备制造业,SZ,2013-09-18,2013-10-22,16.16,35.3,1.184405940594059,20,34,2479365.8,5746238760.0,287311938.0,False,False,False,2010-02-26,1300.0,1
sz300058,蓝色光标,L72商务服务业,SZ,2025-12-16,2026-01-09,8.21,17.44,1.1242387332521315,20,24,117033877.51999998,136714869848.0,6835743492.4,False,False,False,2010-02-26,5772.0,1
sz300059,东方财富,J67资本市场服务,SZ,2013-06-13,2013-07-10,8.99,17.99,1.0011123470522802,20,27,7534913.149999999,10054796632.0,502739831.6,False,False,False,2010-03-19,1182.0,1
sz300061,旗天科技,L72商务服务业,SZ,2015-05-07,2015-05-27,17.03,34.34,1.016441573693482,20,20,1291775.7899999998,3014184172.0,150709208.6,False,False,False,2010-03-19,1875.0,1
sz300062,中能电气,C38电气机械和器材制造业,SZ,2020-09-11,2020-10-14,5.56,12.76,1.2949640287769784,20,33,5541583.58,4482871855.0,224143592.75,False,False,False,2010-03-19,3829.0,1
sz300063,天龙集团,L72商务服务业,SZ,2015-04-27,2015-05-21,19.53,52.33,1.6794674859190986,20,24,1477978.22,6228461984.0,311423099.2,False,False,False,2010-03-26,1858.0,1
sz300065,海兰信,C39计算机、通信和其他电子设备制造业,SZ,2021-11-01,2021-11-12,8.98,17.99,1.0033407572383073,20,11,9239707.21,11646709120.0,582335456.0,False,False,False,2010-03-26,4238.0,1
sz300067,安诺其,C26化学原料和化学制品制造业,SZ,2012-01-17,2012-03-14,7.2,15.0,1.0833333333333335,20,57,720875.8399999999,878432312.0,43921615.6,False,False,False,2010-04-21,636.0,1
sz300068,ST南都,C38电气机械和器材制造业,SZ,2015-04-13,2015-06-10,13.86,29.26,1.1111111111111112,20,58,5038888.760000001,9308148431.0,465407421.55,True,False,False,2010-04-21,1818.0,1
sz300069,金利华电,C38电气机械和器材制造业,SZ,2015-05-07,2015-06-02,30.31,64.01,1.1118442758165625,20,26,750727.2,3198505120.0,159925256.0,False,False,False,2010-04-21,1842.0,1
sz300071,福石控股,L72商务服务业,SZ,2020-08-12,2020-09-07,2.24,4.52,1.0178571428571423,20,26,13133212.16,4199236380.0,209961819.0,False,False,False,2010-04-21,3766.0,1
sz300072,海新能科,C26化学原料和化学制品制造业,SZ,2024-09-09,2024-09-27,1.82,3.9,1.1428571428571428,20,18,14326737.409999998,3965923995.0,198296199.75,False,False,False,2010-04-27,5249.0,1
sz300075,数字政通,I65软件和信息技术服务业,SZ,2021-12-24,2022-01-17,13.41,27.72,1.0671140939597312,20,24,12354544.600000003,22947042013.0,1147352100.65,False,False,False,2010-04-27,4259.0,1
sz300076,*ST宁视,C39计算机、通信和其他电子设备制造业,SZ,2015-04-28,2015-05-26,17.01,34.3,1.0164609053497937,20,28,2860579.7399999998,6794982688.0,339749134.4,True,False,False,2010-04-30,1824.0,1
sz300077,国民技术,C39计算机、通信和其他电子设备制造业,SZ,2021-05-18,2021-06-15,6.8,14.65,1.1544117647058822,20,28,13580322.1,15074950660.0,753747533.0,False,False,False,2010-04-30,4036.0,1
sz300078,思创智联,C39计算机、通信和其他电子设备制造业,SZ,2015-06-03,2015-06-25,23.32,82.6,2.5420240137221266,20,22,943096.7900000002,6792668744.0,339633437.2,False,False,False,2010-04-30,1860.0,1
sz300079,数码视讯,C39计算机、通信和其他电子设备制造业,SZ,2019-02-13,2019-03-12,3.81,7.73,1.0288713910761156,20,27,14604573.23,8574370399.0,428718519.95,False,False,False,2010-04-30,3211.0,1
sz300080,易成新能,C38电气机械和器材制造业,SZ,2024-09-10,2024-10-08,2.63,5.34,1.0304182509505702,20,28,8814443.58,3173271503.0,158663575.15,False,False,False,2010-06-25,5191.0,1
sz300081,ST恒信,I65软件和信息技术服务业,SZ,2015-03-05,2015-03-26,28.0,62.3,1.225,20,21,2056950.0299999998,10207325282.0,510366264.1,True,False,False,2010-05-20,1750.0,1
sz300082,奥克股份,C26化学原料和化学制品制造业,SZ,2020-12-11,2021-01-07,8.23,17.84,1.1676792223572297,20,27,5027601.880000001,5986330096.0,299316504.8,False,False,False,2010-05-20,3858.0,1
sz300085,银之杰,I65软件和信息技术服务业,SZ,2013-08-30,2013-09-26,13.13,26.39,1.00990099009901,20,27,664338.04,1227796904.0,61389845.2,False,False,False,2010-05-26,1192.0,1
sz300086,康芝药业,C27医药制造业,SZ,2015-04-28,2015-05-22,23.48,47.25,1.012350936967632,20,24,1953728.28,6178600064.0,308930003.2,False,False,False,2010-05-26,1798.0,1
sz300087,ST荃银,A05农、林、牧、渔专业及辅助性活动,SZ,2019-12-12,2020-01-09,7.84,16.36,1.0867346938775508,20,28,2369625.93,3130524232.0,156526211.6,True,False,False,2010-05-26,3487.0,1
sz300091,*ST金灵,C34通用设备制造业,SZ,2024-02-07,2024-03-08,1.3,2.63,1.023076923076923,20,30,11566172.11,2311063688.0,115553184.4,True,False,False,2010-06-25,4975.0,1
sz300092,科新机电,C35专用设备制造业,SZ,2015-07-08,2015-07-22,7.34,15.27,1.0803814713896456,20,14,2385527.5500000003,2954980860.0,147749043.0,False,False,False,2010-07-08,1826.0,1
sz300093,金刚光伏,C38电气机械和器材制造业,SZ,2022-06-02,2022-06-27,32.05,64.2,1.0031201248049926,20,25,1971375.21,8703643352.0,435182167.6,False,False,False,2010-07-08,4347.0,1
sz300094,国联水产,C13农副食品加工业,SZ,2021-12-20,2022-01-14,4.19,8.95,1.1360381861575175,20,25,25119557.400000002,14521353760.0,726067688.0,False,False,False,2010-07-08,4183.0,1
sz300095,华伍股份,C34通用设备制造业,SZ,2025-04-09,2025-05-09,5.5,11.49,1.0890909090909093,20,30,4777219.25,4226127442.0,211306372.1,False,False,False,2010-07-28,5369.0,1
sz300096,ST易联众,I65软件和信息技术服务业,SZ,2015-04-29,2015-05-22,19.23,39.93,1.076443057722309,20,23,9414211.63,23659880896.0,1182994044.8,True,False,False,2010-07-28,1736.0,1
sz300099,尤洛卡,C35专用设备制造业,SZ,2019-03-14,2019-04-08,5.27,10.75,1.0398481973434537,20,25,3475128.7700000005,2105908927.0,105295446.35,False,False,False,2010-08-06,3142.0,1
sz300100,双林股份,C36汽车制造业,SZ,2020-08-12,2020-09-01,5.59,11.87,1.1234347048300535,20,20,4443743.63,3706500894.0,185325044.7,False,False,False,2010-08-06,3659.0,1
sz300101,振芯科技,I65软件和信息技术服务业,SZ,2015-07-09,2015-07-24,32.0,64.88,1.0274999999999999,20,15,3172753.47,15321859664.0,766092983.2,False,False,False,2010-08-06,1798.0,1
sz300102,乾照光电,C39计算机、通信和其他电子设备制造业,SZ,2020-02-04,2020-02-21,3.69,8.02,1.1734417344173442,20,17,3888735.8699999996,2159109375.0,107955468.75,False,False,False,2010-08-12,3463.0,1
sz300103,达刚控股,C42废弃资源综合利用业,SZ,2012-11-28,2012-12-21,6.03,12.83,1.1276948590381424,20,23,3193525.6599999997,3309585034.0,165479251.7,False,False,False,2010-08-12,839.0,1
sz300106,西部牧业,C14食品制造业,SZ,2020-08-12,2020-08-27,7.29,15.6,1.139917695473251,20,15,3905155.9399999995,3927305528.0,196365276.4,False,False,False,2010-08-20,3645.0,1
sz300107,建新股份,C26化学原料和化学制品制造业,SZ,2017-12-28,2018-01-25,5.1,11.21,1.1980392156862747,20,28,5646534.15,4358592952.0,217929647.6,False,False,False,2010-08-20,2687.0,1
sz300109,新开源,C26化学原料和化学制品制造业,SZ,2014-11-17,2014-12-05,15.86,37.18,1.3442622950819674,20,18,1102874.72,3291996168.0,164599808.4,False,False,False,2010-08-25,1545.0,1
sz300110,华仁药业,C27医药制造业,SZ,2015-06-02,2015-06-18,8.47,26.61,2.141676505312869,20,16,4294736.53,9442134074.0,472106703.7,False,False,False,2010-08-25,1742.0,1
sz300111,向日葵,C27医药制造业,SZ,2015-05-07,2015-05-27,6.0,12.29,1.0483333333333333,20,20,23732007.6,20842982848.0,1042149142.4,False,False,False,2010-08-27,1714.0,1
sz300112,万讯自控,C40仪器仪表制造业,SZ,2015-04-21,2015-05-29,13.35,28.71,1.1505617977528093,20,38,2213347.8400000003,3856024940.0,192801247.0,False,False,False,2010-08-27,1698.0,1
sz300113,顺网科技,I64互联网和相关服务,SZ,2015-10-22,2015-11-17,43.2,86.64,1.0055555555555555,20,26,1726637.3900000001,10301541888.0,515077094.4,False,False,False,2010-08-27,1882.0,1
sz300120,经纬辉开,C39计算机、通信和其他电子设备制造业,SZ,2015-05-29,2015-06-16,16.7,35.3,1.1137724550898205,20,18,2862103.5799999996,6464644440.0,323232222.0,False,False,False,2010-09-17,1715.0,1
sz300121,阳谷华泰,C26化学原料和化学制品制造业,SZ,2024-09-23,2024-11-01,6.84,14.48,1.1169590643274856,20,39,6068127.340000002,6065239425.0,303261971.25,False,False,False,2010-09-17,5120.0,1
sz300122,智飞生物,C27医药制造业,SZ,2020-07-07,2020-07-30,93.17,194.21,1.0844692497585058,20,23,4548748.98,61682411006.0,3084120550.3,False,False,False,2010-09-28,3570.0,1
sz300123,ST亚光,C39计算机、通信和其他电子设备制造业,SZ,2020-01-13,2020-02-13,7.71,16.64,1.1582360570687418,20,31,14302529.33,16557014513.0,827850725.65,True,False,False,2010-09-28,3394.0,1
sz300125,聆达股份,C38电气机械和器材制造业,SZ,2019-02-11,2019-03-08,13.41,27.18,1.0268456375838926,20,25,1511973.4400000002,2941643350.0,147082167.5,False,False,False,2010-10-13,3043.0,1
sz300126,锐奇股份,C34通用设备制造业,SZ,2015-05-13,2015-06-03,13.35,45.8,2.4307116104868913,20,21,2305863.74,8956386555.0,447819327.75,False,False,False,2010-10-13,1673.0,1
sz300127,银河磁体,C39计算机、通信和其他电子设备制造业,SZ,2019-05-16,2019-06-13,12.25,26.38,1.153469387755102,20,28,4019667.62,6986235242.0,349311762.1,False,False,False,2010-10-13,3137.0,1
sz300128,锦富技术,C39计算机、通信和其他电子设备制造业,SZ,2019-01-31,2019-02-20,2.71,5.57,1.055350553505535,20,20,11978708.71,5200805607.0,260040280.35,False,False,False,2010-10-13,3032.0,1
sz300129,泰胜风能,C38电气机械和器材制造业,SZ,2025-12-24,2026-01-09,8.38,16.79,1.003579952267303,20,16,20257440.79,22172500345.0,1108625017.25,False,False,False,2010-10-19,5545.0,1
sz300130,新国都,C35专用设备制造业,SZ,2014-02-21,2014-03-06,16.85,39.73,1.357863501483679,20,13,634737.03,1959775974.0,97988798.7,False,False,False,2010-10-19,1221.0,1
sz300133,华策影视,R87广播、电视、电影和录音制作业,SZ,2024-02-29,2024-03-22,5.23,11.06,1.1147227533460802,20,22,24273472.08,16701732576.0,835086628.8,False,False,False,2010-10-26,4874.0,1
sz300134,大富科技,C39计算机、通信和其他电子设备制造业,SZ,2014-03-28,2014-04-25,17.6,36.76,1.0886363636363634,20,28,2170292.91,5794145360.0,289707268.0,False,False,False,2010-10-26,1249.0,1
sz300135,宝利国际,C25石油、煤炭及其他燃料加工业,SZ,2020-08-12,2020-09-08,2.34,5.12,1.1880341880341883,20,27,12888178.440000001,4331320608.0,216566030.4,False,False,False,2010-10-26,3578.0,1
sz300136,信维通信,C39计算机、通信和其他电子设备制造业,SZ,2015-04-28,2015-05-28,31.1,62.41,1.0067524115755626,20,30,1484744.19,6101613648.0,305080682.4,False,False,False,2010-11-05,1635.0,1
sz300137,先河环保,C40仪器仪表制造业,SZ,2017-03-31,2017-04-18,15.27,33.13,1.1696136214800266,20,18,4431537.77,12261405974.0,613070298.7,False,False,False,2010-11-05,2338.0,1
sz300139,晓程科技,B09有色金属矿采选业,SZ,2018-06-12,2018-07-02,6.89,14.61,1.1204644412191582,20,20,7483098.89,7318348915.0,365917445.75,False,False,False,2010-11-12,2769.0,1
sz300140,节能环境,N77生态保护和环境治理业,SZ,2015-07-09,2015-07-24,19.03,39.7,1.0861797162375195,20,15,2914054.92,8083053341.0,404152667.05,False,False,False,2010-11-12,1700.0,1
sz300141,和顺电气,C38电气机械和器材制造业,SZ,2015-05-20,2015-06-15,15.19,36.49,1.4022383146807114,20,26,1572960.0499999998,4756147332.0,237807366.6,False,False,False,2010-11-12,1650.0,1
sz300147,*ST香雪,C27医药制造业,SZ,2024-07-25,2024-08-06,3.21,7.13,1.221183800623053,20,12,8210887.149999999,4160989909.0,208049495.45,True,False,False,2010-12-15,4971.0,1
sz300148,天舟文化,R86新闻和出版业,SZ,2011-10-12,2011-11-03,13.5,28.76,1.1303703703703705,20,22,1361282.59,2851240704.0,142562035.2,False,False,False,2010-12-15,301.0,1
sz300149,睿智医药,M73研究和试验发展,SZ,2015-03-12,2015-04-09,8.15,17.5,1.147239263803681,20,28,3065094.7,3494167624.0,174708381.2,False,False,False,2010-12-22,1541.0,1
sz300151,昌红科技,C35专用设备制造业,SZ,2015-04-16,2015-05-14,30.01,61.5,1.0493168943685438,20,28,1021304.7000000001,4195014376.0,209750718.8,False,False,False,2010-12-22,1576.0,1
sz300152,*ST动力,C34通用设备制造业,SZ,2019-03-29,2019-04-25,2.41,5.18,1.1493775933609958,20,27,15894244.360000001,5603345096.0,280167254.8,True,False,False,2010-12-29,3012.0,1
sz300153,科泰电源,C38电气机械和器材制造业,SZ,2015-09-15,2015-10-14,7.35,15.25,1.0748299319727894,20,29,1622517.65,1906238882.0,95311944.1,False,False,False,2010-12-29,1721.0,1
sz300155,安居宝,C39计算机、通信和其他电子设备制造业,SZ,2020-02-04,2020-02-17,4.85,9.76,1.0123711340206185,20,13,3486229.72,2315632626.0,115781631.3,False,False,False,2011-01-07,3315.0,1
sz300157,新锦动力,C34通用设备制造业,SZ,2020-08-12,2020-09-07,3.63,8.23,1.2672176308539949,20,26,12550270.450000001,6718356559.0,335917827.95,False,False,False,2011-01-07,3505.0,1
sz300158,振东制药,C27医药制造业,SZ,2022-03-09,2022-04-01,7.27,15.16,1.0852819807427787,20,23,18550906.939999998,18872755803.0,943637790.15,False,False,False,2011-01-07,4079.0,1
sz300159,新研股份,C35专用设备制造业,SZ,2015-03-18,2015-04-07,18.16,44.79,1.466409691629956,20,20,2289544.57,8851193865.0,442559693.25,False,False,False,2011-01-07,1531.0,1
sz300160,秀强股份,C30非金属矿物制品业,SZ,2015-05-07,2015-06-02,15.8,33.92,1.1468354430379746,20,26,1724736.7500000002,3771479816.0,188573990.8,False,False,False,2011-01-13,1575.0,1
sz300162,雷曼光电,C39计算机、通信和其他电子设备制造业,SZ,2011-10-12,2011-11-04,10.87,22.4,1.0607175712971482,20,23,1305110.9200000002,2079187686.0,103959384.3,False,False,False,2011-01-13,272.0,1
sz300163,先锋新材,C17纺织业,SZ,2015-03-17,2015-04-14,12.73,26.28,1.0644147682639433,20,28,1906543.01,3267959720.0,163397986.0,False,False,False,2011-01-13,1524.0,1
sz300164,通源石油,B11开采专业及辅助性活动,SZ,2025-05-26,2025-06-19,3.97,8.59,1.163727959697733,20,24,20094454.36,11999122531.0,599956126.55,False,False,False,2011-01-13,5247.0,1
sz300165,天瑞仪器,C40仪器仪表制造业,SZ,2015-05-07,2015-06-02,22.03,44.75,1.0313209260099865,20,26,1863597.0,5919754104.0,295987705.2,False,False,False,2011-01-25,1563.0,1
sz300166,东方国信,I65软件和信息技术服务业,SZ,2015-05-07,2015-06-02,27.5,55.0,1.0,20,26,3559142.98,14701529520.0,735076476.0,False,False,False,2011-01-25,1563.0,1
sz300167,ST迪威迅,I65软件和信息技术服务业,SZ,2015-04-28,2015-05-27,21.66,43.8,1.0221606648199444,20,29,1877805.14,5674088144.0,283704407.2,True,False,False,2011-01-25,1554.0,1
sz300168,万达信息,I65软件和信息技术服务业,SZ,2015-02-10,2015-04-10,53.68,118.0,1.1982116244411327,20,59,1512459.5499999998,12806420665.0,640321033.25,False,False,False,2011-01-25,1477.0,1
sz300169,天晟新材,C29橡胶和塑料制品业,SZ,2015-12-21,2016-01-06,9.16,18.54,1.0240174672489082,20,16,1659557.7100000002,2678888892.0,133944444.6,False,False,False,2011-01-25,1791.0,1
sz300170,汉得信息,I65软件和信息技术服务业,SZ,2015-02-26,2015-03-16,19.72,40.36,1.0466531440162274,20,18,6867602.119999999,17717140960.0,885857048.0,False,False,False,2011-02-01,1486.0,1
sz300171,东富龙,C35专用设备制造业,SZ,2015-03-31,2015-04-27,40.03,80.19,1.0032475643267547,20,27,1236966.3499999999,6715684000.0,335784200.0,False,False,False,2011-02-01,1519.0,1
sz300172,中电环保,D46水的生产和供应业,SZ,2015-03-13,2015-04-10,26.55,53.35,1.0094161958568737,20,28,1923192.81,6992432336.0,349621616.8,False,False,False,2011-02-01,1501.0,1
sz300173,ST福能,C35专用设备制造业,SZ,2015-05-04,2015-05-29,41.84,85.25,1.0375239005736137,20,25,2321340.35,12532360504.0,626618025.2,True,False,False,2011-02-01,1553.0,1
sz300174,元力股份,C26化学原料和化学制品制造业,SZ,2015-04-09,2015-05-07,14.2,30.53,1.1500000000000004,20,28,1210101.4899999998,2700660557.0,135033027.85,False,False,False,2011-02-01,1528.0,1
sz300175,朗源股份,C13农副食品加工业,SZ,2019-02-11,2019-03-08,4.03,8.27,1.052109181141439,20,25,2451827.97,1407756435.0,70387821.75,False,False,False,2011-02-15,2918.0,1
sz300176,鸿特科技,C36汽车制造业,SZ,2015-05-07,2015-06-02,22.68,45.55,1.0083774250440918,20,26,705444.4199999999,2304421660.0,115221083.0,False,False,False,2011-02-15,1542.0,1
sz300177,中海达,C39计算机、通信和其他电子设备制造业,SZ,2015-07-08,2015-07-27,11.16,23.19,1.077956989247312,20,19,4543698.9399999995,8167876832.0,408393841.6,False,False,False,2011-02-15,1604.0,1
sz300179,四方达,C30非金属矿物制品业,SZ,2021-07-29,2021-08-25,5.57,11.7,1.1005385996409331,20,27,7623470.049999999,6271548333.0,313577416.65,False,False,False,2011-02-15,3817.0,1
sz300180,华峰超纤,C29橡胶和塑料制品业,SZ,2024-09-18,2024-10-08,3.79,7.75,1.0448548812664908,20,20,25187031.12,12304183971.0,615209198.55,False,False,False,2011-02-22,4957.0,1
sz300182,捷成股份,R87广播、电视、电影和录音制作业,SZ,2015-04-16,2015-05-20,31.0,63.92,1.0619354838709678,20,34,1658408.99,6896300400.0,344815020.0,False,False,False,2011-02-22,1514.0,1
sz300183,东软载波,C40仪器仪表制造业,SZ,2021-07-15,2021-08-06,14.9,30.95,1.077181208053691,20,22,5339805.68,10863148541.0,543157427.05,False,False,False,2011-02-22,3796.0,1
sz300184,力源信息,F51批发业,SZ,2015-05-07,2015-06-01,13.3,28.68,1.1563909774436087,20,25,4681172.72,8561713744.0,428085687.2,False,False,False,2011-02-22,1535.0,1
sz300185,通裕重工,C33金属制品业,SZ,2015-04-16,2015-06-11,7.81,16.28,1.0845070422535215,20,56,8810229.25,9058364781.0,452918239.05,False,False,False,2011-03-08,1500.0,1
sz300187,永清环保,N77生态保护和环境治理业,SZ,2020-08-12,2020-09-02,5.05,10.35,1.0495049504950495,20,21,5864244.85,4616838126.0,230841906.3,False,False,False,2011-03-08,3445.0,1
sz300189,神农种业,A05农、林、牧、渔专业及辅助性活动,SZ,2015-03-16,2015-04-13,8.06,16.3,1.0223325062034738,20,28,4962967.41,5455057984.0,272752899.2,False,False,False,2011-03-16,1461.0,1
sz300191,潜能恒信,B07石油和天然气开采业,SZ,2013-09-02,2013-10-08,8.01,16.83,1.101123595505618,20,36,1713957.39,2145498334.0,107274916.7,False,False,False,2011-03-16,901.0,1
sz300192,科德教育,P83教育,SZ,2015-05-26,2015-06-15,10.15,21.89,1.1566502463054187,20,20,3317691.9699999997,6552441004.0,327622050.2,False,False,False,2011-03-22,1526.0,1
sz300194,福安药业,C27医药制造业,SZ,2019-03-14,2019-04-09,3.6,7.3,1.0277777777777777,20,26,6418330.82,3412364907.0,170618245.35,False,False,False,2011-03-22,2914.0,1
sz300197,节能铁汉,N77生态保护和环境治理业,SZ,2024-09-26,2024-10-30,1.47,2.95,1.0068027210884356,20,34,42979981.95,9087436622.0,454371831.1,False,False,False,2011-03-29,4930.0,1
sz300198,*ST纳川,C29橡胶和塑料制品业,SZ,2024-09-18,2024-10-09,1.25,2.56,1.048,20,21,11802213.75,2057719063.0,102885953.15,True,False,False,2011-04-07,4913.0,1
sz300199,翰宇药业,C27医药制造业,SZ,2015-04-21,2015-06-10,25.6,52.76,1.0609374999999996,20,50,3430835.0000000005,12776903505.0,638845175.25,False,False,False,2011-04-07,1475.0,1
sz300201,海伦哲,C35专用设备制造业,SZ,2015-04-28,2015-05-22,9.09,27.85,2.063806380638064,20,24,5872893.399999999,10449115143.0,522455757.15,False,False,False,2011-04-07,1482.0,1
sz300203,聚光科技,C40仪器仪表制造业,SZ,2021-08-09,2021-09-03,11.12,22.67,1.0386690647482015,20,25,4136479.05,6862431558.0,343121577.9,False,False,False,2011-04-15,3769.0,1
sz300204,舒泰神,C27医药制造业,SZ,2015-05-07,2015-06-02,30.3,61.23,1.0207920792079208,20,26,1657400.81,6504359328.0,325217966.4,False,False,False,2011-04-15,1483.0,1
sz300209,行云科技,F52零售业,SZ,2015-03-12,2015-04-08,21.53,45.67,1.1212261960055736,20,27,1017706.4800000001,3221832116.0,161091605.8,False,False,False,2011-04-26,1416.0,1
sz300210,森远股份,C35专用设备制造业,SZ,2019-06-06,2019-06-28,3.52,7.08,1.0113636363636362,20,22,4876621.33,2507201898.0,125360094.9,False,False,False,2011-04-26,2963.0,1
sz300211,*ST亿通,C39计算机、通信和其他电子设备制造业,SZ,2015-04-28,2015-05-21,31.3,65.08,1.0792332268370606,20,23,455125.99000000005,1966387340.0,98319367.0,True,False,False,2011-05-05,1454.0,1
sz300212,*ST易录,I65软件和信息技术服务业,SZ,2024-09-09,2024-10-08,13.95,29.4,1.10752688172043,20,29,4794340.350000001,9389135772.0,469456788.6,True,False,False,2011-05-05,4876.0,1
sz300217,东方电热,C35专用设备制造业,SZ,2020-02-06,2020-03-04,1.99,4.25,1.1356783919597988,20,27,13930827.13,4602146403.0,230107320.15,False,False,False,2011-05-18,3186.0,1
sz300218,安利股份,C29橡胶和塑料制品业,SZ,2021-06-09,2021-07-05,9.27,19.15,1.0658036677454152,20,26,1581445.17,2210150371.0,110507518.55,False,False,False,2011-05-18,3675.0,1
sz300220,金运激光,C39计算机、通信和其他电子设备制造业,SZ,2015-05-05,2015-06-01,39.53,84.31,1.132810523652922,20,27,1433612.0800000003,8133783968.0,406689198.4,False,False,False,2011-05-25,1441.0,1
sz300222,科大智能,C34通用设备制造业,SZ,2015-05-05,2015-05-20,26.13,52.26,1.0,20,15,1861936.59,7646103112.0,382305155.6,False,False,False,2011-05-25,1441.0,1
sz300223,君正股份,C39计算机、通信和其他电子设备制造业,SZ,2015-09-15,2015-10-19,14.72,30.29,1.0577445652173911,20,34,2200422.4699999997,5170174836.0,258508741.8,False,False,False,2011-05-31,1568.0,1
sz300224,正海磁材,C30非金属矿物制品业,SZ,2021-11-03,2021-11-25,11.01,22.2,1.0163487738419619,20,22,8298147.7700000005,13120473328.0,656023666.4,False,False,False,2011-05-31,3809.0,1
sz300226,上海钢联,L72商务服务业,SZ,2013-06-25,2013-07-15,8.63,18.63,1.1587485515643103,20,20,1283930.7999999998,1547597548.0,77379877.4,False,False,False,2011-06-08,748.0,1
sz300229,拓尔思,I65软件和信息技术服务业,SZ,2015-05-05,2015-05-28,39.39,81.5,1.0690530591520688,20,23,1955373.4900000002,10958178720.0,547908936.0,False,False,False,2011-06-15,1420.0,1
sz300231,银信科技,I65软件和信息技术服务业,SZ,2015-04-28,2015-05-20,18.34,38.16,1.0806979280261721,20,22,4362444.039999999,11565247232.0,578262361.6,False,False,False,2011-06-15,1413.0,1
sz300233,金城医药,C27医药制造业,SZ,2015-05-15,2015-06-02,42.67,119.65,1.8040778064213732,20,18,377973.12,3905102907.0,195255145.35,False,False,False,2011-06-22,1423.0,1
sz300234,开尔新材,C30非金属矿物制品业,SZ,2021-02-09,2021-03-04,4.72,9.94,1.1059322033898304,20,23,3331645.6100000003,2473587375.0,123679368.75,False,False,False,2011-06-22,3520.0,1
sz300235,方直科技,I65软件和信息技术服务业,SZ,2015-04-28,2015-05-26,26.58,53.44,1.0105342362678704,20,28,2583716.6800000006,9296214000.0,464810700.0,False,False,False,2011-06-29,1399.0,1
sz300236,上海新阳,C39计算机、通信和其他电子设备制造业,SZ,2015-11-03,2015-11-26,23.4,49.23,1.103846153846154,20,23,1273467.0300000003,4402283966.0,220114198.3,False,False,False,2011-06-29,1588.0,1
sz300237,ST美晨,C36汽车制造业,SZ,2020-08-12,2020-09-08,2.4,5.07,1.1125000000000003,20,27,27625550.989999995,9405247867.0,470262393.35,True,False,False,2011-06-29,3332.0,1
sz300238,冠昊生物,C35专用设备制造业,SZ,2011-07-06,2011-08-02,32.28,66.36,1.0557620817843865,20,27,655022.4200000002,2765837354.0,138291867.7,False,True,False,2011-07-06,0.0,1
sz300239,东宝生物,C27医药制造业,SZ,2012-04-05,2012-04-23,19.03,39.15,1.0572779821334732,20,18,771463.9199999999,1918494972.0,95924748.6,False,False,False,2011-07-06,274.0,1
sz300240,飞力达,G58多式联运和运输代理业,SZ,2015-04-20,2015-06-11,22.39,47.92,1.1402411790978118,20,52,1219229.67,3816092320.0,190804616.0,False,False,False,2011-07-06,1384.0,1
sz300241,瑞丰光电,C39计算机、通信和其他电子设备制造业,SZ,2021-06-30,2021-07-26,6.79,14.28,1.1030927835051547,20,26,9882449.02,9937426591.0,496871329.55,False,False,False,2011-07-12,3641.0,1
sz300242,佳云科技,L72商务服务业,SZ,2014-09-05,2014-09-22,20.71,46.5,1.2452921294060841,20,17,737798.01,2914154669.0,145707733.45,False,False,False,2011-07-12,1151.0,1
sz300243,瑞丰高材,C26化学原料和化学制品制造业,SZ,2015-05-07,2015-06-03,16.24,33.73,1.0769704433497536,20,27,2271376.67,5099095776.0,254954788.8,False,False,False,2011-07-12,1395.0,1
sz300244,迪安诊断,Q84卫生,SZ,2015-03-30,2015-04-16,72.79,147.27,1.0232174749278746,20,17,902498.47,8571428212.0,428571410.6,False,False,False,2011-07-19,1350.0,1
sz300245,ST天玑,I65软件和信息技术服务业,SZ,2014-01-21,2014-02-24,15.53,32.98,1.1236316806181583,20,34,1758226.01,4029301352.0,201465067.6,True,False,False,2011-07-19,917.0,1
sz300246,宝莱特,C35专用设备制造业,SZ,2020-05-25,2020-06-18,19.13,40.33,1.1082070047046524,20,24,1574184.4000000001,4240750518.0,212037525.9,False,False,False,2011-07-19,3233.0,1
sz300247,融捷健康,C38电气机械和器材制造业,SZ,2015-05-07,2015-06-02,12.01,25.47,1.1207327227310575,20,26,5114915.51,9156456672.0,457822833.6,False,False,False,2011-07-29,1378.0,1
sz300248,新开普,I65软件和信息技术服务业,SZ,2014-01-17,2014-02-25,14.38,29.79,1.0716272600834489,20,39,928056.4900000001,1879477660.0,93973883.0,False,False,False,2011-07-29,903.0,1
sz300249,依米康,I65软件和信息技术服务业,SZ,2015-05-05,2015-05-28,19.83,40.25,1.0297528996469998,20,23,584223.38,1610192780.0,80509639.0,False,False,False,2011-08-03,1371.0,1
sz300250,初灵信息,I65软件和信息技术服务业,SZ,2015-05-08,2015-06-04,56.01,112.98,1.017139796464917,20,27,587622.23,4489695752.0,224484787.6,False,False,False,2011-08-03,1374.0,1
sz300251,光线传媒,R87广播、电视、电影和录音制作业,SZ,2025-01-13,2025-02-10,8.28,16.75,1.022946859903382,20,28,22346698.59,26062376105.0,1303118805.25,False,False,False,2011-08-03,4912.0,1
sz300253,卫宁健康,I65软件和信息技术服务业,SZ,2015-03-06,2015-04-02,95.0,194.0,1.0421052631578949,20,27,1314666.16,18317552768.0,915877638.4,False,False,False,2011-08-18,1296.0,1
sz300254,仟源医药,C27医药制造业,SZ,2015-07-09,2015-07-24,18.0,36.5,1.0277777777777777,20,15,1642518.33,4597514169.0,229875708.45,False,False,False,2011-08-19,1420.0,1
sz300255,常山药业,C27医药制造业,SZ,2023-08-31,2023-09-22,4.3,9.5,1.2093023255813953,20,22,14410438.54,10184656587.0,509232829.35,False,False,False,2011-08-19,4395.0,1
sz300256,星星科技,C39计算机、通信和其他电子设备制造业,SZ,2016-05-18,2016-06-15,9.07,18.45,1.034178610804851,20,28,7116903.72,10704012221.0,535200611.05,False,False,False,2011-08-19,1734.0,1
sz300257,开山股份,C34通用设备制造业,SZ,2026-02-03,2026-03-10,16.76,34.33,1.0483293556085918,20,35,3767020.3599999994,8712113155.0,435605657.75,False,False,False,2011-08-19,5282.0,1
sz300260,新莱应材,C34通用设备制造业,SZ,2025-09-11,2025-10-14,36.3,78.07,1.1506887052341597,20,33,8512172.84,40488570647.0,2024428532.35,False,False,False,2011-09-06,5119.0,1
sz300261,雅本化学,C26化学原料和化学制品制造业,SZ,2021-12-07,2021-12-24,6.5,14.96,1.3015384615384615,20,17,12884237.93,11359174218.0,567958710.9,False,False,False,2011-09-06,3745.0,1
sz300264,佳创视讯,I65软件和信息技术服务业,SZ,2016-03-01,2016-03-24,12.54,27.53,1.1953748006379588,20,23,2123962.14,3280412092.0,164020604.6,False,False,False,2011-09-16,1628.0,1
sz300265,通光线缆,C38电气机械和器材制造业,SZ,2015-07-08,2015-07-24,7.59,15.8,1.0816864295125166,20,16,1995900.37,2438486869.0,121924343.45,False,False,False,2011-09-16,1391.0,1
sz300266,兴源环境,N77生态保护和环境治理业,SZ,2014-01-14,2014-02-18,15.61,31.8,1.0371556694426651,20,35,714882.28,1506532945.0,75326647.25,False,False,False,2011-09-27,840.0,1
sz300267,尔康制药,C27医药制造业,SZ,2019-03-14,2019-04-09,4.03,8.13,1.0173697270471465,20,26,16642615.04,9991327320.0,499566366.0,False,False,False,2011-09-27,2725.0,1
sz300268,佳沃食品,C13农副食品加工业,SZ,2014-12-12,2015-01-28,6.22,17.8,1.861736334405145,20,47,873233.3799999998,1252255361.0,62612768.05,False,False,False,2011-09-27,1172.0,1
sz300269,联建光电,C39计算机、通信和其他电子设备制造业,SZ,2015-05-05,2015-05-26,20.07,40.7,1.0279023418036872,20,21,2996195.8200000003,8922991136.0,446149556.8,False,False,False,2011-10-12,1301.0,1
sz300270,中威电子,C39计算机、通信和其他电子设备制造业,SZ,2024-02-08,2024-02-26,3.3,8.27,1.5060606060606059,20,18,2570705.6400000006,1304623548.0,65231177.4,False,False,False,2011-10-12,4502.0,1
sz300271,华宇软件,I65软件和信息技术服务业,SZ,2015-05-04,2015-05-29,31.69,64.77,1.0438624171662982,20,25,1781683.97,9030913730.0,451545686.5,False,False,False,2011-10-26,1286.0,1
sz300274,阳光电源,C38电气机械和器材制造业,SZ,2015-03-09,2015-04-17,20.6,41.78,1.0281553398058252,20,39,3285044.3099999996,9272766024.0,463638301.2,False,False,False,2011-11-02,1223.0,1
sz300276,三丰智能,C35专用设备制造业,SZ,2015-04-21,2015-05-19,16.6,33.63,1.0259036144578313,20,28,3725249.46,9271711104.0,463585555.2,False,False,False,2011-11-15,1253.0,1
sz300277,汽轮科技,I65软件和信息技术服务业,SZ,2015-07-08,2015-07-22,12.62,27.78,1.2012678288431062,20,14,769257.4599999998,1528864476.0,76443223.8,False,False,False,2011-11-23,1323.0,1
sz300278,华昌达,C35专用设备制造业,SZ,2020-07-23,2020-08-18,3.53,7.74,1.1926345609065159,20,26,10302449.83,5357790810.0,267889540.5,False,False,False,2011-12-16,3142.0,1
sz300279,和晶科技,C39计算机、通信和其他电子设备制造业,SZ,2019-01-31,2019-03-06,3.81,7.73,1.0288713910761156,20,34,2395507.2299999995,1252720763.0,62636038.15,False,False,False,2011-12-29,2590.0,1
sz300281,金明精机,C35专用设备制造业,SZ,2015-05-04,2015-06-18,14.61,34.58,1.3668720054757015,20,45,1597001.26,3788327183.0,189416359.15,False,False,False,2011-12-29,1222.0,1
sz300283,温州宏丰,C38电气机械和器材制造业,SZ,2020-08-12,2020-09-07,4.48,9.35,1.0870535714285712,20,26,3575734.8800000004,2313607308.0,115680365.4,False,False,False,2012-01-10,3137.0,1
sz300284,苏交科,M74专业技术服务业,SZ,2024-03-26,2024-04-18,4.88,10.38,1.127049180327869,20,23,17132564.89,12079036319.0,603951815.95,False,False,False,2012-01-10,4459.0,1
sz300285,国瓷材料,C26化学原料和化学制品制造业,SZ,2026-05-22,2026-06-18,42.61,91.88,1.1563013377141513,20,27,26298250.089999996,160226130986.0,8011306549.3,False,False,False,2012-01-13,5243.0,1
sz300287,飞利信,I65软件和信息技术服务业,SZ,2014-01-22,2014-02-27,38.8,78.8,1.0309278350515463,20,36,217967.13999999998,1242708364.0,62135418.2,False,False,False,2012-02-01,721.0,1
sz300288,朗玛信息,I63电信、广播电视和卫星传输服务,SZ,2014-11-12,2014-12-08,99.94,202.0,1.0212127276365819,20,26,160066.99,2167386254.0,108369312.7,False,False,False,2012-02-16,1000.0,1
sz300289,利德曼,C27医药制造业,SZ,2025-07-09,2025-08-05,5.29,10.88,1.056710775047259,20,27,5759106.35,4716869558.0,235843477.9,False,False,False,2012-02-16,4892.0,1
sz300290,ST荣科,I65软件和信息技术服务业,SZ,2023-09-21,2023-10-26,4.47,8.99,1.011185682326622,20,35,16428837.280000001,11067954447.0,553397722.35,True,False,False,2012-02-16,4235.0,1
sz300291,百纳千成,R87广播、电视、电影和录音制作业,SZ,2025-12-15,2026-01-13,5.32,11.36,1.1353383458646613,20,29,18287274.75,14615964385.0,730798219.25,False,False,False,2012-02-09,5058.0,1
sz300292,吴通控股,I65软件和信息技术服务业,SZ,2019-04-16,2019-05-16,4.41,9.26,1.0997732426303855,20,30,34563442.480000004,23362430841.0,1168121542.05,False,False,False,2012-02-29,2603.0,1
sz300293,蓝英装备,C35专用设备制造业,SZ,2020-06-04,2020-07-03,11.26,22.77,1.0222024866785082,20,29,8170345.71,12414918672.0,620745933.6,False,False,False,2012-03-08,3010.0,1
sz300295,*ST三六五,I64互联网和相关服务,SZ,2024-08-30,2024-09-30,9.02,18.62,1.0643015521064303,20,31,6721023.760000001,8018455164.0,400922758.2,True,False,False,2012-03-15,4551.0,1
sz300296,利亚德,C39计算机、通信和其他电子设备制造业,SZ,2013-07-09,2013-08-02,10.6,22.4,1.1132075471698113,20,24,671747.6,1024497958.0,51224897.9,False,False,False,2012-03-15,481.0,1
sz300299,富春股份,I64互联网和相关服务,SZ,2015-02-26,2015-04-03,14.88,30.26,1.0336021505376345,20,36,1672022.62,3575732070.0,178786603.5,False,False,False,2012-03-19,1074.0,1
sz300300,海峡创新,I65软件和信息技术服务业,SZ,2015-04-07,2015-06-03,44.1,108.85,1.468253968253968,20,57,1142572.22,9068148857.0,453407442.85,False,False,False,2012-03-19,1114.0,1
sz300301,ST长方,C39计算机、通信和其他电子设备制造业,SZ,2020-08-12,2020-09-04,2.57,5.77,1.245136186770428,20,23,7684720.449999999,3031479664.0,151573983.2,True,False,False,2012-03-21,3066.0,1
sz300302,同有科技,I65软件和信息技术服务业,SZ,2015-04-09,2015-04-30,34.15,70.22,1.0562225475841873,20,21,682142.42,3217491960.0,160874598.0,False,False,False,2012-03-21,1114.0,1
sz300304,云意电气,C36汽车制造业,SZ,2013-10-29,2013-11-15,17.4,37.77,1.170689655172414,20,17,1063395.45,2826329907.0,141316495.35,False,False,False,2012-03-21,587.0,1
sz300306,远方信息,C40仪器仪表制造业,SZ,2022-03-09,2022-03-16,9.9,20.23,1.0434343434343436,20,7,3087488.85,4344616772.0,217230838.6,False,False,False,2012-03-29,3632.0,1
sz300308,中际旭创,C39计算机、通信和其他电子设备制造业,SZ,2016-09-30,2016-10-21,13.59,30.54,1.2472406181015452,20,21,2428849.54,6723451131.0,336172556.55,False,False,False,2012-04-10,1634.0,1
sz300310,宜通世纪,I63电信、广播电视和卫星传输服务,SZ,2015-11-02,2015-11-23,25.88,53.43,1.0645285935085007,20,21,1917113.44,7095773824.0,354788691.2,False,False,False,2012-04-25,1286.0,1
sz300311,任子行,I65软件和信息技术服务业,SZ,2015-05-04,2015-05-28,44.63,95.0,1.1286130405556798,20,24,1239521.16,7774843456.0,388742172.8,False,False,False,2012-04-25,1104.0,1
sz300313,天山生物,A03畜牧业,SZ,2020-07-31,2020-08-25,5.16,11.17,1.1647286821705425,20,25,2717432.0,1864789963.0,93239498.15,False,False,False,2012-04-25,3019.0,1
sz300314,戴维医疗,C35专用设备制造业,SZ,2015-09-16,2015-10-09,15.15,30.63,1.0217821782178218,20,23,4228844.92,9283862016.0,464193100.8,False,False,False,2012-05-08,1226.0,1
sz300315,掌趣科技,I64互联网和相关服务,SZ,2015-07-08,2015-07-23,8.02,17.51,1.1832917705735664,20,15,31973215.16,42389201984.0,2119460099.2,False,False,False,2012-05-11,1153.0,1
sz300316,晶盛机电,C35专用设备制造业,SZ,2024-09-23,2024-10-09,21.39,42.8,1.0009350163627864,20,16,4656225.590000001,14040765599.0,702038279.95,False,False,False,2012-05-11,4518.0,1
sz300317,珈伟新能,C38电气机械和器材制造业,SZ,2020-08-12,2020-09-07,3.22,6.54,1.031055900621118,20,26,9713839.24,4672875424.0,233643771.2,False,False,False,2012-05-11,3015.0,1
sz300318,博晖创新,C35专用设备制造业,SZ,2020-07-16,2020-08-05,6.3,13.31,1.1126984126984127,20,20,4997127.5600000005,4297013320.0,214850666.0,False,False,False,2012-05-23,2976.0,1
sz300319,麦捷科技,C39计算机、通信和其他电子设备制造业,SZ,2026-05-22,2026-06-18,13.55,27.76,1.048708487084871,20,27,32010236.060000002,63855312910.0,3192765645.5,False,False,False,2012-05-23,5112.0,1
sz300321,同大股份,C29橡胶和塑料制品业,SZ,2015-05-18,2015-06-11,76.6,156.0,1.0365535248041775,20,24,256413.27,2627696636.0,131384831.8,False,False,False,2012-05-23,1090.0,1
sz300322,硕贝德,C39计算机、通信和其他电子设备制造业,SZ,2023-09-21,2023-10-16,7.86,17.45,1.220101781170483,20,25,10389420.44,12198848401.0,609942420.05,False,False,False,2012-06-08,4122.0,1
sz300327,中颖电子,C39计算机、通信和其他电子设备制造业,SZ,2015-11-03,2015-11-26,18.8,38.16,1.0297872340425531,20,23,2211898.04,5870015812.0,293500790.6,False,False,False,2012-06-13,1238.0,1
sz300328,宜安科技,C33金属制品业,SZ,2015-05-07,2015-06-02,28.8,58.8,1.0416666666666665,20,26,1339227.18,5438556992.0,271927849.6,False,False,False,2012-06-19,1052.0,1
sz300329,海伦钢琴,C24文教、工美、体育和娱乐用品制造业,SZ,2014-06-04,2014-06-30,9.29,18.6,1.0021528525296022,20,26,2752230.5199999996,3852948812.0,192647440.6,False,False,False,2012-06-19,715.0,1
sz300331,苏大维格,C39计算机、通信和其他电子设备制造业,SZ,2015-04-20,2015-05-14,34.88,69.84,1.0022935779816513,20,24,832485.63,3668316536.0,183415826.8,False,False,False,2012-06-28,1026.0,1
sz300333,兆日科技,I65软件和信息技术服务业,SZ,2015-04-20,2015-05-11,51.5,103.48,1.0093203883495145,20,21,392627.31,2633835780.0,131691789.0,False,False,False,2012-06-28,1026.0,1
sz300334,津膜科技,C35专用设备制造业,SZ,2017-03-29,2017-05-15,16.17,33.52,1.072974644403216,20,47,2509067.0300000003,6751223008.0,337561150.4,False,False,False,2012-07-05,1728.0,1
sz300337,银邦股份,C32有色金属冶炼和压延加工业,SZ,2020-08-24,2020-09-02,3.81,8.57,1.2493438320209975,20,9,11017864.53,6131031755.0,306551587.75,False,False,False,2012-07-18,2959.0,1
sz300338,*ST开元,P83教育,SZ,2015-02-17,2015-03-23,18.41,38.63,1.0983161325366648,20,34,1203329.48,3263989396.0,163199469.8,True,False,False,2012-07-26,936.0,1
sz300339,润和软件,I65软件和信息技术服务业,SZ,2024-09-10,2024-10-08,19.48,44.84,1.3018480492813143,20,28,12005466.31,0.0,0.0,False,False,False,2012-07-18,4437.0,1
sz300340,科恒股份,C39计算机、通信和其他电子设备制造业,SZ,2016-05-12,2016-06-08,30.0,61.09,1.0363333333333333,20,27,3792718.81,16672656243.0,833632812.15,False,False,False,2012-07-26,1386.0,1
sz300341,麦克奥迪,C40仪器仪表制造业,SZ,2015-03-09,2015-04-03,13.81,29.15,1.1107892831281676,20,25,1950105.4200000002,3817452800.0,190872640.0,False,False,False,2012-07-26,956.0,1
sz300342,天银机电,C34通用设备制造业,SZ,2020-02-04,2020-02-19,9.43,20.3,1.1527041357370096,20,15,7389313.659999999,10391491671.0,519574583.55,False,False,False,2012-07-26,2749.0,1
sz300343,联创股份,C26化学原料和化学制品制造业,SZ,2012-12-04,2012-12-24,26.74,53.9,1.0157068062827226,20,20,330302.98,1255578223.0,62778911.15,False,False,False,2012-08-01,125.0,1
sz300345,华民股份,C38电气机械和器材制造业,SZ,2015-05-06,2015-06-02,26.32,53.3,1.0250759878419453,20,27,990197.9500000001,3645235632.0,182261781.6,False,False,False,2012-08-01,1008.0,1
sz300346,南大光电,C39计算机、通信和其他电子设备制造业,SZ,2020-02-04,2020-02-25,17.87,37.0,1.0705092333519866,20,21,10193065.33,25515265249.0,1275763262.45,False,False,False,2012-08-07,2737.0,1
sz300348,长亮科技,I65软件和信息技术服务业,SZ,2015-05-04,2015-05-21,130.8,451.57,2.452370030581039,20,17,205345.25,5066117364.0,253305868.2,False,False,False,2012-08-17,990.0,1
sz300350,华鹏飞,G58多式联运和运输代理业,SZ,2015-01-28,2015-03-03,21.67,54.3,1.5057683433317948,20,34,652972.6399999999,2913535377.0,145676768.85,False,False,False,2012-08-21,890.0,1
sz300351,永贵电器,C39计算机、通信和其他电子设备制造业,SZ,2015-03-04,2015-04-08,42.14,85.0,1.0170859041290936,20,35,1094239.1400000001,6218659336.0,310932966.8,False,False,False,2012-09-20,895.0,1
sz300352,ST信源,I65软件和信息技术服务业,SZ,2024-09-10,2024-10-09,3.34,6.88,1.0598802395209583,20,29,10329654.4,4969038608.0,248451930.4,True,False,False,2012-09-12,4381.0,1
sz300353,东土科技,C39计算机、通信和其他电子设备制造业,SZ,2015-04-28,2015-05-22,31.79,65.43,1.0581944007549549,20,24,1953351.98,8472445928.0,423622296.4,False,False,False,2012-09-27,943.0,1
sz300354,东华测试,C40仪器仪表制造业,SZ,2021-06-15,2021-07-12,13.95,31.34,1.2465949820788533,20,27,1620211.2,3242455878.0,162122793.9,False,False,False,2012-09-20,3190.0,1
sz300355,蒙草生态,N77生态保护和环境治理业,SZ,2020-08-14,2020-09-09,3.1,6.5,1.096774193548387,20,26,20353994.43,9111797666.0,455589883.3,False,False,False,2012-09-27,2878.0,1
sz300357,我武生物,C27医药制造业,SZ,2014-01-21,2014-02-18,24.06,52.5,1.182044887780549,20,28,1443305.95,6305810328.0,315290516.4,False,True,False,2014-01-21,0.0,1
sz300359,全通教育,P83教育,SZ,2015-01-28,2015-03-03,96.97,199.9,1.0614623079302876,20,34,372717.57999999996,5644698614.0,282234930.7,False,False,False,2014-01-21,372.0,1
sz300360,炬华科技,C40仪器仪表制造业,SZ,2021-10-29,2021-11-25,7.67,15.6,1.0338983050847457,20,27,7176680.640000001,8698436762.0,434921838.1,False,False,False,2014-01-21,2838.0,1
sz300363,博腾股份,C27医药制造业,SZ,2014-01-29,2014-02-25,30.12,67.62,1.2450199203187253,20,27,1150517.9500000002,6150414124.0,307520706.2,False,True,False,2014-01-29,0.0,1
sz300364,中文在线,R86新闻和出版业,SZ,2015-01-21,2015-03-02,8.17,60.03,6.347613219094248,20,40,484380.2,2118058732.0,105902936.6,False,True,False,2015-01-21,0.0,1
sz300366,ST创意,I65软件和信息技术服务业,SZ,2014-01-27,2014-02-25,21.73,55.2,1.5402669121030832,20,29,769924.7799999998,3442160247.0,172108012.35,True,True,False,2014-01-27,0.0,1
sz300368,汇金股份,I65软件和信息技术服务业,SZ,2015-07-09,2015-08-05,13.32,28.84,1.165165165165165,20,27,1483202.6800000002,3012097312.0,150604865.6,False,False,False,2014-01-23,532.0,1
sz300369,绿盟科技,I65软件和信息技术服务业,SZ,2014-01-29,2014-02-25,49.2,109.05,1.2164634146341462,20,27,691090.62,6335129506.0,316756475.3,False,True,False,2014-01-29,0.0,1
sz300370,安控科技,C40仪器仪表制造业,SZ,2019-02-01,2019-03-07,2.28,4.76,1.0877192982456143,20,34,8476363.62,2565219204.0,128260960.2,False,False,False,2014-01-23,1835.0,1
sz300373,扬杰科技,C39计算机、通信和其他电子设备制造业,SZ,2014-01-23,2014-02-18,23.4,54.45,1.326923076923077,20,26,980055.8200000002,4359225860.0,217961293.0,False,True,False,2014-01-23,0.0,1
sz300374,中铁装配,C30非金属矿物制品业,SZ,2015-03-19,2015-04-14,15.85,36.26,1.2876971608832806,20,26,766632.98,2478950243.0,123947512.15,False,True,False,2015-03-19,0.0,1
sz300376,易事特,C38电气机械和器材制造业,SZ,2014-01-27,2014-03-03,22.08,77.66,2.517210144927536,20,35,653031.34,4357454147.0,217872707.35,False,True,False,2014-01-27,0.0,1
sz300377,赢时胜,I65软件和信息技术服务业,SZ,2014-11-05,2014-11-28,31.56,63.77,1.0205956907477822,20,23,889774.14,3870661976.0,193533098.8,False,False,False,2014-01-27,282.0,1
sz300378,鼎捷数智,I65软件和信息技术服务业,SZ,2019-03-27,2019-04-10,12.96,26.04,1.009259259259259,20,14,2600162.0699999994,4667611691.0,233380584.55,False,False,False,2014-01-27,1885.0,1
sz300380,安硕信息,I65软件和信息技术服务业,SZ,2015-02-02,2015-03-05,74.0,149.69,1.0228378378378378,20,31,298120.3,3163663440.0,158183172.0,False,False,False,2014-01-28,370.0,1
sz300381,溢多利,C27医药制造业,SZ,2024-04-16,2024-05-06,4.18,8.93,1.1363636363636362,20,20,2897549.95,1916340719.0,95817035.95,False,False,False,2014-01-28,3731.0,1
sz300382,斯莱克,C35专用设备制造业,SZ,2024-09-03,2024-10-08,5.02,11.5,1.2908366533864544,20,35,9646809.889999999,7145329952.0,357266497.6,False,False,False,2014-01-29,3870.0,1
sz300383,光环新网,I65软件和信息技术服务业,SZ,2014-01-29,2014-02-25,45.96,127.94,1.7837249782419495,20,27,725723.92,6851527302.0,342576365.1,False,True,False,2014-01-29,0.0,1
sz300384,三联虹普,M74专业技术服务业,SZ,2014-08-01,2014-08-11,36.79,78.23,1.126393041587388,20,10,323097.86999999994,2054796337.0,102739816.85,False,True,False,2014-08-01,0.0,1
sz300385,ST雪浪,C35专用设备制造业,SZ,2014-06-26,2014-07-11,17.68,59.45,2.362556561085973,20,15,1141149.38,5634387573.0,281719378.65,True,True,False,2014-06-26,0.0,1
sz300386,飞天诚信,I65软件和信息技术服务业,SZ,2014-06-26,2014-07-14,39.76,145.5,2.659456740442656,20,18,550321.9700000001,7089349632.0,354467481.6,False,True,False,2014-06-26,0.0,1
sz300387,富邦科技,C26化学原料和化学制品制造业,SZ,2014-07-02,2014-07-15,24.58,69.55,1.8295362082994306,20,13,392278.47000000003,2108503617.0,105425180.85,False,True,False,2014-07-02,0.0,1
sz300388,节能国祯,N77生态保护和环境治理业,SZ,2014-08-01,2014-08-12,15.76,34.08,1.1624365482233503,20,11,636185.8200000001,1983545214.0,99177260.7,False,True,False,2014-08-01,0.0,1
sz300389,艾比森,C39计算机、通信和其他电子设备制造业,SZ,2014-08-01,2014-08-25,22.12,75.99,2.4353526220614823,20,24,473834.28,3077239216.0,153861960.8,False,True,False,2014-08-01,0.0,1
sz300390,天华新能,C39计算机、通信和其他电子设备制造业,SZ,2014-07-31,2014-08-20,10.16,31.89,2.138779527559055,20,20,655398.2799999998,1858277751.0,92913887.55,False,True,False,2014-07-31,0.0,1
sz300393,中来股份,C38电气机械和器材制造业,SZ,2014-09-12,2014-10-16,19.7,45.58,1.3137055837563452,20,34,693846.5800000001,2829761408.0,141488070.4,False,True,False,2014-09-12,0.0,1
sz300394,天孚通信,C39计算机、通信和其他电子设备制造业,SZ,2015-02-17,2015-03-06,25.69,66.07,1.571817827948618,20,17,484935.80000000005,2865533313.0,143276665.65,False,True,False,2015-02-17,0.0,1
sz300395,菲利华,C30非金属矿物制品业,SZ,2014-09-10,2014-10-10,25.26,57.8,1.2882026920031668,20,30,596723.57,3008113102.0,150405655.1,False,True,False,2014-09-10,0.0,1
sz300396,ST迪瑞,C35专用设备制造业,SZ,2014-09-10,2014-10-08,35.45,85.8,1.4203102961918193,20,28,466483.7700000001,3768741666.0,188437083.3,True,True,False,2014-09-10,0.0,1
sz300397,天和防务,C39计算机、通信和其他电子设备制造业,SZ,2014-09-10,2014-09-29,28.86,119.56,3.142758142758143,20,19,556937.61,6013077027.0,300653851.35,False,True,False,2014-09-10,0.0,1
sz300398,飞凯材料,C26化学原料和化学制品制造业,SZ,2014-10-09,2014-11-03,21.78,58.2,1.672176308539945,20,25,694213.98,3471604411.0,173580220.55,False,True,False,2014-10-09,0.0,1
sz300399,天利科技,I65软件和信息技术服务业,SZ,2014-10-09,2014-11-03,14.54,58.5,3.0233837689133427,20,25,658428.77,3381304189.0,169065209.45,False,True,False,2014-10-09,0.0,1
sz300400,劲拓股份,C35专用设备制造业,SZ,2014-10-10,2014-11-04,9.84,42.11,3.279471544715447,20,25,842142.72,2743474636.0,137173731.8,False,True,False,2014-10-10,0.0,1
sz300401,花园生物,C27医药制造业,SZ,2026-06-09,2026-06-23,10.68,21.97,1.0571161048689137,20,14,6469076.4,0.0,0.0,False,False,False,2014-10-09,4261.0,1
sz300402,宝色股份,C35专用设备制造业,SZ,2014-10-10,2014-11-06,5.36,23.49,3.3824626865671634,20,27,2150339.06,4129401160.0,206470058.0,False,True,False,2014-10-10,0.0,1
sz300403,汉宇集团,C38电气机械和器材制造业,SZ,2014-10-30,2014-11-14,23.16,79.3,2.424006908462867,20,15,983218.3500000002,6326530975.0,316326548.75,False,True,False,2014-10-30,0.0,1
sz300404,博济医药,M73研究和试验发展,SZ,2015-04-24,2015-05-22,16.98,113.34,5.6749116607773855,20,28,4213.01,24710269.0,1235513.45,False,True,False,2015-04-24,0.0,1
sz300405,科隆股份,C26化学原料和化学制品制造业,SZ,2014-10-30,2014-11-17,19.74,73.73,2.735055724417427,20,18,404681.34,2579366420.0,128968321.0,False,True,False,2014-10-30,0.0,1
sz300406,九强生物,C27医药制造业,SZ,2014-10-30,2014-11-25,18.34,109.9,4.992366412213741,20,26,400777.66,4018027815.0,200901390.75,False,True,False,2014-10-30,0.0,1
sz300407,凯发电气,C37铁路、船舶、航空航天和其他运输设备制造业,SZ,2014-12-03,2014-12-29,26.81,67.05,1.5009324878776575,20,26,639105.24,3793591718.0,189679585.9,False,True,False,2014-12-03,0.0,1
sz300409,道氏技术,C39计算机、通信和其他电子设备制造业,SZ,2014-12-03,2014-12-17,20.76,59.9,1.885356454720616,20,14,352478.65,1792314703.0,89615735.15,False,True,False,2014-12-03,0.0,1
sz300410,正业科技,C35专用设备制造业,SZ,2014-12-31,2015-01-19,12.95,37.5,1.8957528957528957,20,19,802941.69,2627771554.0,131388577.7,False,True,False,2014-12-31,0.0,1
sz300411,金盾股份,C34通用设备制造业,SZ,2014-12-31,2015-01-22,15.36,40.59,1.6425781250000004,20,22,1143567.11,3880098252.0,194004912.6,False,True,False,2014-12-31,0.0,1
sz300412,迦南科技,C35专用设备制造业,SZ,2014-12-31,2015-01-23,16.32,48.19,1.9528186274509802,20,23,714600.54,3003327806.0,150166390.3,False,True,False,2014-12-31,0.0,1
sz300413,芒果超媒,I64互联网和相关服务,SZ,2015-01-21,2015-02-06,11.85,40.98,2.4582278481012656,20,16,2213703.62,7710581177.0,385529058.85,False,True,False,2015-01-21,0.0,1
sz300414,中光防雷,C39计算机、通信和其他电子设备制造业,SZ,2015-05-13,2015-06-08,17.69,118.09,5.67552289429056,20,26,198352.07,2245862983.0,112293149.15,False,True,False,2015-05-13,0.0,1
sz300415,伊之密,C35专用设备制造业,SZ,2015-01-23,2015-02-05,15.98,42.5,1.6595744680851063,20,13,840964.6399999999,2849886051.0,142494302.55,False,True,False,2015-01-23,0.0,1
sz300416,苏试试验,M74专业技术服务业,SZ,2015-01-22,2015-02-06,15.16,47.16,2.110817941952506,20,15,389367.57,1502271458.0,75113572.9,False,True,False,2015-01-22,0.0,1
sz300417,南华仪器,C40仪器仪表制造业,SZ,2015-01-23,2015-02-06,21.23,60.06,1.8290155440414506,20,14,242424.94,1187177570.0,59358878.5,False,True,False,2015-01-23,0.0,1
sz300418,昆仑万维,I64互联网和相关服务,SZ,2015-01-21,2015-02-06,24.36,85.0,2.4893267651888342,20,16,1185511.43,8025208206.0,401260410.3,False,True,False,2015-01-21,0.0,1
sz300419,ST浩丰,I65软件和信息技术服务业,SZ,2015-01-22,2015-02-16,34.57,131.49,2.803586925079549,20,25,283574.29,3171159123.0,158557956.15,True,True,False,2015-01-22,0.0,1
sz300420,五洋自控,C34通用设备制造业,SZ,2015-02-17,2015-03-23,9.92,31.48,2.1733870967741935,20,34,813350.23,2243420337.0,112171016.85,False,True,False,2015-02-17,0.0,1
sz300421,力星股份,C34通用设备制造业,SZ,2015-02-17,2015-03-05,10.96,25.64,1.3394160583941606,20,16,1008680.51,2360917245.0,118045862.25,False,True,False,2015-02-17,0.0,1
sz300422,博世科,N77生态保护和环境治理业,SZ,2015-02-17,2015-03-19,12.0,63.6,4.3,20,30,326577.68000000005,1890757827.0,94537891.35,False,True,False,2015-02-17,0.0,1
sz300423,昇辉科技,C38电气机械和器材制造业,SZ,2015-02-17,2015-03-19,13.6,31.55,1.3198529411764706,20,30,928182.98,2618405563.0,130920278.15,False,True,False,2015-02-17,0.0,1
sz300424,航新科技,C43金属制品、机械和设备修理业,SZ,2015-04-22,2015-05-20,14.02,102.89,6.338801711840229,20,28,13885.899999999998,72888572.0,3644428.6,False,True,False,2015-04-22,0.0,1
sz300425,中建环能,C35专用设备制造业,SZ,2015-02-16,2015-03-10,20.08,57.99,1.887948207171315,20,22,531051.14,2807704116.0,140385205.8,False,True,False,2015-02-16,0.0,1
sz300426,华智数媒,R87广播、电视、电影和录音制作业,SZ,2015-02-17,2015-03-11,27.4,93.77,2.4222627737226277,20,22,564078.6300000001,4855408109.0,242770405.45,False,True,False,2015-02-17,0.0,1
sz300427,红相股份,C38电气机械和器材制造业,SZ,2015-02-17,2015-03-06,12.55,31.98,1.5482071713147407,20,17,862481.5900000001,2428877289.0,121443864.45,False,True,False,2015-02-17,0.0,1
sz300428,立中集团,C32有色金属冶炼和压延加工业,SZ,2015-03-19,2015-04-14,17.65,45.55,1.5807365439093486,20,26,748538.2300000001,3058402476.0,152920123.8,False,True,False,2015-03-19,0.0,1
sz300429,强力新材,C26化学原料和化学制品制造业,SZ,2015-03-24,2015-04-14,20.98,68.8,2.279313632030505,20,21,489731.78,3001065605.0,150053280.25,False,True,False,2015-03-24,0.0,1
sz300430,*ST益通,C35专用设备制造业,SZ,2015-03-19,2015-04-15,24.96,78.48,2.144230769230769,20,27,525273.1,3421449925.0,171072496.25,True,True,False,2015-03-19,0.0,1
sz300432,富临精工,C36汽车制造业,SZ,2015-03-19,2015-04-16,16.76,62.8,2.7470167064439135,20,28,862385.45,4346021552.0,217301077.6,False,True,False,2015-03-19,0.0,1
sz300433,蓝思科技,C39计算机、通信和其他电子设备制造业,SZ,2015-03-18,2015-04-10,27.59,118.79,3.3055454874954693,20,23,1436351.6900000002,15129774631.0,756488731.55,False,True,False,2015-03-18,0.0,1
sz300434,金石亚药,C27医药制造业,SZ,2015-04-24,2015-05-22,13.95,93.12,5.6752688172043015,20,28,25081.92,140457579.0,7022878.95,False,True,False,2015-04-24,0.0,1
sz300435,中泰股份,D45燃气生产和供应业,SZ,2015-03-26,2015-04-13,17.68,60.52,2.4230769230769234,20,18,347987.22,1964389770.0,98219488.5,False,True,False,2015-03-26,0.0,1
sz300436,广生堂,C27医药制造业,SZ,2015-04-22,2015-05-20,25.76,189.13,6.342003105590061,20,28,7563.88,82578562.0,4128928.1,False,True,False,2015-04-22,0.0,1
sz300437,清水源,C26化学原料和化学制品制造业,SZ,2015-04-23,2015-05-21,13.77,92.8,5.739288307915759,20,28,3939.05,18963073.0,948153.65,False,True,False,2015-04-23,0.0,1
sz300438,鹏辉能源,C38电气机械和器材制造业,SZ,2015-04-24,2015-05-22,17.84,130.94,6.339686098654709,20,28,63171.34999999999,444634808.0,22231740.4,False,True,False,2015-04-24,0.0,1
sz300439,美康生物,C27医药制造业,SZ,2015-04-22,2015-05-20,36.31,222.18,5.118975488846048,20,28,445362.92999999993,7070236053.0,353511802.65,False,True,False,2015-04-22,0.0,1
sz300440,运达科技,I65软件和信息技术服务业,SZ,2015-04-23,2015-05-19,28.64,144.35,4.040153631284916,20,26,902318.25,9170795473.0,458539773.65,False,True,False,2015-04-23,0.0,1
sz300441,鲍斯股份,C34通用设备制造业,SZ,2015-04-23,2015-05-21,12.95,86.38,5.6702702702702705,20,28,575978.49,2717714574.0,135885728.7,False,True,False,2015-04-23,0.0,1
sz300442,润泽科技,I65软件和信息技术服务业,SZ,2015-04-24,2015-05-22,25.07,121.12,3.8312724371759073,20,28,813884.8999999999,5526663821.0,276333191.05,False,True,False,2015-04-24,0.0,1
sz300443,金雷股份,C35专用设备制造业,SZ,2015-04-22,2015-05-19,42.16,204.96,3.861480075901329,20,27,357408.69000000006,5058054253.0,252902712.65,False,True,False,2015-04-22,0.0,1
sz300444,双杰电气,C38电气机械和器材制造业,SZ,2015-04-23,2015-05-21,15.86,87.1,4.491803278688525,20,28,1063299.88,5606445122.0,280322256.1,False,True,False,2015-04-23,0.0,1
sz300445,康斯特,C40仪器仪表制造业,SZ,2015-04-24,2015-05-22,23.91,159.57,5.673776662484316,20,28,11759.69,112779266.0,5638963.3,False,True,False,2015-04-24,0.0,1
sz300446,航天智造,C26化学原料和化学制品制造业,SZ,2015-04-23,2015-05-21,10.62,77.9,6.335216572504709,20,28,2376.7200000000003,8843434.0,442171.7,False,True,False,2015-04-23,0.0,1
sz300447,全信股份,C38电气机械和器材制造业,SZ,2015-04-22,2015-05-20,17.04,113.81,5.678990610328639,20,28,12291.49,77385425.0,3869271.25,False,True,False,2015-04-22,0.0,1
sz300448,浩云科技,I65软件和信息技术服务业,SZ,2015-04-24,2015-05-22,18.95,139.07,6.338786279683378,20,28,5551.02,40602330.0,2030116.5,False,True,False,2015-04-24,0.0,1
sz300449,汉邦高科,C39计算机、通信和其他电子设备制造业,SZ,2015-04-22,2015-05-20,23.44,156.35,5.670221843003413,20,28,20609.260000000002,152643068.0,7632153.4,False,True,False,2015-04-22,0.0,1
sz300450,先导智能,C35专用设备制造业,SZ,2015-05-18,2015-06-12,28.0,186.79,5.6710714285714285,20,25,137689.61,2080811364.0,104040568.2,False,True,False,2015-05-18,0.0,1
sz300451,创业慧康,I65软件和信息技术服务业,SZ,2015-05-14,2015-06-10,16.82,123.52,6.343638525564804,20,27,2216.96,21369850.0,1068492.5,False,True,False,2015-05-14,0.0,1
sz300452,山河药辅,C27医药制造业,SZ,2015-05-15,2015-06-11,17.95,131.77,6.3409470752089145,20,27,77676.89,849978997.0,42498949.85,False,True,False,2015-05-15,0.0,1
sz300453,三鑫医疗,C35专用设备制造业,SZ,2015-05-15,2015-06-11,16.98,92.9,4.471142520612485,20,27,217572.27999999997,1777892851.0,88894642.55,False,True,False,2015-05-15,0.0,1
sz300454,深信服,I65软件和信息技术服务业,SZ,2018-05-16,2018-06-06,36.08,130.7,2.6225055432372506,20,21,1456112.17,16967839721.0,848391986.05,False,True,False,2018-05-16,0.0,1
sz300455,航天智装,C39计算机、通信和其他电子设备制造业,SZ,2015-05-15,2015-06-11,9.09,60.64,5.671067106710671,20,27,7153.0,33315745.0,1665787.25,False,True,False,2015-05-15,0.0,1
sz300456,赛微电子,C39计算机、通信和其他电子设备制造业,SZ,2015-05-14,2015-06-10,16.81,123.38,6.339678762641285,20,27,157154.08000000002,1732561322.0,86628066.1,False,True,False,2015-05-14,0.0,1
sz300457,赢合科技,C35专用设备制造业,SZ,2015-05-14,2015-06-08,16.38,90.37,4.517094017094018,20,25,197421.13,1703138919.0,85156945.95,False,True,False,2015-05-14,0.0,1
sz300458,全志科技,C39计算机、通信和其他电子设备制造业,SZ,2015-05-15,2015-06-11,15.28,112.09,6.335732984293195,20,27,54287.100000000006,519791415.0,25989570.75,False,True,False,2015-05-15,0.0,1
sz300459,汤姆猫,I64互联网和相关服务,SZ,2015-05-15,2015-06-11,10.35,60.3,4.826086956521739,20,27,239014.18,1221595918.0,61079795.9,False,True,False,2015-05-15,0.0,1
sz300460,ST惠伦,C39计算机、通信和其他电子设备制造业,SZ,2015-05-15,2015-06-11,8.49,56.65,5.672555948174322,20,27,412008.30999999994,1915855439.0,95792771.95,True,True,False,2015-05-15,0.0,1
sz300461,田中精机,C35专用设备制造业,SZ,2015-05-19,2015-06-15,9.5,69.73,6.340000000000001,20,27,4402.5,23657224.0,1182861.2,False,True,False,2015-05-19,0.0,1
sz300462,ST华铭,C35专用设备制造业,SZ,2015-05-27,2015-06-17,18.81,85.69,3.5555555555555554,20,21,292316.66,2150532441.0,107526622.05,True,True,False,2015-05-27,0.0,1
sz300463,迈克生物,C27医药制造业,SZ,2015-05-28,2015-06-16,33.55,139.03,3.1439642324888233,20,19,589083.96,7245771966.0,362288598.3,False,True,False,2015-05-28,0.0,1
sz300464,星徽股份,F52零售业,SZ,2015-06-10,2015-06-26,13.46,41.93,2.115156017830609,20,16,518091.42999999993,1809141575.0,90457078.75,False,True,False,2015-06-10,0.0,1
sz300465,高伟达,I65软件和信息技术服务业,SZ,2015-05-28,2015-06-25,13.51,99.1,6.335307179866765,20,28,30152.0,230096990.0,11504849.5,False,True,False,2015-05-28,0.0,1
sz300466,赛摩智能,C40仪器仪表制造业,SZ,2015-05-28,2015-06-18,12.3,58.2,3.7317073170731705,20,21,293219.05,1435749848.0,71787492.4,False,True,False,2015-05-28,0.0,1
sz300467,迅游科技,I64互联网和相关服务,SZ,2015-05-27,2015-06-24,44.55,297.3,5.673400673400674,20,28,8796.689999999999,214331345.0,10716567.25,False,True,False,2015-05-27,0.0,1
sz300468,四方精创,I65软件和信息技术服务业,SZ,2015-05-27,2015-06-24,24.76,138.0,4.573505654281099,20,28,417074.04,5140385441.0,257019272.05,False,True,False,2015-05-27,0.0,1
sz300469,信息发展,I65软件和信息技术服务业,SZ,2015-06-11,2015-07-06,13.39,64.46,3.8140403286034346,20,25,263961.42,1408844129.0,70442206.45,False,True,False,2015-06-11,0.0,1
sz300470,中密控股,C34通用设备制造业,SZ,2015-06-12,2015-06-26,41.52,117.47,1.8292389210019264,20,14,297276.00000000006,2708128581.0,135406429.05,False,True,False,2015-06-12,0.0,1
sz300471,厚普股份,C35专用设备制造业,SZ,2015-06-11,2015-06-25,71.29,175.0,1.4547622387431614,20,14,399493.37,5173666358.0,258683317.9,False,True,False,2015-06-11,0.0,1
sz300472,ST新元,C35专用设备制造业,SZ,2015-06-11,2015-07-01,13.67,50.81,2.716898317483541,20,20,483535.74,2014939739.0,100746986.95,True,True,False,2015-06-11,0.0,1
sz300473,德尔股份,C36汽车制造业,SZ,2015-06-12,2015-06-25,37.96,88.77,1.3385142255005267,20,13,504435.06000000006,3032870835.0,151643541.75,False,True,False,2015-06-12,0.0,1
sz300474,景嘉微,C39计算机、通信和其他电子设备制造业,SZ,2016-03-31,2016-04-28,16.37,120.1,6.336591325595601,20,28,21408.62,188802041.0,9440102.05,False,True,False,2016-03-31,0.0,1
sz300475,香农芯创,F51批发业,SZ,2015-06-10,2015-06-26,11.51,36.17,2.1424847958297133,20,16,1031417.78,2967114387.0,148355719.35,False,True,False,2015-06-10,0.0,1
sz300476,胜宏科技,C39计算机、通信和其他电子设备制造业,SZ,2015-06-11,2015-06-26,18.88,58.77,2.11281779661017,20,15,874388.88,3749035388.0,187451769.4,False,True,False,2015-06-11,0.0,1
sz300477,ST合纵,C38电气机械和器材制造业,SZ,2015-06-10,2015-06-26,12.73,43.6,2.424980361351139,20,16,552852.72,1887691235.0,94384561.75,True,True,False,2015-06-10,0.0,1
sz300478,杭州高新,C29橡胶和塑料制品业,SZ,2015-06-10,2015-06-26,19.59,61.0,2.1138335885655946,20,16,427046.61000000004,2052673658.0,102633682.9,False,True,False,2015-06-10,0.0,1
sz300479,神思电子,I65软件和信息技术服务业,SZ,2015-06-12,2015-07-03,14.54,58.0,2.988995873452545,20,21,443419.02999999997,2226705644.0,111335282.2,False,True,False,2015-06-12,0.0,1
sz300480,光力科技,C35专用设备制造业,SZ,2015-07-02,2015-07-29,9.49,64.13,5.757639620653318,20,27,506938.47,2351884181.0,117594209.05,False,True,False,2015-07-02,0.0,1
sz300481,濮阳惠成,C26化学原料和化学制品制造业,SZ,2015-06-30,2015-07-27,12.06,42.85,2.5530679933665006,20,27,988490.02,3161458824.0,158072941.2,False,True,False,2015-06-30,0.0,1
sz300482,万孚生物,C27医药制造业,SZ,2015-06-30,2015-07-27,20.94,108.96,4.203438395415472,20,27,816793.49,6383165862.0,319158293.1,False,True,False,2015-06-30,0.0,1
sz300483,首华燃气,B07石油和天然气开采业,SZ,2015-06-30,2015-07-27,13.67,62.0,3.5354791514264816,20,27,726092.8500000001,3167987410.0,158399370.5,False,True,False,2015-06-30,0.0,1
sz300484,蓝海华腾,C38电气机械和器材制造业,SZ,2016-03-22,2016-04-19,22.5,165.12,6.338666666666667,20,28,78698.65,1156924715.0,57846235.75,False,True,False,2016-03-22,0.0,1
sz300485,赛升药业,C27医药制造业,SZ,2015-06-26,2015-07-23,50.77,115.92,1.2832381327555642,20,27,996358.2200000001,8985856066.0,449292803.3,False,True,False,2015-06-26,0.0,1
sz300486,东杰智能,C34通用设备制造业,SZ,2015-06-30,2015-07-27,11.8,43.35,2.673728813559322,20,27,1824800.08,5530023626.0,276501181.3,False,True,False,2015-06-30,0.0,1
sz300487,蓝晓科技,C26化学原料和化学制品制造业,SZ,2015-07-02,2015-07-24,17.8,63.84,2.5865168539325842,20,22,1099807.53,5305783032.0,265289151.6,False,True,False,2015-07-02,0.0,1
sz300488,恒锋工具,C33金属制品业,SZ,2015-07-01,2015-07-27,24.13,72.38,1.9995855781185248,20,26,601021.01,3335434499.0,166771724.95,False,True,False,2015-07-01,0.0,1
sz300489,光智科技,C39计算机、通信和其他电子设备制造业,SZ,2015-07-01,2015-07-27,23.18,86.0,2.7100949094046594,20,26,550535.6199999999,3601947264.0,180097363.2,False,True,False,2015-07-01,0.0,1
sz300490,华自科技,C38电气机械和器材制造业,SZ,2015-12-31,2016-01-21,12.0,49.73,3.144166666666666,20,21,539784.58,2092032443.0,104601622.15,False,True,False,2015-12-31,0.0,1
sz300491,通合科技,C38电气机械和器材制造业,SZ,2015-12-31,2016-01-26,13.84,60.5,3.371387283236994,20,26,483697.07000000007,2568195928.0,128409796.4,False,True,False,2015-12-31,0.0,1
sz300492,华图山鼎,P83教育,SZ,2015-12-23,2016-01-18,8.28,49.98,5.036231884057971,20,26,425655.4,1958480131.0,97924006.55,False,True,False,2015-12-23,0.0,1
sz300493,润欣科技,F51批发业,SZ,2015-12-10,2016-01-07,9.06,60.52,5.679911699779249,20,28,18474.98,83104750.0,4155237.5,False,True,False,2015-12-10,0.0,1
sz300494,盛天网络,I64互联网和相关服务,SZ,2015-12-31,2016-01-21,23.89,99.0,3.143993302637087,20,21,588232.39,4895885059.0,244794252.95,False,True,False,2015-12-31,0.0,1
sz300496,中科创达,I65软件和信息技术服务业,SZ,2015-12-10,2016-01-07,28.41,204.99,6.215417106652588,20,28,28389.15,485289080.0,24264454.0,False,True,False,2015-12-10,0.0,1
sz300497,富祥股份,C27医药制造业,SZ,2015-12-22,2016-01-12,18.96,83.85,3.4224683544303796,20,21,360598.92000000004,2622719047.0,131135952.35,False,True,False,2015-12-22,0.0,1
sz300499,高澜股份,C38电气机械和器材制造业,SZ,2016-02-02,2016-02-25,20.48,70.17,2.42626953125,20,23,459411.82999999996,2683499128.0,134174956.4,False,True,False,2016-02-02,0.0,1
sz300500,启迪设计,M74专业技术服务业,SZ,2016-02-04,2016-02-26,27.6,84.22,2.0514492753623186,20,22,490759.85000000003,3361161110.0,168058055.5,False,True,False,2016-02-04,0.0,1
sz300501,海顺新材,C27医药制造业,SZ,2016-02-04,2016-02-26,29.06,90.49,2.1139022711631106,20,22,421191.4,3259697932.0,162984896.6,False,True,False,2016-02-04,0.0,1
sz300502,新易盛,C39计算机、通信和其他电子设备制造业,SZ,2016-03-03,2016-03-28,25.76,89.68,2.481366459627329,20,25,772139.6399999999,6233672525.0,311683626.25,False,True,False,2016-03-03,0.0,1
sz300503,昊志机电,C34通用设备制造业,SZ,2016-03-09,2016-03-29,9.26,42.22,3.559395248380129,20,20,631203.69,2408672865.0,120433643.25,False,True,False,2016-03-09,0.0,1
sz300504,天邑股份,C39计算机、通信和其他电子设备制造业,SZ,2018-03-30,2018-04-19,15.67,52.88,2.374601148691768,20,20,3603030.4600000004,16444363492.0,822218174.6,False,True,False,2018-03-30,0.0,1
sz300505,川金诺,C26化学原料和化学制品制造业,SZ,2016-03-15,2016-04-12,12.3,48.5,2.9430894308943087,20,28,1053467.0,4190153699.0,209507684.95,False,True,False,2016-03-15,0.0,1
sz300506,名家汇,E50建筑装饰、装修和其他建筑业,SZ,2016-03-24,2016-04-21,10.3,54.55,4.296116504854369,20,28,1378853.37,6302285294.0,315114264.7,False,True,False,2016-03-24,0.0,1
sz300507,苏奥传感,C36汽车制造业,SZ,2016-04-29,2016-05-27,32.89,89.51,1.721495895408939,20,28,632674.5900000001,5120858602.0,256042930.1,False,True,False,2016-04-29,0.0,1
sz300508,维宏股份,C40仪器仪表制造业,SZ,2016-04-19,2016-05-11,26.51,116.0,3.3757072802715955,20,22,234179.87,2268746550.0,113437327.5,False,True,False,2016-04-19,0.0,1
sz300509,新美星,C34通用设备制造业,SZ,2016-04-25,2016-05-11,17.45,54.31,2.1123209169054444,20,16,657125.4600000001,3286318199.0,164315909.95,False,True,False,2016-04-25,0.0,1
sz300510,金冠股份,C38电气机械和器材制造业,SZ,2016-05-06,2016-06-02,16.24,56.75,2.494458128078818,20,27,974220.2799999999,4870642024.0,243532101.2,False,True,False,2016-05-06,0.0,1
sz300511,雪榕生物,A01农业,SZ,2016-05-04,2016-05-31,22.2,60.0,1.7027027027027026,20,27,1436708.23,7738178596.0,386908929.8,False,True,False,2016-05-04,0.0,1
sz300512,中亚股份,C34通用设备制造业,SZ,2016-05-26,2016-06-22,25.09,104.28,3.1562375448385813,20,27,1220952.2999999998,11089280358.0,554464017.9,False,True,False,2016-05-26,0.0,1
sz300513,恒实科技,I65软件和信息技术服务业,SZ,2016-05-30,2016-06-28,14.08,103.28,6.3352272727272725,20,29,8510.920000000002,57153461.0,2857673.05,False,True,False,2016-05-30,0.0,1
sz300514,友讯达,C40仪器仪表制造业,SZ,2017-04-26,2017-05-16,11.17,40.0,2.5810205908683974,20,20,607827.17,2092616736.0,104630836.8,False,True,False,2017-04-26,0.0,1
sz300515,三德科技,C40仪器仪表制造业,SZ,2016-06-08,2016-07-11,10.28,75.49,6.343385214007782,20,33,48254.8,347781962.0,17389098.1,False,True,False,2016-06-08,0.0,1
sz300516,久之洋,C39计算机、通信和其他电子设备制造业,SZ,2016-06-02,2016-07-01,27.0,181.5,5.722222222222222,20,29,299401.5,5164192992.0,258209649.6,False,True,False,2016-06-02,0.0,1
sz300517,海波重科,E48土木工程建筑业,SZ,2016-07-19,2016-08-15,13.26,72.8,4.490196078431373,20,27,483792.25,3307155594.0,165357779.7,False,True,False,2016-07-19,0.0,1
sz300518,新迅达,I64互联网和相关服务,SZ,2016-06-24,2016-07-21,26.66,190.7,6.153038259564891,20,27,157237.99,2843577023.0,142178851.15,False,True,False,2016-06-24,0.0,1
sz300519,新光药业,C27医药制造业,SZ,2016-06-24,2016-07-21,15.34,107.45,6.004563233376793,20,27,5770.85,47968206.0,2398410.3,False,True,False,2016-06-24,0.0,1
sz300520,科大国创,I65软件和信息技术服务业,SZ,2016-07-08,2016-08-04,12.06,88.52,6.339966832504145,20,27,7470.43,51560130.0,2578006.5,False,True,False,2016-07-08,0.0,1
sz300521,爱司凯,C35专用设备制造业,SZ,2016-07-05,2016-07-29,13.51,87.98,5.512213175425611,20,24,293976.87,2355479361.0,117773968.05,False,True,False,2016-07-05,0.0,1
sz300522,世名科技,C26化学原料和化学制品制造业,SZ,2016-07-05,2016-07-27,22.26,113.55,4.101078167115903,20,22,395452.44000000006,4071824622.0,203591231.1,False,True,False,2016-07-05,0.0,1
sz300523,辰安科技,I65软件和信息技术服务业,SZ,2016-07-26,2016-08-22,26.3,193.07,6.341064638783269,20,27,130275.03,2408731401.0,120436570.05,False,True,False,2016-07-26,0.0,1
sz300525,博思软件,I65软件和信息技术服务业,SZ,2016-07-26,2016-08-22,14.02,102.89,6.338801711840229,20,27,3311.4300000000003,26791975.0,1339598.75,False,True,False,2016-07-26,0.0,1
sz300527,ST应急,C35专用设备制造业,SZ,2016-08-05,2016-09-01,8.63,43.33,4.020857473928157,20,27,1749541.81,7075445369.0,353772268.45,True,True,False,2016-08-05,0.0,1
sz300528,幸福蓝海,R87广播、电视、电影和录音制作业,SZ,2016-08-08,2016-09-02,8.73,51.8,4.933562428407789,20,25,1523104.5799999998,6841478441.0,342073922.05,False,True,False,2016-08-08,0.0,1
sz300529,健帆生物,C35专用设备制造业,SZ,2016-08-02,2016-08-26,12.96,82.68,5.37962962962963,20,24,545386.95,4172799150.0,208639957.5,False,True,False,2016-08-02,0.0,1
sz300530,领湃科技,C38电气机械和器材制造业,SZ,2016-08-09,2016-09-02,15.77,95.67,5.066582117945466,20,24,220910.03000000003,2016449812.0,100822490.6,False,True,False,2016-08-09,0.0,1
sz300531,优博讯,C39计算机、通信和其他电子设备制造业,SZ,2016-08-09,2016-09-05,17.63,113.3,5.426545660805446,20,27,205609.41999999998,2175245446.0,108762272.3,False,True,False,2016-08-09,0.0,1
sz300532,今天国际,I65软件和信息技术服务业,SZ,2016-08-18,2016-09-09,19.58,103.12,4.266598569969357,20,22,341201.25,3258727524.0,162936376.2,False,True,False,2016-08-18,0.0,1
sz300533,冰川网络,I64互联网和相关服务,SZ,2016-08-18,2016-09-08,48.86,189.26,2.8735161686451085,20,21,491623.65,8610846664.0,430542333.2,False,True,False,2016-08-18,0.0,1
sz300534,陇神戎发,C27医药制造业,SZ,2016-09-13,2016-10-12,16.67,69.2,3.1511697660467908,20,29,593219.23,3767879130.0,188393956.5,False,True,False,2016-09-13,0.0,1
sz300535,达威股份,C26化学原料和化学制品制造业,SZ,2016-08-12,2016-09-05,22.2,122.41,4.513963963963964,20,24,250891.21999999997,2891485730.0,144574286.5,False,True,False,2016-08-12,0.0,1
sz300536,农尚环境,E48土木工程建筑业,SZ,2016-09-20,2016-10-20,10.87,59.18,4.4443422263109476,20,30,590692.29,3241097494.0,162054874.7,False,True,False,2016-09-20,0.0,1
sz300537,广信材料,C26化学原料和化学制品制造业,SZ,2016-08-30,2016-09-22,11.03,55.28,4.01178603807797,20,23,503946.33999999997,2563297834.0,128164891.7,False,True,False,2016-08-30,0.0,1
sz300538,同益股份,F51批发业,SZ,2016-08-26,2016-09-23,20.92,99.8,3.7705544933078388,20,28,257388.38999999998,2377955869.0,118897793.45,False,True,False,2016-08-26,0.0,1
sz300539,横河精密,C29橡胶和塑料制品业,SZ,2016-08-30,2016-09-27,7.34,49.02,5.678474114441418,20,28,299417.01,1396127913.0,69806395.65,False,True,False,2016-08-30,0.0,1
sz300540,蜀道装备,C34通用设备制造业,SZ,2016-08-23,2016-09-09,22.0,82.83,2.765,20,17,357475.11,2681345209.0,134067260.45,False,True,False,2016-08-23,0.0,1
sz300541,先进数通,I65软件和信息技术服务业,SZ,2016-09-13,2016-10-14,13.28,73.0,4.496987951807229,20,31,476538.76999999996,3284164084.0,164208204.2,False,True,False,2016-09-13,0.0,1
sz300542,新晨科技,I65软件和信息技术服务业,SZ,2016-09-20,2016-10-24,10.58,69.0,5.521739130434782,20,34,144740.02000000002,942855157.0,47142757.85,False,True,False,2016-09-20,0.0,1
sz300543,朗科智能,C39计算机、通信和其他电子设备制造业,SZ,2016-09-08,2016-10-13,29.72,134.88,3.5383580080753703,20,35,409477.31,4908252160.0,245412608.0,False,True,False,2016-09-08,0.0,1
sz300545,联得装备,C35专用设备制造业,SZ,2016-09-28,2016-11-01,16.2,101.1,5.2407407407407405,20,34,384357.71,3482126735.0,174106336.75,False,True,False,2016-09-28,0.0,1
sz300546,雄帝科技,C39计算机、通信和其他电子设备制造业,SZ,2016-09-28,2016-10-31,24.52,163.61,5.672512234910278,20,33,132036.91999999998,1934859975.0,96742998.75,False,True,False,2016-09-28,0.0,1
sz300547,川环科技,C29橡胶和塑料制品业,SZ,2016-09-30,2016-11-02,29.13,115.49,2.9646412633024375,20,33,497792.43,5162754208.0,258137710.4,False,True,False,2016-09-30,0.0,1
sz300548,长芯博创,C39计算机、通信和其他电子设备制造业,SZ,2016-10-12,2016-11-08,15.25,101.99,5.687868852459016,20,27,208057.25,1987234309.0,99361715.45,False,True,False,2016-10-12,0.0,1
sz300549,优德精密,C35专用设备制造业,SZ,2016-09-30,2016-11-03,19.84,103.88,4.235887096774193,20,34,340744.67,3330427913.0,166521395.65,False,True,False,2016-09-30,0.0,1
sz300550,和仁科技,I65软件和信息技术服务业,SZ,2016-10-18,2016-11-14,16.54,110.24,5.665054413542927,20,27,128075.48,1362729147.0,68136457.35,False,True,False,2016-10-18,0.0,1
sz300551,古鳌科技,C34通用设备制造业,SZ,2016-10-18,2016-11-14,16.48,109.96,5.672330097087378,20,27,124803.98,1321552061.0,66077603.05,False,True,False,2016-10-18,0.0,1
sz300552,万集科技,C39计算机、通信和其他电子设备制造业,SZ,2016-10-21,2016-11-15,14.7,88.2,5.000000000000001,20,25,311428.57,2529312521.0,126465626.05,False,True,False,2016-10-21,0.0,1
sz300553,集智股份,C40仪器仪表制造业,SZ,2016-10-21,2016-11-17,16.9,124.04,6.339644970414202,20,27,84201.95000000001,985878984.0,49293949.2,False,True,False,2016-10-21,0.0,1
sz300554,三超新材,C30非金属矿物制品业,SZ,2017-04-21,2017-05-10,17.99,63.99,2.556976097832129,20,19,445270.71,2624498982.0,131224949.1,False,True,False,2017-04-21,0.0,1
sz300555,ST路通,C39计算机、通信和其他电子设备制造业,SZ,2016-10-18,2016-11-11,18.48,96.0,4.194805194805195,20,24,488118.25,4315621498.0,215781074.9,True,True,False,2016-10-18,0.0,1
sz300556,丝路视觉,I65软件和信息技术服务业,SZ,2016-11-04,2016-12-01,6.65,48.86,6.347368421052631,20,27,4020.8499999999995,14530815.0,726540.75,False,True,False,2016-11-04,0.0,1
sz300557,理工光科,C35专用设备制造业,SZ,2016-11-01,2016-11-28,16.69,113.09,5.775913720790893,20,27,115098.64,1258917114.0,62945855.7,False,True,False,2016-11-01,0.0,1
sz300558,贝达药业,C27医药制造业,SZ,2016-11-07,2016-11-28,23.19,99.83,3.304872789995687,20,21,647960.1399999999,5852304112.0,292615205.6,False,True,False,2016-11-07,0.0,1
sz300559,佳发教育,I65软件和信息技术服务业,SZ,2016-11-01,2016-11-22,23.18,99.11,3.2756686798964623,20,21,371163.95,3446306368.0,172315318.4,False,True,False,2016-11-01,0.0,1
sz300560,中富通,I65软件和信息技术服务业,SZ,2016-11-01,2016-11-28,13.54,87.0,5.425406203840473,20,27,158270.79,1302923512.0,65146175.6,False,True,False,2016-11-01,0.0,1
sz300561,汇金科技,I65软件和信息技术服务业,SZ,2016-11-17,2016-12-08,31.33,148.5,3.7398659431854453,20,21,319151.9,4305691536.0,215284576.8,False,True,False,2016-11-17,0.0,1
sz300562,乐心股份,C35专用设备制造业,SZ,2016-11-16,2016-12-12,18.76,114.0,5.076759061833688,20,26,139726.51,1465557982.0,73277899.1,False,True,False,2016-11-16,0.0,1
sz300563,神宇股份,C39计算机、通信和其他电子设备制造业,SZ,2016-11-14,2016-12-09,10.61,77.8,6.3327049952874646,20,25,153447.59000000003,1138999833.0,56949991.65,False,True,False,2016-11-14,0.0,1
sz300564,筑博设计,M74专业技术服务业,SZ,2019-11-08,2019-11-18,27.23,56.0,1.056555269922879,20,10,1117413.63,5018821928.0,250941096.4,False,True,False,2019-11-08,0.0,1
sz300565,科信技术,C39计算机、通信和其他电子设备制造业,SZ,2016-11-22,2016-12-13,10.54,51.35,3.8719165085388996,20,21,620013.13,2740327158.0,137016357.9,False,True,False,2016-11-22,0.0,1
sz300566,激智科技,C39计算机、通信和其他电子设备制造业,SZ,2016-11-15,2016-12-08,17.93,89.8,4.008365867261572,20,23,489471.88999999996,3988881357.0,199444067.85,False,True,False,2016-11-15,0.0,1
sz300567,精测电子,C40仪器仪表制造业,SZ,2016-11-22,2016-12-14,23.9,104.88,3.388284518828452,20,22,485366.38000000006,4742376167.0,237118808.35,False,True,False,2016-11-22,0.0,1
sz300568,星源材质,C26化学原料和化学制品制造业,SZ,2016-12-01,2016-12-19,25.98,95.0,2.6566589684372595,20,18,652153.58,5658491697.0,282924584.85,False,True,False,2016-12-01,0.0,1
sz300569,天能重工,C38电气机械和器材制造业,SZ,2016-11-25,2016-12-09,49.88,145.0,1.9069767441860463,20,14,413490.8,4981762619.0,249088130.95,False,True,False,2016-11-25,0.0,1
sz300570,太辰光,C39计算机、通信和其他电子设备制造业,SZ,2016-12-06,2016-12-20,24.71,76.81,2.1084581141238363,20,14,686640.07,4316946073.0,215847303.65,False,True,False,2016-12-06,0.0,1
sz300571,平治信息,C39计算机、通信和其他电子设备制造业,SZ,2016-12-13,2017-01-10,14.45,106.08,6.341176470588236,20,28,25018.62,254075708.0,12703785.4,False,True,False,2016-12-13,0.0,1
sz300572,安车检测,C40仪器仪表制造业,SZ,2016-12-06,2016-12-26,18.21,72.13,2.9610104338275667,20,20,352004.32999999996,2323672676.0,116183633.8,False,True,False,2016-12-06,0.0,1
sz300573,兴齐眼药,C27医药制造业,SZ,2016-12-08,2017-01-05,6.19,45.47,6.3457189014539575,20,28,4929.68,16921643.0,846082.15,False,True,False,2016-12-08,0.0,1
sz300575,中旗股份,C26化学原料和化学制品制造业,SZ,2016-12-20,2016-12-30,26.75,66.99,1.5042990654205606,20,10,493282.75,2946028784.0,147301439.2,False,True,False,2016-12-20,0.0,1
sz300576,容大感光,C39计算机、通信和其他电子设备制造业,SZ,2016-12-20,2017-01-11,9.89,49.0,3.954499494438827,20,22,411496.52,1840005774.0,92000288.7,False,True,False,2016-12-20,0.0,1
sz300577,开润股份,C19皮革、毛皮、羽毛及其制品和制鞋业,SZ,2016-12-21,2017-01-12,23.5,79.0,2.3617021276595747,20,22,454334.38999999996,3317656948.0,165882847.4,False,True,False,2016-12-21,0.0,1
sz300578,会畅科技,I65软件和信息技术服务业,SZ,2017-01-25,2017-02-24,11.64,54.5,3.682130584192439,20,30,470600.88,2419521358.0,120976067.9,False,True,False,2017-01-25,0.0,1
sz300579,数字认证,I65软件和信息技术服务业,SZ,2016-12-23,2017-01-18,15.98,62.23,2.89424280350438,20,26,678594.9599999998,3816515487.0,190825774.35,False,True,False,2016-12-23,0.0,1
sz300580,贝斯特,C36汽车制造业,SZ,2017-01-11,2017-02-08,12.49,30.58,1.4483586869495593,20,28,2062538.75,5579659251.0,278982962.55,False,True,False,2017-01-11,0.0,1
sz300581,晨曦航空,C39计算机、通信和其他电子设备制造业,SZ,2016-12-20,2017-01-09,31.99,112.88,2.5286026883401065,20,20,237588.35,2510095699.0,125504784.95,False,True,False,2016-12-20,0.0,1
sz300582,英飞特,C39计算机、通信和其他电子设备制造业,SZ,2016-12-28,2017-01-11,17.82,49.0,1.7497194163860832,20,14,823524.9,3065893480.0,153294674.0,False,True,False,2016-12-28,0.0,1
sz300583,赛托生物,C27医药制造业,SZ,2024-09-18,2024-10-22,13.07,26.16,1.0015302218821729,20,34,2000611.52,4053208997.0,202660449.85,False,False,False,2017-01-06,2812.0,1
sz300584,海辰药业,C27医药制造业,SZ,2017-01-12,2017-02-15,13.33,48.9,2.668417104276069,20,34,614389.65,2730818532.0,136540926.6,False,True,False,2017-01-12,0.0,1
sz300585,奥联电子,C36汽车制造业,SZ,2016-12-29,2017-01-17,13.01,44.59,2.4273635664873177,20,19,601096.64,2459316923.0,122965846.15,False,True,False,2016-12-29,0.0,1
sz300586,美联新材,C26化学原料和化学制品制造业,SZ,2017-01-04,2017-02-06,12.13,37.9,2.1244847485572955,20,33,712486.9799999999,2437035931.0,121851796.55,False,True,False,2017-01-04,0.0,1
sz300587,天铁科技,C29橡胶和塑料制品业,SZ,2017-01-05,2017-01-17,18.62,41.5,1.2287862513426422,20,12,933100.4000000001,3427479711.0,171373985.55,False,True,False,2017-01-05,0.0,1
sz300588,熙菱信息,I65软件和信息技术服务业,SZ,2017-01-05,2017-02-08,5.93,41.69,6.03035413153457,20,34,361569.79,1376657253.0,68832862.65,False,True,False,2017-01-05,0.0,1
sz300589,江龙船艇,C37铁路、船舶、航空航天和其他运输设备制造业,SZ,2017-01-13,2017-02-15,8.37,50.73,5.060931899641577,20,33,360284.33999999997,1718051616.0,85902580.8,False,True,False,2017-01-13,0.0,1
sz300590,移为通信,C39计算机、通信和其他电子设备制造业,SZ,2017-01-11,2017-02-14,34.18,76.37,1.2343475716793448,20,34,731492.7699999999,5007882152.0,250394107.6,False,True,False,2017-01-11,0.0,1
sz300591,万里马,C19皮革、毛皮、羽毛及其制品和制鞋业,SZ,2017-01-10,2017-02-10,3.98,24.48,5.150753768844221,20,31,851906.25,1882795278.0,94139763.9,False,True,False,2017-01-10,0.0,1
sz300592,华凯易佰,F52零售业,SZ,2017-01-20,2017-02-22,6.25,37.78,5.0448,20,33,704629.36,2438833418.0,121941670.9,False,True,False,2017-01-20,0.0,1
sz300593,新雷能,C38电气机械和器材制造业,SZ,2017-01-13,2017-02-15,7.84,46.68,4.954081632653061,20,33,619903.06,2629847127.0,131492356.35,False,True,False,2017-01-13,0.0,1
sz300595,欧普康视,C35专用设备制造业,SZ,2017-01-17,2017-02-13,28.57,115.0,3.025201260063003,20,27,424864.7199999999,4342130322.0,217106516.1,False,True,False,2017-01-17,0.0,1
sz300596,利安隆,C26化学原料和化学制品制造业,SZ,2017-01-19,2017-02-15,13.55,49.97,2.687822878228782,20,27,948103.3400000001,4217698265.0,210884913.25,False,True,False,2017-01-19,0.0,1
sz300597,吉大通信,I65软件和信息技术服务业,SZ,2017-01-23,2017-02-17,6.64,30.25,3.5557228915662655,20,25,1064967.03,2838797573.0,141939878.65,False,True,False,2017-01-23,0.0,1
sz300598,诚迈科技,I65软件和信息技术服务业,SZ,2017-01-20,2017-02-20,11.53,57.74,4.007805724197746,20,31,342829.0,1739742526.0,86987126.3,False,True,False,2017-01-20,0.0,1
sz300599,雄塑科技,C29橡胶和塑料制品业,SZ,2017-01-23,2017-02-15,8.45,28.74,2.401183431952663,20,23,2532500.3700000006,6485519456.0,324275972.8,False,True,False,2017-01-23,0.0,1
sz300600,国瑞科技,C37铁路、船舶、航空航天和其他运输设备制造业,SZ,2017-01-25,2017-02-28,18.13,75.76,3.1787093215664646,20,34,655799.31,4227420515.0,211371025.75,False,True,False,2017-01-25,0.0,1
sz300601,康泰生物,C27医药制造业,SZ,2017-02-07,2017-03-06,4.35,28.95,5.655172413793104,20,27,17664.469999999998,41550010.0,2077500.5,False,True,False,2017-02-07,0.0,1
sz300602,飞荣达,C39计算机、通信和其他电子设备制造业,SZ,2017-01-26,2017-02-28,17.78,61.61,2.465129358830146,20,33,751016.35,4299657702.0,214982885.1,False,True,False,2017-01-26,0.0,1
sz300603,立昂技术,I65软件和信息技术服务业,SZ,2017-01-26,2017-03-01,5.46,40.1,6.344322344322345,20,34,69674.89,269707984.0,13485399.2,False,True,False,2017-01-26,0.0,1
sz300604,长川科技,C35专用设备制造业,SZ,2017-04-17,2017-05-15,11.93,56.36,3.724224643755239,20,28,701891.73,3416130676.0,170806533.8,False,True,False,2017-04-17,0.0,1
sz300605,恒锋信息,I65软件和信息技术服务业,SZ,2017-02-08,2017-02-28,11.28,51.38,3.5549645390070923,20,20,449717.38,2206874779.0,110343738.95,False,True,False,2017-02-08,0.0,1
sz300606,金太阳,C30非金属矿物制品业,SZ,2017-02-08,2017-03-01,10.03,48.5,3.835493519441675,20,21,485866.23,2191215013.0,109560750.65,False,True,False,2017-02-08,0.0,1
sz300607,拓斯达,C34通用设备制造业,SZ,2017-02-09,2017-03-08,24.74,84.3,2.407437348423606,20,27,574745.99,4478021267.0,223901063.35,False,True,False,2017-02-09,0.0,1
sz300608,思特奇,I65软件和信息技术服务业,SZ,2017-02-13,2017-03-02,19.39,75.0,2.867973182052604,20,17,304091.53,2155202663.0,107760133.15,False,True,False,2017-02-13,0.0,1
sz300609,汇纳科技,I65软件和信息技术服务业,SZ,2017-02-15,2017-03-14,9.74,71.54,6.344969199178645,20,27,230346.8,1476314507.0,73815725.35,False,True,False,2017-02-15,0.0,1
sz300610,晨化股份,C26化学原料和化学制品制造业,SZ,2017-02-13,2017-03-02,13.95,49.97,2.5820788530465952,20,17,520832.35,2386596157.0,119329807.85,False,True,False,2017-02-13,0.0,1
sz300611,美力科技,C36汽车制造业,SZ,2017-02-20,2017-03-09,14.36,59.57,3.1483286908077996,20,17,579679.74,3262308740.0,163115437.0,False,True,False,2017-02-20,0.0,1
sz300612,宣亚国际,L72商务服务业,SZ,2017-02-15,2017-03-13,19.37,90.98,3.696954052658751,20,26,526508.28,4202012414.0,210100620.7,False,True,False,2017-02-15,0.0,1
sz300613,富瀚微,I65软件和信息技术服务业,SZ,2017-02-20,2017-03-13,66.77,304.88,3.566122510109331,20,21,331437.54000000004,9286337408.0,464316870.4,False,True,False,2017-02-20,0.0,1
sz300614,百川畅银,N77生态保护和环境治理业,SZ,2021-05-25,2021-06-09,34.48,70.99,1.0588747099767981,20,15,2487604.91,13214065898.0,660703294.9,False,True,False,2021-05-25,0.0,1
sz300615,欣天科技,C39计算机、通信和其他电子设备制造业,SZ,2017-02-15,2017-03-07,17.24,63.21,2.6664733178654294,20,20,564197.23,3303495879.0,165174793.95,False,True,False,2017-02-15,0.0,1
sz300616,尚品宅配,C21家具制造业,SZ,2017-03-07,2017-03-22,65.22,201.0,2.0818767249310026,20,15,812225.56,14692940701.0,734647035.05,False,True,False,2017-03-07,0.0,1
sz300617,安靠智电,C38电气机械和器材制造业,SZ,2017-02-28,2017-03-22,29.26,137.08,3.684894053315106,20,22,349688.45,4415317430.0,220765871.5,False,True,False,2017-02-28,0.0,1
sz300618,寒锐钴业,C32有色金属冶炼和压延加工业,SZ,2017-03-06,2017-03-31,14.94,109.7,6.342704149933066,20,25,255763.86,2717641140.0,135882057.0,False,True,False,2017-03-06,0.0,1
sz300619,金银河,C35专用设备制造业,SZ,2017-03-01,2017-03-27,13.18,87.88,5.667678300455235,20,26,221541.74,1858177436.0,92908871.8,False,True,False,2017-03-01,0.0,1
sz300620,光库科技,C39计算机、通信和其他电子设备制造业,SZ,2017-03-10,2017-03-30,14.95,62.52,3.1819397993311043,20,20,419086.4800000001,2378648886.0,118932444.3,False,True,False,2017-03-10,0.0,1
sz300621,维业股份,E50建筑装饰、装修和其他建筑业,SZ,2017-03-16,2017-04-06,10.32,36.89,2.574612403100775,20,21,840490.7299999999,2791451986.0,139572599.3,False,True,False,2017-03-16,0.0,1
sz300622,博士眼镜,F52零售业,SZ,2017-03-15,2017-04-06,11.8,49.8,3.220338983050847,20,22,539100.87,2414580860.0,120729043.0,False,True,False,2017-03-15,0.0,1
sz300623,捷捷微电,C39计算机、通信和其他电子设备制造业,SZ,2017-03-14,2017-03-29,33.16,113.56,2.4246079613992766,20,15,443584.97,4095038973.0,204751948.65,False,True,False,2017-03-14,0.0,1
sz300624,万兴科技,I65软件和信息技术服务业,SZ,2018-01-18,2018-02-01,21.85,61.8,1.8283752860411897,20,14,789690.4,4021797560.0,201089878.0,False,True,False,2018-01-18,0.0,1
sz300625,三雄极光,C38电气机械和器材制造业,SZ,2017-03-17,2017-03-30,23.16,65.0,1.8065630397236614,20,13,1394971.8099999998,7334847864.0,366742393.2,False,True,False,2017-03-17,0.0,1
sz300626,华瑞股份,C38电气机械和器材制造业,SZ,2017-03-20,2017-04-11,9.0,38.4,3.2666666666666666,20,22,506432.37999999995,1780434589.0,89021729.45,False,True,False,2017-03-20,0.0,1
sz300627,华测导航,C39计算机、通信和其他电子设备制造业,SZ,2017-03-21,2017-04-12,15.32,68.0,3.43864229765013,20,22,669828.0800000001,4183378080.0,209168904.0,False,True,False,2017-03-21,0.0,1
sz300628,亿联网络,C39计算机、通信和其他电子设备制造业,SZ,2017-03-17,2017-04-06,106.4,378.0,2.552631578947368,20,20,360599.7,12084017183.0,604200859.15,False,True,False,2017-03-17,0.0,1
sz300629,新劲刚,C39计算机、通信和其他电子设备制造业,SZ,2017-03-24,2017-04-19,9.94,54.78,4.5110663983903425,20,26,381591.55,1883423438.0,94171171.9,False,True,False,2017-03-24,0.0,1
sz300631,久吾高科,C35专用设备制造业,SZ,2017-03-23,2017-04-13,14.36,59.57,3.1483286908077996,20,21,345427.0200000001,1843065792.0,92153289.6,False,True,False,2017-03-23,0.0,1
sz300632,光莆股份,C38电气机械和器材制造业,SZ,2017-04-06,2017-05-03,8.87,33.95,2.82750845546787,20,27,894144.1099999999,2633129154.0,131656457.7,False,True,False,2017-04-06,0.0,1
sz300633,开立医疗,C35专用设备制造业,SZ,2017-04-06,2017-04-28,6.28,26.86,3.277070063694267,20,22,1379894.0600000003,3302675657.0,165133782.85,False,True,False,2017-04-06,0.0,1
sz300634,彩讯股份,I65软件和信息技术服务业,SZ,2018-03-23,2018-04-23,9.46,59.4,5.27906976744186,20,31,836896.4500000001,4447381861.0,222369093.05,False,True,False,2018-03-23,0.0,1
sz300635,中达安,M74专业技术服务业,SZ,2017-03-31,2017-04-17,16.36,42.0,1.5672371638141809,20,17,586645.09,2190600948.0,109530047.4,False,True,False,2017-03-31,0.0,1
sz300636,同和药业,C27医药制造业,SZ,2017-03-31,2017-04-17,18.94,45.0,1.3759239704329458,20,17,416194.76,1700818870.0,85040943.5,False,True,False,2017-03-31,0.0,1
sz300637,扬帆新材,C26化学原料和化学制品制造业,SZ,2017-04-12,2017-05-03,12.02,32.12,1.6722129783693842,20,21,958351.6499999999,2821131175.0,141056558.75,False,True,False,2017-04-12,0.0,1
sz300638,广和通,C39计算机、通信和其他电子设备制造业,SZ,2017-04-13,2017-05-03,12.54,48.22,2.8452950558213717,20,20,496984.2099999999,2099709546.0,104985477.3,False,True,False,2017-04-13,0.0,1
sz300639,凯普生物,C27医药制造业,SZ,2017-04-12,2017-04-24,22.07,54.75,1.4807430901676484,20,12,632284.56,3099629366.0,154981468.3,False,True,False,2017-04-12,0.0,1
sz300640,德艺文创,C24文教、工美、体育和娱乐用品制造业,SZ,2017-04-17,2017-05-04,11.29,42.5,2.764393268379097,20,17,442398.66,1698816446.0,84940822.3,False,True,False,2017-04-17,0.0,1
sz300641,正丹股份,C26化学原料和化学制品制造业,SZ,2017-04-18,2017-05-03,12.88,29.6,1.298136645962733,20,15,2367652.21,6172810428.0,308640521.4,False,True,False,2017-04-18,0.0,1
sz300642,透景生命,C27医药制造业,SZ,2017-04-21,2017-05-05,47.65,113.0,1.3714585519412381,20,14,385601.25,3898274281.0,194913714.05,False,True,False,2017-04-21,0.0,1
sz300643,万通智控,C36汽车制造业,SZ,2017-05-05,2017-05-31,5.16,23.31,3.517441860465116,20,26,1898212.4299999997,3772083755.0,188604187.75,False,True,False,2017-05-05,0.0,1
sz300644,南京聚隆,C29橡胶和塑料制品业,SZ,2018-02-06,2018-03-12,21.64,58.99,1.725970425138632,20,34,1095401.8199999998,5432117884.0,271605894.2,False,True,False,2018-02-06,0.0,1
sz300645,正元智慧,I65软件和信息技术服务业,SZ,2017-04-21,2017-05-09,16.3,50.0,2.067484662576687,20,18,521024.75,2425400209.0,121270010.45,False,True,False,2017-04-21,0.0,1
sz300647,超频三,C39计算机、通信和其他电子设备制造业,SZ,2017-05-03,2017-05-18,10.75,36.67,2.4111627906976745,20,15,1284911.8599999999,4143495505.0,207174775.25,False,True,False,2017-05-03,0.0,1
sz300648,星云股份,C35专用设备制造业,SZ,2017-04-25,2017-05-17,18.89,66.0,2.493912122816305,20,22,607016.77,3566970532.0,178348526.6,False,True,False,2017-04-25,0.0,1
sz300649,杭州园林,M74专业技术服务业,SZ,2017-05-05,2017-06-01,11.94,61.6,4.159128978224456,20,27,507108.41000000003,2781013986.0,139050699.3,False,True,False,2017-05-05,0.0,1
sz300650,太龙股份,F51批发业,SZ,2017-05-03,2017-05-17,18.41,52.12,1.8310700706137966,20,14,475390.4199999999,2160089787.0,108004489.35,False,True,False,2017-05-03,0.0,1
sz300651,金陵体育,C24文教、工美、体育和娱乐用品制造业,SZ,2017-05-09,2017-05-22,16.45,46.55,1.829787234042553,20,13,825056.3700000001,3346597704.0,167329885.2,False,True,False,2017-05-09,0.0,1
sz300652,雷迪克,C36汽车制造业,SZ,2017-05-16,2017-05-31,20.97,43.93,1.0948974725798761,20,15,878379.53,3303453894.0,165172694.7,False,True,False,2017-05-16,0.0,1
sz300653,正海生物,C35专用设备制造业,SZ,2017-05-16,2017-06-07,15.47,47.4,2.063994828700711,20,22,748914.7100000001,3181574317.0,159078715.85,False,True,False,2017-05-16,0.0,1
sz300654,世纪天鸿,R86新闻和出版业,SZ,2017-09-26,2017-10-23,9.25,41.47,3.483243243243243,20,27,596713.29,2093463646.0,104673182.3,False,True,False,2017-09-26,0.0,1
sz300655,晶瑞电材,C26化学原料和化学制品制造业,SZ,2017-05-23,2017-06-14,8.3,37.8,3.5542168674698784,20,22,576394.0099999999,1899100440.0,94955022.0,False,True,False,2017-05-23,0.0,1
sz300656,民德电子,C39计算机、通信和其他电子设备制造业,SZ,2017-05-19,2017-06-07,18.72,56.7,2.028846153846154,20,19,481358.82,2356792861.0,117839643.05,False,True,False,2017-05-19,0.0,1
sz300657,弘信电子,C39计算机、通信和其他电子设备制造业,SZ,2017-05-23,2017-06-20,9.32,42.86,3.5987124463519313,20,28,772034.8,3018972755.0,150948637.75,False,True,False,2017-05-23,0.0,1
sz300658,延江股份,C17纺织业,SZ,2020-02-03,2020-02-26,13.15,28.09,1.1361216730038022,20,23,2274726.76,4553088151.0,227654407.55,False,False,False,2017-06-02,976.0,1
sz300659,中孚信息,I65软件和信息技术服务业,SZ,2017-05-26,2017-06-12,15.42,42.3,1.7431906614785992,20,17,714388.5499999998,2745631067.0,137281553.35,False,True,False,2017-05-26,0.0,1
sz300660,江苏雷利,C38电气机械和器材制造业,SZ,2021-07-07,2021-08-02,19.84,42.8,1.157258064516129,20,26,1580376.78,4645775076.0,232288753.8,False,False,False,2017-06-02,1496.0,1
sz300661,圣邦股份,C39计算机、通信和其他电子设备制造业,SZ,2017-06-06,2017-06-15,39.36,78.88,1.0040650406504064,20,9,372883.76,2624970504.0,131248525.2,False,True,False,2017-06-06,0.0,1
sz300662,科锐国际,L72商务服务业,SZ,2017-06-08,2017-06-27,7.86,28.58,2.6361323155216283,20,19,2052594.9200000004,5420376843.0,271018842.15,False,True,False,2017-06-08,0.0,1
sz300663,科蓝软件,I65软件和信息技术服务业,SZ,2017-06-08,2017-06-23,8.72,28.93,2.317660550458715,20,15,894211.48,2272854973.0,113642748.65,False,True,False,2017-06-08,0.0,1
sz300664,鹏鹞环保,N77生态保护和环境治理业,SZ,2018-01-05,2018-01-17,10.66,27.4,1.5703564727954968,20,12,3169110.5000000005,7722022773.0,386101138.65,False,True,False,2018-01-05,0.0,1
sz300665,飞鹿股份,C26化学原料和化学制品制造业,SZ,2017-06-13,2017-06-28,12.16,38.5,2.1661184210526314,20,15,715080.69,2510169761.0,125508488.05,False,True,False,2017-06-13,0.0,1
sz300666,江丰电子,C39计算机、通信和其他电子设备制造业,SZ,2017-06-15,2017-07-10,5.57,32.4,4.816876122082585,20,25,823959.26,2402246623.0,120112331.15,False,True,False,2017-06-15,0.0,1
sz300667,必创科技,C40仪器仪表制造业,SZ,2017-06-19,2017-07-13,14.19,45.32,2.1937984496124034,20,24,832714.6900000001,3443680979.0,172184048.95,False,True,False,2017-06-19,0.0,1
sz300668,杰恩股份,L72商务服务业,SZ,2017-06-19,2017-07-14,25.1,77.29,2.0792828685258966,20,25,419953.35,2880409592.0,144020479.6,False,True,False,2017-06-19,0.0,1
sz300669,沪宁股份,C34通用设备制造业,SZ,2017-06-29,2017-07-11,13.2,33.0,1.5,20,12,490901.13999999996,1388360776.0,69418038.8,False,True,False,2017-06-29,0.0,1
sz300670,大烨智能,C38电气机械和器材制造业,SZ,2017-07-03,2017-07-12,13.12,30.6,1.332317073170732,20,9,740809.81,1895079546.0,94753977.3,False,True,False,2017-07-03,0.0,1
sz300671,富满微,I65软件和信息技术服务业,SZ,2017-07-05,2017-07-28,10.58,29.96,1.831758034026465,20,23,1175137.58,3070538714.0,153526935.7,False,True,False,2017-07-05,0.0,1
sz300672,国科微,C39计算机、通信和其他电子设备制造业,SZ,2017-07-12,2017-08-03,10.18,28.62,1.8113948919449903,20,22,1038405.69,2737607465.0,136880373.25,False,True,False,2017-07-12,0.0,1
sz300674,宇信科技,I65软件和信息技术服务业,SZ,2018-11-07,2018-12-03,10.03,37.72,2.760717846460618,20,26,1831267.7199999997,6112682640.0,305634132.0,False,True,False,2018-11-07,0.0,1
sz300675,建科院,M74专业技术服务业,SZ,2017-07-19,2017-08-15,4.39,21.77,3.9589977220956722,20,27,1179093.06,2218821487.0,110941074.35,False,True,False,2017-07-19,0.0,1
sz300676,华大基因,M74专业技术服务业,SZ,2017-07-14,2017-08-10,16.37,114.88,6.017715332926084,20,27,502271.44999999995,5382025500.0,269101275.0,False,True,False,2017-07-14,0.0,1
sz300677,英科医疗,C29橡胶和塑料制品业,SZ,2020-02-04,2020-03-02,23.45,48.5,1.068230277185501,20,27,1708095.63,5757047731.0,287852386.55,False,False,False,2017-07-21,928.0,1
sz300678,中科信息,I65软件和信息技术服务业,SZ,2017-07-28,2017-08-24,9.42,63.25,5.714437367303609,20,27,983306.84,3552850678.0,177642533.9,False,True,False,2017-07-28,0.0,1
sz300680,隆盛科技,C36汽车制造业,SZ,2017-07-25,2017-08-21,10.42,33.55,2.2197696737044144,20,27,580387.15,1726603298.0,86330164.9,False,True,False,2017-07-25,0.0,1
sz300681,英搏尔,C36汽车制造业,SZ,2017-07-25,2017-08-17,20.95,50.79,1.4243436754176613,20,23,725419.68,3341276575.0,167063828.75,False,True,False,2017-07-25,0.0,1
sz300682,朗新科技,I65软件和信息技术服务业,SZ,2017-08-01,2017-08-28,6.61,24.65,2.7291981845688347,20,27,2103526.15,3828929231.0,191446461.55,False,True,False,2017-08-01,0.0,1
sz300683,海特生物,C27医药制造业,SZ,2020-02-17,2020-03-09,28.9,63.44,1.1951557093425604,20,21,264959.60000000003,895508429.0,44775421.45,False,False,False,2017-08-08,923.0,1
sz300684,中石科技,C39计算机、通信和其他电子设备制造业,SZ,2017-12-27,2018-01-24,10.56,64.0,5.0606060606060606,20,28,419620.57,2387321294.0,119366064.7,False,True,False,2017-12-27,0.0,1
sz300685,艾德生物,C27医药制造业,SZ,2017-08-02,2017-08-28,16.63,98.0,4.8929645219482865,20,26,547255.4199999999,4814506130.0,240725306.5,False,True,False,2017-08-02,0.0,1
sz300686,智动力,C39计算机、通信和其他电子设备制造业,SZ,2017-08-04,2017-08-29,11.27,39.81,2.5323868677905947,20,25,2149742.57,6338568633.0,316928431.65,False,True,False,2017-08-04,0.0,1
sz300687,赛意信息,I65软件和信息技术服务业,SZ,2017-08-03,2017-08-29,29.23,63.99,1.189189189189189,20,26,1036216.94,5152751691.0,257637584.55,False,True,False,2017-08-03,0.0,1
sz300688,创业黑马,L72商务服务业,SZ,2017-08-10,2017-09-06,12.9,94.71,6.341860465116278,20,27,263486.17000000004,2177348124.0,108867406.2,False,True,False,2017-08-10,0.0,1
sz300689,澄天伟业,C39计算机、通信和其他电子设备制造业,SZ,2017-08-09,2017-08-29,17.27,78.69,3.556456282570932,20,20,992626.74,5907595969.0,295379798.45,False,True,False,2017-08-09,0.0,1
sz300690,双一科技,C30非金属矿物制品业,SZ,2017-08-08,2017-08-29,38.54,78.38,1.0337311883757136,20,21,911061.69,5840299032.0,292014951.6,False,True,False,2017-08-08,0.0,1
sz300691,联合光电,C39计算机、通信和其他电子设备制造业,SZ,2017-08-11,2017-08-31,19.15,85.56,3.4678851174934726,20,20,673125.8300000001,5315197910.0,265759895.5,False,True,False,2017-08-11,0.0,1
sz300692,中赋科技,N77生态保护和环境治理业,SZ,2017-08-21,2017-09-22,10.54,66.77,5.334914611005693,20,32,636741.5900000001,3644509925.0,182225496.25,False,True,False,2017-08-21,0.0,1
sz300693,盛弘股份,C38电气机械和器材制造业,SZ,2017-08-22,2017-09-13,17.3,75.0,3.3352601156069364,20,22,965160.8899999999,5887073350.0,294353667.5,False,True,False,2017-08-22,0.0,1
sz300694,蠡湖股份,C36汽车制造业,SZ,2018-10-15,2018-11-01,11.87,29.66,1.498736310025274,20,17,3558123.59,8820336253.0,441016812.65,False,True,False,2018-10-15,0.0,1
sz300696,爱乐达,C37铁路、船舶、航空航天和其他运输设备制造业,SZ,2017-08-22,2017-09-18,26.86,96.78,2.603127326880119,20,27,694177.48,5858812339.0,292940616.95,False,True,False,2017-08-22,0.0,1
sz300697,电工合金,C32有色金属冶炼和压延加工业,SZ,2017-09-07,2017-09-28,9.16,38.89,3.245633187772926,20,21,1008189.5299999999,3468103434.0,173405171.7,False,True,False,2017-09-07,0.0,1
sz300698,万马科技,C39计算机、通信和其他电子设备制造业,SZ,2017-08-31,2017-09-26,7.92,48.04,5.065656565656566,20,26,480798.56,2154107735.0,107705386.75,False,True,False,2017-08-31,0.0,1
sz300699,光威复材,C28化学纤维制造业,SZ,2017-09-01,2017-09-28,13.51,79.09,4.85418208734271,20,27,1415902.5,10426638451.0,521331922.55,False,True,False,2017-09-01,0.0,1
sz300700,岱勒新材,C30非金属矿物制品业,SZ,2017-09-12,2017-10-27,12.59,75.77,5.0182684670373305,20,45,381211.95999999996,2642268518.0,132113425.9,False,True,False,2017-09-12,0.0,1
sz300701,森霸传感,C39计算机、通信和其他电子设备制造业,SZ,2017-09-15,2017-10-18,15.77,63.06,2.9987317691819912,20,33,852589.4000000001,4415606453.0,220780322.65,False,True,False,2017-09-15,0.0,1
sz300702,天宇股份,C27医药制造业,SZ,2017-09-19,2017-09-29,26.89,69.1,1.5697285236147263,20,10,699712.83,3958899680.0,197944984.0,False,True,False,2017-09-19,0.0,1
sz300703,创源股份,C24文教、工美、体育和娱乐用品制造业,SZ,2017-09-19,2017-09-29,26.18,61.23,1.3388082505729564,20,10,472943.97000000003,2305407637.0,115270381.85,False,True,False,2017-09-19,0.0,1
sz300705,九典制药,C27医药制造业,SZ,2017-10-10,2017-11-02,12.44,39.0,2.135048231511254,20,23,956088.66,3406689652.0,170334482.6,False,True,False,2017-10-10,0.0,1
sz300706,阿石创,C39计算机、通信和其他电子设备制造业,SZ,2017-09-26,2017-10-30,11.96,80.1,5.697324414715718,20,34,162054.13,1194518328.0,59725916.4,False,True,False,2017-09-26,0.0,1
sz300707,威唐工业,C35专用设备制造业,SZ,2017-10-10,2017-11-01,18.11,70.27,2.8801766979569297,20,22,1003642.9199999999,6184206030.0,309210301.5,False,True,False,2017-10-10,0.0,1
sz300708,聚灿光电,C39计算机、通信和其他电子设备制造业,SZ,2017-10-16,2017-11-10,3.64,24.9,5.84065934065934,20,25,15587.899999999998,29226169.0,1461308.45,False,True,False,2017-10-16,0.0,1
sz300709,精研科技,C39计算机、通信和其他电子设备制造业,SZ,2017-10-19,2017-11-08,46.44,112.6,1.4246339362618432,20,20,986515.9400000001,9856012493.0,492800624.65,False,True,False,2017-10-19,0.0,1
sz300710,万隆光电,C39计算机、通信和其他电子设备制造业,SZ,2017-10-19,2017-11-10,17.7,64.6,2.6497175141242937,20,22,692775.77,4075682981.0,203784149.05,False,True,False,2017-10-19,0.0,1
sz300711,广哈通信,C39计算机、通信和其他电子设备制造业,SZ,2017-11-01,2017-11-17,10.02,37.72,2.7644710578842315,20,16,1036128.9700000001,3244082580.0,162204129.0,False,True,False,2017-11-01,0.0,1
sz300712,永福股份,E48土木工程建筑业,SZ,2017-10-31,2017-11-13,14.18,40.11,1.8286318758815234,20,13,858987.4299999999,2884083011.0,144204150.55,False,True,False,2017-10-31,0.0,1
sz300713,英可瑞,C38电气机械和器材制造业,SZ,2017-11-01,2017-11-15,48.35,138.0,1.8541882109617371,20,14,258928.82,2927717694.0,146385884.7,False,True,False,2017-11-01,0.0,1
sz300715,凯伦股份,C30非金属矿物制品业,SZ,2017-10-26,2017-11-13,15.0,55.97,2.731333333333333,20,18,426828.67,2024475385.0,101223769.25,False,True,False,2017-10-26,0.0,1
sz300716,*ST泉为,C29橡胶和塑料制品业,SZ,2017-11-09,2017-11-21,14.57,36.1,1.4776938915579958,20,12,777301.3099999999,2180680202.0,109034010.1,True,True,False,2017-11-09,0.0,1
sz300717,华信新材,C29橡胶和塑料制品业,SZ,2017-11-06,2017-11-20,17.09,52.2,2.0544177881802224,20,14,423154.22,1810426709.0,90521335.45,False,True,False,2017-11-06,0.0,1
sz300718,长盛轴承,C34通用设备制造业,SZ,2017-11-06,2017-11-16,22.27,56.98,1.5585990121239335,20,10,786596.43,3724866928.0,186243346.4,False,True,False,2017-11-06,0.0,1
sz300719,安达维尔,C37铁路、船舶、航空航天和其他运输设备制造业,SZ,2017-11-09,2017-11-21,14.63,36.06,1.4647983595352017,20,12,1239176.0399999998,3737474445.0,186873722.25,False,True,False,2017-11-09,0.0,1
sz300720,海川智能,C40仪器仪表制造业,SZ,2017-11-06,2017-11-20,14.09,43.88,2.1142654364797733,20,14,476502.27,1725329131.0,86266456.55,False,True,False,2017-11-06,0.0,1
sz300721,怡达股份,C26化学原料和化学制品制造业,SZ,2017-11-15,2017-11-23,20.05,42.63,1.1261845386533667,20,8,759612.9899999999,2756460814.0,137823040.7,False,True,False,2017-11-15,0.0,1
sz300722,新余国科,C41其他制造业,SZ,2017-11-10,2017-11-30,11.75,44.77,2.810212765957447,20,20,757819.75,2957643975.0,147882198.75,False,True,False,2017-11-10,0.0,1
sz300723,一品红,C27医药制造业,SZ,2017-11-16,2017-11-24,20.46,43.51,1.1265884652981426,20,8,1172025.0399999998,4276675625.0,213833781.25,False,True,False,2017-11-16,0.0,1
sz300724,捷佳伟创,C35专用设备制造业,SZ,2018-08-10,2018-08-21,16.99,37.77,1.2230723955267808,20,11,4247849.07,14247459217.0,712372960.85,False,True,False,2018-08-10,0.0,1
sz300725,药石科技,M73研究和试验发展,SZ,2017-11-10,2017-12-07,13.58,82.57,5.080265095729013,20,27,347485.76,2498698071.0,124934903.55,False,True,False,2017-11-10,0.0,1
sz300726,宏达电子,C39计算机、通信和其他电子设备制造业,SZ,2017-11-21,2017-12-04,13.39,37.91,1.8312173263629572,20,13,1481894.4499999997,4515611704.0,225780585.2,False,True,False,2017-11-21,0.0,1
sz300727,润禾材料,C26化学原料和化学制品制造业,SZ,2017-11-27,2017-12-12,10.01,33.65,2.3616383616383616,20,15,1062647.06,3081295014.0,154064750.7,False,True,False,2017-11-27,0.0,1
sz300729,乐歌股份,C21家具制造业,SZ,2020-05-26,2020-06-22,25.45,53.28,1.0935166994106091,20,27,610779.99,2195809853.0,109790492.65,False,False,False,2017-12-01,907.0,1
sz300730,科创信息,I65软件和信息技术服务业,SZ,2017-12-05,2018-01-08,11.03,50.81,3.606527651858568,20,34,705456.4900000001,3159278472.0,157963923.6,False,True,False,2017-12-05,0.0,1
sz300731,科创新源,C29橡胶和塑料制品业,SZ,2017-12-08,2017-12-28,15.89,46.88,1.9502831969792322,20,20,1426139.7599999998,5419817447.0,270990872.35,False,True,False,2017-12-08,0.0,1
sz300733,西菱动力,C36汽车制造业,SZ,2018-01-16,2018-01-24,15.48,32.36,1.090439276485788,20,8,1333228.6600000001,3572086934.0,178604346.7,False,True,False,2018-01-16,0.0,1
sz300735,光弘科技,C39计算机、通信和其他电子设备制造业,SZ,2017-12-29,2018-01-11,11.99,30.8,1.5688073394495414,20,13,2757360.03,7444645289.0,372232264.45,False,True,False,2017-12-29,0.0,1
sz300736,百邦科技,O81机动车、电子产品和日用产品修理业,SZ,2018-01-09,2018-01-19,23.02,59.2,1.5716768027801913,20,10,405924.5899999999,2007541060.0,100377053.0,False,True,False,2018-01-09,0.0,1
sz300738,奥飞数据,I65软件和信息技术服务业,SZ,2018-01-19,2018-02-05,21.78,69.78,2.203856749311295,20,17,619881.59,3569647165.0,178482358.25,False,True,False,2018-01-19,0.0,1
sz300739,明阳电路,C39计算机、通信和其他电子设备制造业,SZ,2024-02-06,2024-02-28,7.79,15.98,1.0513478818998716,20,22,1314583.4300000002,1547876806.0,77393840.3,False,False,False,2018-02-01,2196.0,1
sz300740,水羊股份,C26化学原料和化学制品制造业,SZ,2018-02-08,2018-03-12,25.48,52.5,1.0604395604395602,20,32,2177288.17,10151001951.0,507550097.55,False,True,False,2018-02-08,0.0,1
sz300741,华宝股份,C26化学原料和化学制品制造业,SZ,2020-06-12,2020-07-09,31.09,65.13,1.0948858153747185,20,27,976598.58,4252581355.0,212629067.75,False,False,False,2018-03-01,834.0,1
sz300743,天地数码,C39计算机、通信和其他电子设备制造业,SZ,2018-04-27,2018-05-24,19.4,106.5,4.489690721649485,20,27,353342.49,3388688387.0,169434419.35,False,True,False,2018-04-27,0.0,1
sz300745,欣锐科技,C36汽车制造业,SZ,2018-05-23,2018-06-15,15.38,74.54,3.846553966189857,20,23,1117318.29,6956503551.0,347825177.55,False,True,False,2018-05-23,0.0,1
sz300746,汉嘉数智,M74专业技术服务业,SZ,2018-05-25,2018-06-21,6.74,38.38,4.6943620178041545,20,27,1702624.45,5801672421.0,290083621.05,False,True,False,2018-05-25,0.0,1
sz300747,锐科激光,C39计算机、通信和其他电子设备制造业,SZ,2018-06-25,2018-07-16,45.73,220.0,3.81084627159414,20,21,768814.12,15330478102.0,766523905.1,False,True,False,2018-06-25,0.0,1
sz300748,金力永磁,C30非金属矿物制品业,SZ,2018-09-21,2018-10-23,6.47,28.82,3.454404945904173,20,32,1789393.7899999998,4550003087.0,227500154.35,False,True,False,2018-09-21,0.0,1
sz300749,顶固集创,C21家具制造业,SZ,2018-09-25,2018-10-23,14.66,37.66,1.5688949522510232,20,28,1826876.2899999998,5761125208.0,288056260.4,False,True,False,2018-09-25,0.0,1
sz300750,宁德时代,C38电气机械和器材制造业,SZ,2018-06-11,2018-06-26,30.17,75.55,1.5041431885979448,20,15,6150478.8,42912090272.0,2145604513.6,False,True,False,2018-06-11,0.0,1
sz300751,迈为股份,C35专用设备制造业,SZ,2025-11-24,2025-12-11,93.0,187.0,1.010752688172043,20,17,2296565.19,29108206670.0,1455410333.5,False,False,False,2018-11-09,2572.0,1
sz300752,隆利科技,C39计算机、通信和其他电子设备制造业,SZ,2018-11-30,2018-12-13,25.04,70.87,1.8302715654952078,20,13,634900.5499999999,4068436013.0,203421800.65,False,True,False,2018-11-30,0.0,1
sz300753,爱朋医疗,C35专用设备制造业,SZ,2018-12-13,2019-01-11,20.86,47.28,1.2665388302972196,20,29,1132746.46,4622588155.0,231129407.75,False,True,False,2018-12-13,0.0,1
sz300755,华致酒行,F51批发业,SZ,2024-09-18,2024-10-08,10.98,24.59,1.2395264116575593,20,20,1315438.2999999998,2185555233.0,109277761.65,False,False,False,2019-01-29,2059.0,1
sz300757,罗博特科,C35专用设备制造业,SZ,2019-01-08,2019-02-11,25.87,75.39,1.9141863161963664,20,34,1108655.45,7232600692.0,361630034.6,False,True,False,2019-01-08,0.0,1
sz300758,七彩化学,C26化学原料和化学制品制造业,SZ,2019-02-22,2019-03-07,26.51,62.19,1.3459072048283662,20,13,1085998.6700000002,5884072439.0,294203621.95,False,True,False,2019-02-22,0.0,1
sz300759,康龙化成,M73研究和试验发展,SZ,2019-01-28,2019-02-26,9.19,42.99,3.6779107725788904,20,29,2398614.0200000005,9247984029.0,462399201.45,False,True,False,2019-01-28,0.0,1
sz300761,立华股份,A03畜牧业,SZ,2019-02-18,2019-03-12,35.22,99.17,1.8157296990346397,20,22,1963590.2400000002,16384520549.0,819226027.45,False,True,False,2019-02-18,0.0,1
sz300762,上海瀚讯,C39计算机、通信和其他电子设备制造业,SZ,2019-03-14,2019-04-08,19.54,98.99,4.066018423746161,20,25,640118.2500000001,5947050359.0,297352517.95,False,True,False,2019-03-14,0.0,1
sz300763,锦浪科技,C38电气机械和器材制造业,SZ,2019-03-19,2019-03-28,31.97,74.77,1.3387550828902097,20,9,586877.6599999999,3863719569.0,193185978.45,False,True,False,2019-03-19,0.0,1
sz300765,石药创新,C14食品制造业,SZ,2023-09-11,2023-10-16,11.93,23.92,1.005029337803856,20,35,5604921.139999999,9650554663.0,482527733.15,False,False,False,2019-03-22,1634.0,1
sz300766,每日互动,I64互联网和相关服务,SZ,2019-03-25,2019-04-18,15.7,72.89,3.6426751592356688,20,24,1044856.46,7134802437.0,356740121.85,False,True,False,2019-03-25,0.0,1
sz300767,震安科技,C29橡胶和塑料制品业,SZ,2019-03-29,2019-04-11,23.03,57.5,1.4967433782023445,20,13,650775.4299999999,3271817025.0,163590851.25,False,True,False,2019-03-29,0.0,1
sz300768,迪普科技,I65软件和信息技术服务业,SZ,2019-04-12,2019-04-29,13.48,43.5,2.2270029673590503,20,17,1566587.3699999999,5877664788.0,293883239.4,False,True,False,2019-04-12,0.0,1
sz300769,德方纳米,C39计算机、通信和其他电子设备制造业,SZ,2019-04-15,2019-04-25,50.14,123.8,1.4690865576386116,20,10,389228.57,4021977304.0,201098865.2,False,True,False,2019-04-15,0.0,1
sz300770,新媒股份,I63电信、广播电视和卫星传输服务,SZ,2019-04-19,2019-05-13,43.4,89.83,1.0698156682027649,20,24,1002000.2899999999,7770885340.0,388544267.0,False,True,False,2019-04-19,0.0,1
sz300772,运达股份,C34通用设备制造业,SZ,2019-04-26,2019-05-16,7.82,21.93,1.8043478260869565,20,20,3110217.3600000003,5862757722.0,293137886.1,False,True,False,2019-04-26,0.0,1
sz300773,拉卡拉,I65软件和信息技术服务业,SZ,2024-09-18,2024-10-09,11.28,24.62,1.1826241134751774,20,21,6101866.18,9890065298.0,494503264.9,False,False,False,2019-04-25,1973.0,1
sz300775,三角防务,C37铁路、船舶、航空航天和其他运输设备制造业,SZ,2019-05-21,2019-06-18,7.09,34.8,3.9083215796897033,20,28,2199946.47,6737233125.0,336861656.25,False,True,False,2019-05-21,0.0,1
sz300776,帝尔激光,C35专用设备制造业,SZ,2024-09-24,2024-10-28,40.92,88.66,1.1666666666666665,20,34,2059298.63,13441886504.0,672094325.2,False,False,False,2019-05-17,1957.0,1
sz300777,中简科技,C28化学纤维制造业,SZ,2019-05-16,2019-06-12,7.27,32.19,3.4277854195323245,20,27,1607669.9400000002,4697107903.0,234855395.15,False,True,False,2019-05-16,0.0,1
sz300779,惠城环保,C42废弃资源综合利用业,SZ,2019-05-22,2019-06-12,16.31,54.97,2.3703249540159415,20,21,1440831.5199999998,6253988926.0,312699446.3,False,True,False,2019-05-22,0.0,1
sz300780,德恩精工,C34通用设备制造业,SZ,2019-05-31,2019-06-24,13.9,37.86,1.7237410071942443,20,24,1784269.1300000001,5999752788.0,299987639.4,False,True,False,2019-05-31,0.0,1
sz300781,因赛集团,L72商务服务业,SZ,2019-06-06,2019-06-24,19.84,53.68,1.7056451612903225,20,18,1436319.69,6994650569.0,349732528.45,False,True,False,2019-06-06,0.0,1
sz300782,卓胜微,C39计算机、通信和其他电子设备制造业,SZ,2019-06-18,2019-07-15,42.35,202.84,3.78961038961039,20,27,670678.4299999999,11331753135.0,566587656.75,False,True,False,2019-06-18,0.0,1
sz300783,三只松鼠,F52零售业,SZ,2019-07-12,2019-07-26,17.62,54.85,2.1129398410896707,20,14,1534315.09,7596997715.0,379849885.75,False,True,False,2019-07-12,0.0,1
sz300785,值得买,I64互联网和相关服务,SZ,2019-07-15,2019-08-02,34.1,149.98,3.3982404692082104,20,18,373564.11,4543214371.0,227160718.55,False,True,False,2019-07-15,0.0,1
sz300786,国林科技,C35专用设备制造业,SZ,2019-07-23,2019-08-05,31.22,85.0,1.7226137091607945,20,13,411575.80999999994,2654737454.0,132736872.7,False,True,False,2019-07-23,0.0,1
sz300787,海能实业,C39计算机、通信和其他电子设备制造业,SZ,2019-12-04,2019-12-30,45.8,99.42,1.170742358078603,20,26,910468.14,5486669955.0,274333497.75,False,False,False,2019-08-15,111.0,1
sz300788,中信出版,R86新闻和出版业,SZ,2019-07-05,2019-07-29,17.82,44.9,1.5196408529741863,20,24,2149857.91,8685747243.0,434287362.15,False,True,False,2019-07-05,0.0,1
sz300789,唐源电气,I65软件和信息技术服务业,SZ,2019-08-28,2019-09-20,42.7,103.88,1.4327868852459016,20,23,479075.39,4356900457.0,217845022.85,False,True,False,2019-08-28,0.0,1
sz300790,宇瞳光学,C39计算机、通信和其他电子设备制造业,SZ,2019-09-20,2019-10-18,21.79,49.3,1.262505736576411,20,28,1465392.74,6497885510.0,324894275.5,False,True,False,2019-09-20,0.0,1
sz300792,壹网壹创,I64互联网和相关服务,SZ,2019-09-27,2019-10-31,45.96,188.8,3.107919930374239,20,34,745204.32,10939010456.0,546950522.8,False,True,False,2019-09-27,0.0,1
sz300793,佳禾智能,C39计算机、通信和其他电子设备制造业,SZ,2019-10-18,2019-11-14,16.12,73.5,3.55955334987593,20,27,2135392.16,12914360696.0,645718034.8,False,True,False,2019-10-18,0.0,1
sz300795,米奥会展,L72商务服务业,SZ,2019-10-22,2019-10-31,17.12,40.06,1.3399532710280373,20,9,1387655.83,4940061759.0,247003087.95,False,True,False,2019-10-22,0.0,1
sz300796,贝斯美,C26化学原料和化学制品制造业,SZ,2019-11-15,2019-11-25,17.1,34.21,1.0005847953216374,20,10,1580912.3099999996,4336753624.0,216837681.2,False,True,False,2019-11-15,0.0,1
sz300797,钢研纳克,M74专业技术服务业,SZ,2019-11-01,2019-11-25,5.4,29.77,4.512962962962963,20,24,1283191.7399999998,3179086406.0,158954320.3,False,True,False,2019-11-01,0.0,1
sz300798,锦鸡股份,C26化学原料和化学制品制造业,SZ,2019-11-22,2019-12-18,6.64,22.5,2.38855421686747,20,26,1841675.8599999999,3724936484.0,186246824.2,False,True,False,2019-11-22,0.0,1
sz300802,矩子科技,C39计算机、通信和其他电子设备制造业,SZ,2019-11-14,2019-11-28,26.45,77.5,1.9300567107750473,20,14,1019784.93,6460644988.0,323032249.4,False,True,False,2019-11-14,0.0,1
sz300803,指南针,J69其他金融业,SZ,2019-11-18,2019-12-13,7.5,44.2,4.8933333333333335,20,25,1836033.8599999999,7232281683.0,361614084.15,False,True,False,2019-11-18,0.0,1
sz300804,广康生化,C26化学原料和化学制品制造业,SZ,2025-05-26,2025-06-09,26.16,56.7,1.1674311926605507,20,14,1287475.1400000001,4899784086.0,244989204.3,False,False,False,2023-06-27,699.0,1
sz300805,电声股份,L72商务服务业,SZ,2019-11-21,2019-12-03,12.24,30.0,1.450980392156863,20,12,1945552.0500000003,4944480552.0,247224027.6,False,True,False,2019-11-21,0.0,1
sz300806,斯迪克,C29橡胶和塑料制品业,SZ,2019-11-25,2019-12-12,13.52,56.03,3.144230769230769,20,17,850337.1799999999,3926609128.0,196330456.4,False,True,False,2019-11-25,0.0,1
sz300807,天迈科技,C39计算机、通信和其他电子设备制造业,SZ,2019-12-19,2020-01-07,21.22,69.19,2.260603204524034,20,19,503261.9,3118314641.0,155915732.05,False,True,False,2019-12-19,0.0,1
sz300808,久量股份,C38电气机械和器材制造业,SZ,2019-11-29,2019-12-12,13.25,37.5,1.8301886792452828,20,13,1208279.9900000002,3452334860.0,172616743.0,False,True,False,2019-11-29,0.0,1
sz300809,华辰装备,C34通用设备制造业,SZ,2021-07-28,2021-08-23,17.47,36.46,1.0870062965083003,20,26,1049919.62,2646890003.0,132344500.15,False,False,False,2019-12-04,602.0,1
sz300810,中科海讯,I65软件和信息技术服务业,SZ,2019-12-06,2019-12-23,29.52,101.11,2.4251355013550135,20,17,427588.6,3415118956.0,170755947.8,False,True,False,2019-12-06,0.0,1
sz300811,铂科新材,C39计算机、通信和其他电子设备制造业,SZ,2019-12-30,2020-01-16,31.46,107.87,2.42879847425302,20,17,379286.69000000006,3518816789.0,175940839.45,False,True,False,2019-12-30,0.0,1
sz300812,易天股份,C35专用设备制造业,SZ,2020-01-09,2020-01-23,25.75,80.14,2.112233009708738,20,14,739026.7499999999,4929207620.0,246460381.0,False,True,False,2020-01-09,0.0,1
sz300813,泰林生物,C35专用设备制造业,SZ,2020-01-14,2020-02-10,24.22,91.25,2.767547481420314,20,27,335915.66000000003,2316706419.0,115835320.95,False,True,False,2020-01-14,0.0,1
sz300815,玉禾田,N78公共设施管理业,SZ,2020-01-23,2020-02-27,35.46,98.88,1.7884940778341791,20,35,1619617.18,12104240472.0,605212023.6,False,True,False,2020-01-23,0.0,1
sz300816,艾可蓝,N77生态保护和环境治理业,SZ,2020-02-10,2020-02-19,24.34,56.39,1.3167625308134756,20,9,722357.41,3441675522.0,172083776.1,False,True,False,2020-02-10,0.0,1
sz300817,双飞集团,C34通用设备制造业,SZ,2025-01-17,2025-02-21,13.35,27.72,1.0764044943820226,20,35,2909935.85,5243057625.0,262152881.25,False,False,False,2020-02-18,1795.0,1
sz300819,聚杰微纤,C17纺织业,SZ,2020-03-12,2020-03-23,18.08,40.0,1.2123893805309738,20,11,1170918.0499999998,3692068598.0,184603429.9,False,True,False,2020-03-12,0.0,1
sz300820,英杰电气,C38电气机械和器材制造业,SZ,2020-02-13,2020-03-09,40.39,134.56,2.3315177024015847,20,25,506949.29999999993,5047587240.0,252379362.0,False,True,False,2020-02-13,0.0,1
sz300821,东岳硅材,C26化学原料和化学制品制造业,SZ,2021-07-28,2021-08-23,13.0,27.9,1.146153846153846,20,26,13465353.919999998,24532650090.0,1226632504.5,False,False,False,2020-03-12,503.0,1
sz300822,贝仕达克,C39计算机、通信和其他电子设备制造业,SZ,2020-03-13,2020-03-24,28.28,61.5,1.1746817538896748,20,11,811629.45,3855262572.0,192763128.6,False,True,False,2020-03-13,0.0,1
sz300823,建科智能,C35专用设备制造业,SZ,2020-03-19,2020-03-27,19.9,42.32,1.126633165829146,20,8,711281.7799999999,2224145689.0,111207284.45,False,True,False,2020-03-19,0.0,1
sz300824,北鼎股份,C38电气机械和器材制造业,SZ,2020-06-19,2020-07-15,7.09,35.8,4.049365303244005,20,26,1357340.43,4336374941.0,216818747.05,False,True,False,2020-06-19,0.0,1
sz300825,阿尔特,M74专业技术服务业,SZ,2020-03-27,2020-04-17,7.37,21.5,1.9172320217096335,20,21,2956403.32,5473230259.0,273661512.95,False,True,False,2020-03-27,0.0,1
sz300826,测绘股份,M74专业技术服务业,SZ,2020-04-03,2020-04-14,27.46,55.88,1.0349599417334305,20,11,587414.85,2428416049.0,121420802.45,False,True,False,2020-04-03,0.0,1
sz300827,上能电气,C38电气机械和器材制造业,SZ,2020-04-10,2020-05-07,25.97,56.29,1.1675009626492105,20,27,1153638.5,5402243037.0,270112151.85,False,True,False,2020-04-10,0.0,1
sz300828,锐新科技,C39计算机、通信和其他电子设备制造业,SZ,2020-04-21,2020-05-12,14.71,35.2,1.3929299796057104,20,21,1951015.46,5665168612.0,283258430.6,False,True,False,2020-04-21,0.0,1
sz300829,金丹科技,C14食品制造业,SZ,2026-08-27,2026-09-23,14.65,29.38,1.005460750853242,20,27,3059561.41,2024373483.0,101218674.15,False,False,False,2020-04-22,2318.0,1
sz300830,金现代,I65软件和信息技术服务业,SZ,2020-05-06,2020-05-25,5.28,21.5,3.0719696969696964,20,19,2830617.2499999995,5133939051.0,256696952.55,False,True,False,2020-05-06,0.0,1
sz300831,ST派瑞,C39计算机、通信和其他电子设备制造业,SZ,2020-05-07,2020-06-02,4.78,29.57,5.186192468619247,20,26,1649438.3,4427162462.0,221358123.1,True,True,False,2020-05-07,0.0,1
sz300832,新产业,C27医药制造业,SZ,2020-05-12,2020-06-01,37.67,165.0,3.380143350146005,20,20,1000330.62,15139734027.0,756986701.35,False,True,False,2020-05-12,0.0,1
sz300834,星辉环材,C26化学原料和化学制品制造业,SZ,2026-03-23,2026-04-02,21.61,43.49,1.0124942156409071,20,10,895542.38,2860213186.0,143010659.3,False,False,False,2022-01-13,1530.0,1
sz300835,龙磁科技,C39计算机、通信和其他电子设备制造业,SZ,2020-05-25,2020-06-10,24.0,90.39,2.76625,20,16,461147.13000000006,3226966893.0,161348344.65,False,True,False,2020-05-25,0.0,1
sz300836,佰奥智能,C35专用设备制造业,SZ,2020-05-28,2020-06-15,37.2,79.37,1.1336021505376346,20,18,473167.94999999995,3316053599.0,165802679.95,False,True,False,2020-05-28,0.0,1
sz300837,浙矿股份,C35专用设备制造业,SZ,2020-06-05,2020-06-18,23.19,59.64,1.571798188874515,20,13,777275.34,3536076843.0,176803842.15,False,True,False,2020-06-05,0.0,1
sz300838,浙江力诺,C34通用设备制造业,SZ,2020-06-08,2020-06-18,14.23,33.28,1.3387210119465918,20,10,1151026.3599999999,2969705431.0,148485271.55,False,True,False,2020-06-08,0.0,1
sz300840,酷特智能,C18纺织服装、服饰业,SZ,2020-07-08,2020-07-24,7.13,26.87,2.7685834502103788,20,16,2079145.74,4834968827.0,241748441.35,False,True,False,2020-07-08,0.0,1
sz300841,康华生物,C27医药制造业,SZ,2020-06-16,2020-07-15,84.44,619.73,6.339294173377547,20,29,16487.08,552561464.0,27628073.2,False,True,False,2020-06-16,0.0,1
sz300842,帝科股份,C39计算机、通信和其他电子设备制造业,SZ,2020-06-18,2020-07-15,20.85,98.98,3.747242206235012,20,27,692134.06,5722866904.0,286143345.2,False,True,False,2020-06-18,0.0,1
sz300843,胜蓝股份,C39计算机、通信和其他电子设备制造业,SZ,2020-07-02,2020-07-17,12.01,37.6,2.1307243963363867,20,15,1149894.15,3805286164.0,190264308.2,False,True,False,2020-07-02,0.0,1
sz300844,山水比德,M74专业技术服务业,SZ,2023-06-30,2023-07-27,28.28,62.22,1.2001414427157,20,27,349953.7,1547426535.0,77371326.75,False,False,False,2021-08-13,686.0,1
sz300845,捷安高科,I65软件和信息技术服务业,SZ,2020-07-03,2020-07-16,21.16,59.87,1.8293950850661624,20,13,652601.2200000001,3203972155.0,160198607.75,False,True,False,2020-07-03,0.0,1
sz300846,首都在线,I65软件和信息技术服务业,SZ,2020-07-01,2020-07-28,4.04,29.73,6.358910891089109,20,27,44364.41,94850917.0,4742545.85,False,True,False,2020-07-01,0.0,1
sz300847,中船汉光,C39计算机、通信和其他电子设备制造业,SZ,2020-07-09,2020-08-04,8.33,36.29,3.3565426170468182,20,26,2562105.6799999997,7723005164.0,386150258.2,False,True,False,2020-07-09,0.0,1
sz300848,美瑞新材,C26化学原料和化学制品制造业,SZ,2020-07-20,2020-07-28,33.82,71.87,1.1250739207569485,20,8,489952.42,2758288102.0,137914405.1,False,True,False,2020-07-20,0.0,1
sz300849,锦盛新材,C29橡胶和塑料制品业,SZ,2020-07-10,2020-07-20,16.79,35.71,1.1268612269207865,20,10,827004.33,2454322710.0,122716135.5,False,True,False,2020-07-10,0.0,1
sz300850,新强联,C34通用设备制造业,SZ,2020-07-13,2020-08-04,23.59,70.98,2.0089020771513355,20,22,1254322.39,7148844357.0,357442217.85,False,True,False,2020-07-13,0.0,1
sz300852,四会富仕,C39计算机、通信和其他电子设备制造业,SZ,2020-07-13,2020-08-06,39.67,135.98,2.4277791782203173,20,24,481406.50000000006,5487345412.0,274367270.6,False,True,False,2020-07-13,0.0,1
sz300853,申昊科技,C34通用设备制造业,SZ,2020-07-24,2020-08-06,36.49,97.0,1.6582625376815563,20,13,616349.02,5004042069.0,250202103.45,False,True,False,2020-07-24,0.0,1
sz300855,图南股份,C32有色金属冶炼和压延加工业,SZ,2020-07-23,2020-08-13,12.61,61.5,3.877081681205393,20,21,1393823.04,7463479723.0,373173986.15,False,True,False,2020-07-23,0.0,1
sz300856,科思股份,C26化学原料和化学制品制造业,SZ,2020-07-22,2020-08-07,36.67,107.5,1.9315516771202619,20,16,1193149.0599999998,10699316419.0,534965820.95,False,True,False,2020-07-22,0.0,1
sz300857,协创数据,C39计算机、通信和其他电子设备制造业,SZ,2020-07-27,2020-08-13,12.28,46.22,2.763843648208469,20,17,1049965.39,4094356063.0,204717803.15,False,True,False,2020-07-27,0.0,1
sz300858,科拓生物,C14食品制造业,SZ,2020-07-27,2020-08-17,31.28,103.14,2.297314578005115,20,21,731785.4500000001,6528001527.0,326400076.35,False,True,False,2020-07-27,0.0,1
sz300859,西域旅游,N78公共设施管理业,SZ,2020-08-06,2020-08-31,8.63,42.44,3.917728852838933,20,25,2048691.0299999998,7108117713.0,355405885.65,False,True,False,2020-08-06,0.0,1
sz300860,锋尚文化,R88文化艺术业,SZ,2021-12-08,2021-12-16,45.48,92.65,1.0371591908531226,20,8,1101182.75,7863758462.0,393187923.1,False,False,False,2020-08-24,471.0,1
sz300862,蓝盾光电,C40仪器仪表制造业,SZ,2024-09-23,2024-10-25,18.78,40.82,1.1735889243876465,20,32,2843259.5399999996,8471206224.0,423560311.2,False,False,False,2020-08-24,1491.0,1
sz300863,卡倍亿,C36汽车制造业,SZ,2020-09-10,2020-09-21,60.0,155.4,1.5900000000000003,20,11,1152947.98,12402225681.0,620111284.05,False,True,False,2020-08-24,17.0,1
sz300865,大宏立,C35专用设备制造业,SZ,2024-09-18,2024-10-16,12.83,28.5,1.221356196414653,20,28,605508.12,1145377554.0,57268877.7,False,False,False,2020-08-24,1486.0,1
sz300867,圣元环保,N77生态保护和环境治理业,SZ,2020-08-24,2020-08-25,31.1,79.9,1.5691318327974275,20,1,4185452.89,19276696538.0,963834826.9,False,True,False,2020-08-24,0.0,1
sz300868,杰美特,C29橡胶和塑料制品业,SZ,2024-06-06,2024-06-18,12.95,27.38,1.1142857142857143,20,12,1348173.57,2621118313.0,131055915.65,False,False,False,2020-08-24,1382.0,1
sz300869,康泰医学,C35专用设备制造业,SZ,2020-08-24,2020-08-24,50.08,308.0,5.1501597444089455,20,0,2776430.5100000002,25409058166.0,1270452908.3,False,True,False,2020-08-24,0.0,1
sz300870,欧陆通,C39计算机、通信和其他电子设备制造业,SZ,2024-02-06,2024-03-04,26.35,56.88,1.1586337760910816,20,27,1147114.98,4451032198.0,222551609.9,False,False,False,2020-08-24,1261.0,1
sz300871,回盛生物,C27医药制造业,SZ,2025-03-03,2025-03-28,11.03,25.2,1.2846781504986402,20,25,1797472.7300000002,3072862192.0,153643109.6,False,False,False,2020-08-24,1652.0,1
sz300872,天阳科技,I65软件和信息技术服务业,SZ,2024-09-18,2024-10-21,10.13,20.39,1.0128331688055279,20,33,5771751.94,9588005732.0,479400286.6,False,False,False,2020-08-24,1486.0,1
sz300875,捷强装备,C35专用设备制造业,SZ,2025-06-11,2025-06-18,25.51,52.58,1.0611524892199138,20,7,1970421.9,6760002424.0,338000121.2,False,False,False,2020-08-24,1752.0,1
sz300877,金春股份,C17纺织业,SZ,2025-07-04,2025-07-31,15.84,33.47,1.1130050505050506,20,27,1310518.7699999998,3208097126.0,160404856.3,False,False,False,2020-08-24,1775.0,1
sz300879,大叶股份,C35专用设备制造业,SZ,2025-04-09,2025-04-30,13.02,29.11,1.2357910906298004,20,21,2646143.48,5259103337.0,262955166.85,False,False,False,2020-09-01,1681.0,1
sz300882,万胜智能,C40仪器仪表制造业,SZ,2023-04-24,2023-05-17,17.12,37.68,1.2009345794392523,20,23,2481514.1399999997,5858012337.0,292900616.85,False,False,False,2020-09-10,956.0,1
sz300885,海昌新材,C33金属制品业,SZ,2025-07-11,2025-08-06,13.38,28.86,1.1569506726457397,20,26,5147189.09,10389425048.0,519471252.4,False,False,False,2020-09-10,1765.0,1
sz300887,谱尼测试,M74专业技术服务业,SZ,2025-12-17,2026-01-08,7.47,15.97,1.1378848728246318,20,22,9111383.63,9941328799.0,497066439.95,False,False,False,2020-09-16,1918.0,1
sz300892,品渥食品,F52零售业,SZ,2024-09-18,2024-09-30,13.06,30.04,1.3001531393568144,20,12,870904.15,1546960541.0,77348027.05,False,False,False,2020-09-24,1455.0,1
sz300894,火星人,C38电气机械和器材制造业,SZ,2020-12-31,2021-01-26,34.05,69.14,1.0305433186490456,20,26,2463600.8299999996,12962420557.0,648121027.85,False,True,False,2020-12-31,0.0,1
sz300895,铜牛信息,I65软件和信息技术服务业,SZ,2024-02-06,2024-02-26,17.02,35.63,1.0934195064629848,20,20,1033986.06,2732866079.0,136643303.95,False,False,False,2020-09-24,1230.0,1
sz300896,爱美客,C35专用设备制造业,SZ,2024-09-18,2024-10-08,132.81,282.72,1.1287553648068673,20,20,808085.49,15552657727.0,777632886.35,False,False,False,2020-09-28,1451.0,1
sz300898,熊猫乳品,C14食品制造业,SZ,2020-10-16,2020-10-16,40.0,88.0,1.2000000000000002,20,0,2877991.6200000006,18100134235.0,905006711.75,False,True,False,2020-10-16,0.0,1
sz300900,广联航空,C37铁路、船舶、航空航天和其他运输设备制造业,SZ,2025-12-03,2025-12-26,18.47,37.45,1.027612344342177,20,23,9857742.74,24888452494.0,1244422624.7,False,False,False,2020-10-29,1861.0,1
sz300903,科翔股份,C39计算机、通信和其他电子设备制造业,SZ,2024-02-07,2024-02-26,4.51,9.54,1.1152993348115299,20,19,3211986.15,2127771073.0,106388553.65,False,False,False,2020-11-05,1189.0,1
sz300904,威力传动,C34通用设备制造业,SZ,2023-08-09,2023-08-09,54.2,305.7,4.640221402214022,20,0,1860587.5299999998,16538732131.0,826936606.55,False,True,False,2023-08-09,0.0,1
sz300905,宝丽迪,C29橡胶和塑料制品业,SZ,2024-03-28,2024-04-18,14.02,30.8,1.196861626248217,20,21,1988567.4399999997,3812046775.0,190602338.75,False,False,False,2020-11-05,1239.0,1
sz300906,日月明,C37铁路、船舶、航空航天和其他运输设备制造业,SZ,2021-01-14,2021-01-19,30.53,64.28,1.1054700294792008,20,5,588606.95,2610715867.0,130535793.35,False,False,False,2020-11-05,70.0,1
sz300912,凯龙高科,N77生态保护和环境治理业,SZ,2023-02-28,2023-03-27,17.28,34.89,1.0190972222222223,20,27,2700557.9999999995,6974483772.0,348724188.6,False,False,False,2020-12-07,813.0,1
sz300913,兆龙互连,C38电气机械和器材制造业,SZ,2023-03-16,2023-04-11,19.23,39.5,1.0540821632865316,20,26,2658007.82,7525111026.0,376255551.3,False,False,False,2020-12-07,829.0,1
sz300917,特发服务,K70房地产业,SZ,2022-03-16,2022-03-31,21.67,49.45,1.2819566220581446,20,15,1792726.87,6179108669.0,308955433.45,False,False,False,2020-12-21,450.0,1
sz300918,南山智尚,C17纺织业,SZ,2025-01-22,2025-02-25,9.93,22.3,1.2457200402819741,20,34,5308234.78,7573662368.0,378683118.4,False,False,False,2020-12-22,1492.0,1
sz300921,南凌科技,I64互联网和相关服务,SZ,2022-01-27,2022-02-25,19.4,38.84,1.0020618556701035,20,29,3048258.78,9241922722.0,462096136.1,False,False,False,2020-12-22,401.0,1
sz300923,研奥股份,C37铁路、船舶、航空航天和其他运输设备制造业,SZ,2024-07-08,2024-07-29,15.2,31.7,1.085526315789474,20,21,1029233.3999999999,2284642202.0,114232110.1,False,False,False,2020-12-24,1292.0,1
sz300925,法本信息,I65软件和信息技术服务业,SZ,2020-12-30,2020-12-30,36.0,78.88,1.1911111111111108,20,0,2417485.51,12975965155.0,648798257.75,False,True,False,2020-12-30,0.0,1
sz300930,屹通新材,C42废弃资源综合利用业,SZ,2024-06-06,2024-06-21,15.59,31.67,1.0314304041051958,20,15,689607.4500000001,1634942198.0,81747109.9,False,False,False,2021-01-21,1232.0,1
sz300931,通用电梯,C34通用设备制造业,SZ,2021-03-15,2021-04-08,10.84,24.55,1.2647601476014763,20,24,2798845.6399999997,4149621528.0,207481076.4,False,True,False,2021-01-21,53.0,1
sz300937,药易购,F51批发业,SZ,2021-01-28,2021-01-29,33.51,150.0,3.476275738585497,20,1,2305703.2099999995,18594568961.0,929728448.05,False,True,False,2021-01-27,1.0,1
sz300939,秋田微,C39计算机、通信和其他电子设备制造业,SZ,2021-01-29,2021-02-01,57.0,146.0,1.5614035087719298,20,3,1534474.7200000002,12460399058.0,623019952.9,False,True,False,2021-01-28,1.0,1
sz300943,春晖智控,C34通用设备制造业,SZ,2021-11-03,2021-11-25,19.78,39.58,1.0010111223458038,20,22,1121162.27,3424993447.0,171249672.35,False,False,False,2021-02-10,266.0,1
sz300945,曼卡龙,F52零售业,SZ,2021-02-10,2021-02-18,20.0,43.0,1.15,20,8,3763301.3299999996,9978285450.0,498914272.5,False,True,False,2021-02-10,0.0,1
sz300946,恒而达,C33金属制品业,SZ,2021-08-02,2021-08-27,52.1,108.14,1.0756238003838772,20,25,657376.43,5121959259.0,256097962.95,False,False,False,2021-02-08,175.0,1
sz300947,德必集团,L72商务服务业,SZ,2024-04-22,2024-05-22,9.26,19.6,1.1166306695464363,20,30,2523220.16,3595256147.0,179762807.35,False,False,False,2021-02-10,1167.0,1
sz300948,冠中生态,N77生态保护和环境治理业,SZ,2025-09-03,2025-10-10,10.74,23.23,1.1629422718808193,20,37,1109082.3,1797412195.0,89870609.75,False,False,False,2021-02-25,1651.0,1
sz300949,奥雅股份,M74专业技术服务业,SZ,2023-11-30,2023-12-20,39.42,79.84,1.0253678335870116,20,20,249820.71000000002,1213770092.0,60688504.6,False,False,False,2021-02-26,1007.0,1
sz300950,德固特,C35专用设备制造业,SZ,2025-06-06,2025-07-16,17.37,35.4,1.0379965457685665,20,40,2391850.76,5437757019.0,271887850.95,False,False,False,2021-03-03,1556.0,1
sz300951,博硕科技,C39计算机、通信和其他电子设备制造业,SZ,2023-10-24,2023-11-08,38.5,77.88,1.0228571428571427,20,15,566628.3,3185838087.0,159291904.35,False,False,False,2021-02-26,970.0,1
sz300953,震裕科技,C33金属制品业,SZ,2021-10-12,2021-11-08,78.6,157.71,1.0064885496183207,20,27,423211.44000000006,4855807300.0,242790365.0,False,False,False,2021-03-18,208.0,1
sz300956,英力股份,C39计算机、通信和其他电子设备制造业,SZ,2024-02-08,2024-03-06,6.98,14.39,1.0616045845272204,20,27,1701632.5200000003,1866372588.0,93318629.4,False,False,False,2021-03-26,1049.0,1
sz300959,线上线下,I65软件和信息技术服务业,SZ,2025-09-04,2025-09-25,42.92,88.1,1.052656104380242,20,21,1581327.67,11091620297.0,554581014.85,False,False,False,2021-03-22,1627.0,1
sz300960,通业科技,C37铁路、船舶、航空航天和其他运输设备制造业,SZ,2024-07-09,2024-07-23,13.69,29.88,1.1826150474799122,20,14,819758.48,1763399892.0,88169994.6,False,False,False,2021-03-29,1198.0,1
sz300961,深水海纳,N77生态保护和环境治理业,SZ,2024-09-18,2024-10-10,6.55,13.55,1.0687022900763359,20,22,1214742.58,1081317401.0,54065870.05,False,False,False,2021-03-30,1268.0,1
sz300963,中洲特材,C32有色金属冶炼和压延加工业,SZ,2025-04-18,2025-05-19,14.61,29.59,1.0253251197809718,20,31,11034427.57,20411264646.0,1020563232.3,False,False,False,2021-04-09,1470.0,1
sz300964,本川智能,C39计算机、通信和其他电子设备制造业,SZ,2023-02-20,2023-03-08,29.05,59.88,1.0612736660929434,20,16,967432.34,4083888928.0,204194446.4,False,False,False,2021-08-05,564.0,1
sz300966,共同药业,C27医药制造业,SZ,2021-04-23,2021-05-06,31.96,76.2,1.384230287859825,20,13,2216768.86,11042645579.0,552132278.95,False,True,False,2021-04-09,14.0,1
sz300967,晓鸣股份,A03畜牧业,SZ,2025-03-11,2025-04-08,12.5,26.83,1.1463999999999999,20,28,3968127.86,6960444601.0,348022230.05,False,False,False,2021-04-13,1428.0,1
sz300968,格林精密,C39计算机、通信和其他电子设备制造业,SZ,2024-09-27,2024-10-31,8.94,19.38,1.1677852348993287,20,34,5314212.379999999,6714207962.0,335710398.1,False,False,False,2021-04-15,1261.0,1
sz300969,恒帅股份,C36汽车制造业,SZ,2021-08-30,2021-09-28,41.92,86.75,1.0694179389312977,20,29,832481.55,5011686585.0,250584329.25,False,False,False,2021-04-12,140.0,1
sz300970,华绿生物,A01农业,SZ,2026-03-27,2026-04-24,22.8,50.4,1.2105263157894735,20,28,2222073.3,7416810266.0,370840513.3,False,False,False,2021-04-12,1810.0,1
sz300972,万辰集团,F52零售业,SZ,2023-02-08,2023-03-07,12.63,25.52,1.0205859065716547,20,27,2384646.8,4151246308.0,207562315.4,False,False,False,2021-04-19,660.0,1
sz300975,商络电子,F51批发业,SZ,2024-02-06,2024-03-12,4.84,10.48,1.1652892561983474,20,35,7043829.180000001,5301534992.0,265076749.6,False,False,False,2021-04-21,1021.0,1
sz300984,金沃股份,C34通用设备制造业,SZ,2024-02-08,2024-03-11,10.93,21.99,1.0118938700823419,20,32,331724.7899999999,591140160.0,29557008.0,False,False,False,2021-06-18,965.0,1
sz300985,致远新能,C33金属制品业,SZ,2021-07-28,2021-08-16,25.28,56.5,1.2349683544303796,20,19,1235383.2100000002,4404585939.0,220229296.95,False,False,False,2021-04-29,90.0,1
sz300986,志特新材,C33金属制品业,SZ,2025-12-17,2026-01-08,9.68,23.18,1.3946280991735538,20,22,3580547.93,5292887926.0,264644396.3,False,False,False,2021-04-30,1692.0,1
sz300988,津荣天宇,C33金属制品业,SZ,2022-03-16,2022-03-31,27.62,63.5,1.299058653149891,20,15,513453.91000000003,2282365568.0,114118278.4,False,False,False,2021-05-12,308.0,1
sz300990,同飞股份,C34通用设备制造业,SZ,2022-06-23,2022-07-18,51.69,108.57,1.1004062681369704,20,25,458027.56999999995,3363422208.0,168171110.4,False,False,False,2021-05-12,407.0,1
sz300991,创益通,C39计算机、通信和其他电子设备制造业,SZ,2024-02-08,2024-03-08,7.04,14.85,1.109375,20,29,1403797.22,1656583490.0,82829174.5,False,False,False,2021-05-20,994.0,1
sz300994,久祺股份,C37铁路、船舶、航空航天和其他运输设备制造业,SZ,2025-04-09,2025-05-08,9.49,19.73,1.0790305584826134,20,29,3560560.7999999993,5362975554.0,268148777.7,False,False,False,2021-08-12,1336.0,1
sz300995,奇德新材,C29橡胶和塑料制品业,SZ,2025-03-24,2025-04-11,17.31,35.5,1.0508376660889662,20,18,1508824.33,3603169357.0,180158467.85,False,False,False,2021-05-26,1398.0,1
sz300996,普联软件,I65软件和信息技术服务业,SZ,2026-07-09,2026-08-06,10.27,20.75,1.0204479065238559,20,28,7354320.8,12024925583.0,601246279.15,False,False,False,2021-06-03,1862.0,1
sz300998,宁波方正,C35专用设备制造业,SZ,2021-10-28,2021-11-12,23.88,47.8,1.0016750418760467,20,15,970997.8500000001,3053661431.0,152683071.55,False,False,False,2021-06-02,148.0,1
sz300999,金龙鱼,C13农副食品加工业,SZ,2020-12-11,2021-01-05,66.66,139.9,1.0987098709870988,20,25,10661832.51,96518835710.0,4825941785.5,False,True,False,2020-10-15,57.0,1
sz301000,肇民科技,C29橡胶和塑料制品业,SZ,2024-11-27,2024-12-04,16.48,33.45,1.029733009708738,20,7,3006286.51,6795112767.0,339755638.35,False,False,False,2021-05-28,1279.0,1
sz301001,凯淳股份,F52零售业,SZ,2022-04-27,2022-05-09,19.0,40.75,1.1447368421052633,20,12,320883.77999999997,1012001560.0,50600078.0,False,False,False,2021-05-28,334.0,1
sz301005,超捷股份,C36汽车制造业,SZ,2025-11-17,2025-12-12,48.2,96.78,1.0078838174273859,20,25,4282101.87,28920114606.0,1446005730.3,False,False,False,2021-06-01,1630.0,1
sz301007,德迈仕,C36汽车制造业,SZ,2023-06-08,2023-07-06,11.9,25.94,1.1798319327731095,20,28,3818772.71,6703922140.0,335196107.0,False,False,False,2021-06-16,722.0,1
sz301008,宏昌科技,C38电气机械和器材制造业,SZ,2025-04-09,2025-05-07,15.65,33.06,1.1124600638977635,20,28,1031336.66,2489564934.0,124478246.7,False,False,False,2021-06-11,1398.0,1
sz301010,晶雪节能,C30非金属矿物制品业,SZ,2022-04-28,2022-05-16,17.95,36.65,1.0417827298050137,20,18,1693328.37,4382037509.0,219101875.45,False,False,False,2021-06-18,314.0,1
sz301011,华立科技,C24文教、工美、体育和娱乐用品制造业,SZ,2024-11-18,2024-11-28,18.5,44.0,1.3783783783783785,20,10,1741947.1,5000996094.0,250049804.7,False,False,False,2021-06-17,1250.0,1
sz301012,扬电科技,C38电气机械和器材制造业,SZ,2021-11-01,2021-11-26,40.0,84.88,1.1219999999999999,20,25,1176770.5899999999,6056800692.0,302840034.6,False,False,False,2021-06-22,132.0,1
sz301013,利和兴,C35专用设备制造业,SZ,2022-04-25,2022-05-13,13.86,28.68,1.0692640692640691,20,18,775009.54,1610852929.0,80542646.45,False,False,False,2021-06-29,300.0,1
sz301016,雷尔伟,C37铁路、船舶、航空航天和其他运输设备制造业,SZ,2024-02-08,2024-03-08,9.7,20.98,1.1628865979381446,20,29,766922.5700000001,1112609066.0,55630453.3,False,False,False,2021-06-30,953.0,1
sz301018,申菱环境,C35专用设备制造业,SZ,2021-10-12,2021-11-04,19.06,38.79,1.035152151101784,20,23,3060211.2800000003,9122932822.0,456146641.1,False,False,False,2021-07-07,97.0,1
sz301020,密封科技,C34通用设备制造业,SZ,2024-02-06,2024-03-04,11.09,23.43,1.1127141568981065,20,27,574603.64,972070037.0,48603501.85,False,False,False,2021-07-06,945.0,1
sz301021,英诺激光,C39计算机、通信和其他电子设备制造业,SZ,2022-07-26,2022-08-16,24.5,49.73,1.0297959183673466,20,21,1037652.68,3661994083.0,183099704.15,False,False,False,2021-07-06,385.0,1
sz301022,海泰科,C35专用设备制造业,SZ,2021-10-28,2021-11-23,33.58,70.21,1.0908278737343657,20,26,519989.92000000004,2472564280.0,123628214.0,False,False,False,2021-07-02,118.0,1
sz301025,读客文化,R86新闻和出版业,SZ,2021-07-19,2021-07-19,13.95,31.66,1.2695340501792116,20,0,3291592.2100000004,7448462612.0,372423130.6,False,True,False,2021-07-19,0.0,1
sz301030,*ST仕净,C35专用设备制造业,SZ,2022-07-26,2022-08-17,19.46,40.5,1.0811921891058582,20,22,1915183.88,5832289342.0,291614467.1,True,False,False,2021-07-22,369.0,1
sz301031,中熔电气,C38电气机械和器材制造业,SZ,2021-07-15,2021-08-05,95.0,206.0,1.168421052631579,20,21,751468.09,11380074416.0,569003720.8,False,True,False,2021-07-15,0.0,1
sz301032,新柴股份,C34通用设备制造业,SZ,2024-09-18,2024-10-14,6.18,13.36,1.161812297734628,20,26,1718542.6600000001,1608703466.0,80435173.3,False,False,False,2021-07-22,1154.0,1
sz301036,双乐股份,C26化学原料和化学制品制造业,SZ,2024-06-06,2024-06-18,18.1,37.49,1.0712707182320442,20,12,2346871.09,6436029113.0,321801455.65,False,False,False,2021-07-29,1043.0,1
sz301038,深水规院,M74专业技术服务业,SZ,2024-09-18,2024-10-10,13.0,26.55,1.0423076923076922,20,22,1242664.15,2206101585.0,110305079.25,False,False,False,2021-08-04,1141.0,1
sz301041,金百泽,C39计算机、通信和其他电子设备制造业,SZ,2023-04-28,2023-05-30,19.8,45.59,1.3025252525252524,20,32,1027608.2,3230655800.0,161532790.0,False,False,False,2021-08-11,625.0,1
sz301045,天禄科技,C39计算机、通信和其他电子设备制造业,SZ,2026-06-08,2026-07-01,49.0,102.5,1.0918367346938775,20,23,993944.49,6778878803.0,338943940.15,False,False,False,2021-08-13,1760.0,1
sz301047,义翘神州,M73研究和试验发展,SZ,2026-07-30,2026-08-17,66.62,139.49,1.0938156709696787,20,18,1541650.68,16380620507.0,819031025.35,False,False,False,2021-08-16,1809.0,1
sz301049,超越科技,N77生态保护和环境治理业,SZ,2024-02-08,2024-03-07,9.0,18.05,1.0055555555555555,20,28,785160.7799999999,1133123107.0,56656155.35,False,False,False,2021-08-24,898.0,1
sz301050,雷电微力,C39计算机、通信和其他电子设备制造业,SZ,2024-09-24,2024-10-21,29.97,62.89,1.0984317650984319,20,27,3463592.39,16693101920.0,834655096.0,False,False,False,2021-08-24,1127.0,1
sz301051,信濠光电,C39计算机、通信和其他电子设备制造业,SZ,2026-07-21,2026-08-12,11.22,23.19,1.0668449197860963,20,22,2622607.5,4204869260.0,210243463.0,False,False,False,2021-08-27,1789.0,1
sz301052,果麦文化,R86新闻和出版业,SZ,2023-03-16,2023-04-11,25.5,52.58,1.0619607843137255,20,26,1921055.25,6488423204.0,324421160.2,False,False,False,2021-08-30,563.0,1
sz301053,远信工业,C35专用设备制造业,SZ,2026-03-20,2026-04-17,32.01,64.87,1.0265542018119342,20,28,1667412.44,7646430816.0,382321540.8,False,False,False,2021-09-01,1661.0,1
sz301055,张小泉,C33金属制品业,SZ,2026-03-27,2026-04-17,17.92,35.88,1.0022321428571428,20,21,1325857.42,3465226146.0,173261307.3,False,False,False,2021-09-06,1663.0,1
sz301060,兰卫医学,F51批发业,SZ,2021-11-03,2021-11-30,18.98,41.08,1.1643835616438354,20,27,2829905.14,7418511125.0,370925556.25,False,True,False,2021-09-13,51.0,1
sz301066,万事利,C18纺织服装、服饰业,SZ,2024-11-04,2024-11-29,9.69,19.9,1.0536635706914343,20,25,2119458.3,2800619627.0,140030981.35,False,False,False,2021-09-22,1139.0,1
sz301072,中捷精工,C36汽车制造业,SZ,2021-10-25,2021-11-19,20.5,47.33,1.3087804878048779,20,25,2260184.3,6493155232.0,324657761.6,False,True,False,2021-09-29,26.0,1
sz301075,多瑞医药,C27医药制造业,SZ,2022-11-28,2022-12-16,23.65,50.49,1.1348837209302327,20,18,709144.5800000001,2543918673.0,127195933.65,False,False,False,2021-09-29,425.0,1
sz301076,新瀚新材,C26化学原料和化学制品制造业,SZ,2023-12-12,2024-01-02,19.32,38.91,1.0139751552795029,20,21,2559754.62,8092455251.0,404622762.55,False,False,False,2021-10-11,792.0,1
sz301078,孩子王,F52零售业,SZ,2024-09-04,2024-10-08,5.13,11.18,1.1793372319688107,20,34,7214020.869999999,5026032838.0,251301641.9,False,False,False,2021-10-14,1056.0,1
sz301079,邵阳液压,C34通用设备制造业,SZ,2024-07-18,2024-07-29,11.08,24.72,1.231046931407942,20,11,1645549.49,2856290864.0,142814543.2,False,False,False,2021-10-19,1003.0,1
sz301080,百普赛斯,M73研究和试验发展,SZ,2026-08-03,2026-08-11,44.35,88.88,1.0040586245772265,20,8,1976838.7200000002,12154049508.0,607702475.4,False,False,False,2021-10-18,1750.0,1
sz301082,久盛电气,C38电气机械和器材制造业,SZ,2024-11-04,2024-11-22,10.6,22.33,1.1066037735849057,20,18,4318890.779999999,6398941897.0,319947094.85,False,False,False,2021-10-27,1104.0,1
sz301083,百胜智能,C35专用设备制造业,SZ,2023-04-25,2023-05-25,11.31,25.27,1.234305923961096,20,30,1044059.7699999999,1783822437.0,89191121.85,False,False,False,2021-10-21,551.0,1
sz301085,亚康股份,I65软件和信息技术服务业,SZ,2023-05-17,2023-06-07,39.51,79.43,1.0103771197165279,20,21,945912.6200000001,4852051217.0,242602560.85,False,False,False,2021-10-18,576.0,1
sz301089,拓新药业,C27医药制造业,SZ,2021-10-28,2021-11-30,25.1,120.03,3.7820717131474098,20,33,2464632.14,14624501784.0,731225089.2,False,True,False,2021-10-27,1.0,1
sz301091,深城交,M74专业技术服务业,SZ,2024-03-04,2024-03-29,20.57,43.06,1.0933398152649492,20,25,4248736.18,12153015110.0,607650755.5,False,False,False,2021-10-29,857.0,1
sz301098,金埔园林,E48土木工程建筑业,SZ,2022-04-28,2022-05-12,17.8,39.89,1.2410112359550562,20,14,458674.6000000001,1276484253.0,63824212.65,False,False,False,2021-11-12,167.0,1
sz301111,粤万年青,C27医药制造业,SZ,2021-12-08,2021-12-16,28.88,66.6,1.3060941828254848,20,8,3610346.2599999993,16212783304.0,810639165.2,False,True,False,2021-12-07,1.0,1
sz301112,信邦智能,C35专用设备制造业,SZ,2025-04-09,2025-05-20,18.6,37.82,1.0333333333333332,20,41,687826.97,1766507950.0,88325397.5,False,False,False,2022-06-29,1015.0,1
sz301117,ST佳缘,I65软件和信息技术服务业,SZ,2025-07-15,2025-08-08,21.65,44.44,1.0526558891454965,20,24,2402152.97,7153303343.0,357665167.15,True,False,False,2022-01-17,1275.0,1
sz301119,正强股份,C36汽车制造业,SZ,2025-04-09,2025-04-30,20.3,42.0,1.0689655172413794,20,21,548976.84,1714852904.0,85742645.2,False,False,False,2021-11-22,1234.0,1
sz301120,新特电气,C38电气机械和器材制造业,SZ,2022-07-04,2022-07-18,16.7,35.21,1.1083832335329342,20,14,3117698.76,6571136852.0,328556842.6,False,False,False,2022-04-19,76.0,1
sz301121,紫建电子,C38电气机械和器材制造业,SZ,2022-08-09,2022-08-19,58.79,122.49,1.0835176050348698,20,10,11255748.9,7367491627.0,368374581.35,False,True,False,2022-08-08,1.0,1
sz301123,奕东电子,C39计算机、通信和其他电子设备制造业,SZ,2025-07-23,2025-08-18,23.5,47.29,1.012340425531915,20,26,3155439.6,9898201339.0,494910066.95,False,False,False,2022-01-25,1275.0,1
sz301125,腾亚精工,C34通用设备制造业,SZ,2024-02-08,2024-03-01,7.92,15.99,1.018939393939394,20,22,1296271.6600000001,1611059700.0,80552985.0,False,False,False,2022-06-08,610.0,1
sz301126,达嘉维康,F52零售业,SZ,2022-02-11,2022-03-07,17.78,36.44,1.0494938132733407,20,24,1950080.85,4400200860.0,220010043.0,False,False,False,2021-12-07,66.0,1
sz301128,强瑞技术,C35专用设备制造业,SZ,2021-11-10,2021-11-10,37.58,79.8,1.123469930814263,20,0,1391376.7200000002,7356735397.0,367836769.85,False,True,False,2021-11-10,0.0,1
sz301132,满坤科技,C39计算机、通信和其他电子设备制造业,SZ,2024-06-04,2024-06-28,19.84,40.18,1.025201612903226,20,24,3256813.2199999997,8978473477.0,448923673.85,False,False,False,2022-08-10,664.0,1
sz301136,招标股份,M74专业技术服务业,SZ,2024-07-25,2024-08-08,9.49,19.53,1.0579557428872497,20,14,3531025.7899999996,4660967499.0,233048374.95,False,False,False,2022-01-11,926.0,1
sz301137,哈焊华通,C33金属制品业,SZ,2025-04-29,2025-05-27,19.19,39.59,1.0630536737884313,20,28,2928638.28,7388551220.0,369427561.0,False,False,False,2022-03-22,1134.0,1
sz301138,华研精机,C35专用设备制造业,SZ,2021-12-15,2021-12-15,40.0,126.0,2.15,20,0,1995571.38,12274621755.0,613731087.75,False,True,False,2021-12-15,0.0,1
sz301139,*ST元道,I65软件和信息技术服务业,SZ,2024-02-06,2024-03-08,15.25,31.89,1.0911475409836067,20,31,1717048.9700000002,4213206594.0,210660329.7,True,False,False,2022-07-08,578.0,1
sz301141,中科磁业,C39计算机、通信和其他电子设备制造业,SZ,2023-06-26,2023-07-12,36.1,85.06,1.3562326869806092,20,16,1384376.75,7370515023.0,368525751.15,False,False,False,2023-04-03,84.0,1
sz301153,中科江南,I65软件和信息技术服务业,SZ,2024-09-03,2024-10-08,16.75,37.86,1.2602985074626867,20,35,3251465.3699999996,7441393549.0,372069677.45,False,False,False,2022-05-18,839.0,1
sz301155,海力风电,C38电气机械和器材制造业,SZ,2024-09-24,2024-10-25,35.55,73.0,1.0534458509142057,20,31,1339255.3900000001,7420279103.0,371013955.15,False,False,False,2021-11-24,1035.0,1
sz301156,美农生物,C14食品制造业,SZ,2025-03-25,2025-04-08,12.96,26.84,1.0709876543209873,20,14,1133288.83,2059408646.0,102970432.3,False,False,False,2022-06-17,1012.0,1
sz301158,德石股份,C35专用设备制造业,SZ,2022-01-28,2022-03-03,19.28,41.4,1.1473029045643153,20,34,3090679.81,8541567467.0,427078373.35,False,True,False,2022-01-17,11.0,1
sz301159,三维天地,I65软件和信息技术服务业,SZ,2023-08-02,2023-08-24,36.77,76.77,1.0878433505575194,20,22,1110429.8,5458075324.0,272903766.2,False,False,False,2022-01-07,572.0,1
sz301160,翔楼新材,C33金属制品业,SZ,2024-09-03,2024-10-09,33.75,71.81,1.1277037037037037,20,36,566277.75,2635550146.0,131777507.3,False,False,False,2022-06-06,820.0,1
sz301162,国能日新,I65软件和信息技术服务业,SZ,2024-02-05,2024-03-11,28.8,59.0,1.0486111111111112,20,35,489930.81999999995,2027117075.0,101355853.75,False,False,False,2022-04-29,647.0,1
sz301163,宏德股份,C33金属制品业,SZ,2022-04-21,2022-05-09,26.81,68.52,1.5557627750839238,20,18,2004185.28,8672846227.0,433642311.35,False,True,False,2022-04-19,2.0,1
sz301165,锐捷网络,C39计算机、通信和其他电子设备制造业,SZ,2022-11-22,2022-11-23,18.85,41.65,1.2095490716180368,20,1,29887198.99,8064284547.0,403214227.35,False,True,False,2022-11-21,1.0,1
sz301169,零点有数,L72商务服务业,SZ,2021-12-28,2022-01-20,37.33,77.77,1.0833110099115992,20,23,788687.0,3976955449.0,198847772.45,False,True,False,2021-11-03,55.0,1
sz301171,易点天下,I64互联网和相关服务,SZ,2024-09-10,2024-10-08,9.65,20.33,1.1067357512953366,20,28,35484267.03,4933250096.0,246662504.8,False,False,False,2022-08-19,753.0,1
sz301172,君逸数码,I65软件和信息技术服务业,SZ,2023-08-23,2023-08-28,22.85,46.63,1.040700218818381,20,5,11884373.09,5045232710.0,252261635.5,False,True,False,2023-07-26,28.0,1
sz301176,逸豪新材,C39计算机、通信和其他电子设备制造业,SZ,2024-05-27,2024-06-12,11.6,24.49,1.111206896551724,20,16,1613602.69,3062292235.0,153114611.75,False,False,False,2022-09-28,607.0,1
sz301181,标榜股份,C36汽车制造业,SZ,2022-07-13,2022-08-01,28.2,57.1,1.024822695035461,20,19,585411.2,2300466870.0,115023343.5,False,False,False,2022-02-21,142.0,1
sz301182,凯旺科技,C39计算机、通信和其他电子设备制造业,SZ,2024-09-19,2024-10-18,18.85,40.46,1.146419098143236,20,29,1661554.4700000002,4351191114.0,217559555.7,False,False,False,2021-12-23,1001.0,1
sz301183,东田微,C39计算机、通信和其他电子设备制造业,SZ,2023-05-15,2023-06-07,29.94,61.2,1.0440881763527052,20,23,1799657.1099999999,7603027429.0,380151371.45,False,False,False,2022-05-24,356.0,1
sz301188,力诺药包,C30非金属矿物制品业,SZ,2026-04-21,2026-05-21,23.27,48.38,1.0790717662226044,20,30,5597739.329999999,18098292637.0,904914631.85,False,False,False,2021-11-11,1622.0,1
sz301189,奥尼电子,C39计算机、通信和其他电子设备制造业,SZ,2026-03-23,2026-04-15,40.18,86.39,1.1500746640119464,20,23,1158545.54,6366869665.0,318343483.25,False,False,False,2021-12-28,1546.0,1
sz301192,泰祥股份,C36汽车制造业,SZ,2023-06-08,2023-07-07,18.03,36.22,1.0088740987243483,20,29,1801927.7499999998,4728823131.0,236441156.55,False,False,False,2022-08-11,301.0,1
sz301196,唯科科技,C29橡胶和塑料制品业,SZ,2025-04-09,2025-05-07,36.0,73.0,1.0277777777777777,20,28,1181938.78,6646367084.0,332318354.2,False,False,False,2022-01-11,1184.0,1
sz301197,工大科雅,I65软件和信息技术服务业,SZ,2024-09-18,2024-10-21,10.57,21.5,1.0340586565752128,20,33,9930875.33,1757536852.0,87876842.6,False,False,False,2022-08-08,772.0,1
sz301199,迈赫股份,C35专用设备制造业,SZ,2022-05-31,2022-06-28,18.88,38.15,1.0206567796610169,20,28,941111.55,2661852087.0,133092604.35,False,False,False,2021-12-07,175.0,1
sz301200,大族数控,C35专用设备制造业,SZ,2025-07-11,2025-08-06,43.77,89.13,1.0363262508567508,20,26,1862079.67,11947179742.0,597358987.1,False,False,False,2022-02-28,1229.0,1
sz301201,诚达药业,C27医药制造业,SZ,2022-02-11,2022-03-03,62.7,133.97,1.1366826156299839,20,20,1846056.4600000002,18182158647.0,909107932.35,False,True,False,2022-01-20,22.0,1
sz301202,朗威股份,C33金属制品业,SZ,2024-02-06,2024-03-11,16.12,34.42,1.1352357320099253,20,34,1161019.2000000002,2986654555.0,149332727.75,False,False,False,2023-07-05,216.0,1
sz301205,联特科技,C39计算机、通信和其他电子设备制造业,SZ,2022-11-01,2022-11-15,22.73,48.0,1.111746590409151,20,14,2071386.1600000001,1621083961.0,81054198.05,False,True,False,2022-09-13,49.0,1
sz301208,中亦科技,I65软件和信息技术服务业,SZ,2024-09-18,2024-10-21,24.0,48.8,1.0333333333333332,20,33,1971907.3100000003,7480489851.0,374024492.55,False,False,False,2022-07-07,804.0,1
sz301209,联合化学,C26化学原料和化学制品制造业,SZ,2022-08-26,2022-09-07,15.77,39.96,1.5339251743817375,20,12,11854048.74,4472300325.0,223615016.25,False,True,False,2022-08-25,1.0,1
sz301210,金杨精密,C38电气机械和器材制造业,SZ,2024-03-05,2024-03-11,15.98,36.1,1.2590738423028784,20,6,1771471.5799999998,640811816.0,32040590.8,False,False,False,2023-06-30,249.0,1
sz301211,亨迪药业,C27医药制造业,SZ,2022-11-24,2022-12-13,23.4,51.67,1.2081196581196583,20,19,4270940.62,13383243750.0,669162187.5,False,False,False,2021-12-22,337.0,1
sz301212,联盛化学,C26化学原料和化学制品制造业,SZ,2022-04-19,2022-04-22,34.0,68.0,1.0,20,3,2816188.49,13369633533.0,668481676.65,False,True,False,2022-04-19,0.0,1
sz301213,观想科技,I65软件和信息技术服务业,SZ,2024-02-07,2024-03-06,19.1,40.83,1.1376963350785338,20,28,484040.97,1398143231.0,69907161.55,False,False,False,2021-12-06,793.0,1
sz301217,铜冠铜箔,C39计算机、通信和其他电子设备制造业,SZ,2025-07-02,2025-07-28,12.03,25.08,1.0847880299251869,20,26,14297285.39,27411586854.0,1370579342.7,False,False,False,2022-01-27,1252.0,1
sz301218,华是科技,I65软件和信息技术服务业,SZ,2023-08-01,2023-08-21,27.76,58.66,1.1131123919308354,20,20,3987878.6999999997,15937563514.0,796878175.7,False,False,False,2022-03-07,512.0,1
sz301220,亚香股份,C26化学原料和化学制品制造业,SZ,2025-01-15,2025-02-11,33.61,70.03,1.0836060696221361,20,27,940042.27,4170435875.0,208521793.75,False,False,False,2022-06-22,938.0,1
sz301221,光庭信息,I65软件和信息技术服务业,SZ,2024-09-18,2024-10-08,29.34,61.08,1.0817995910020448,20,20,1013988.12,4166106081.0,208305304.05,False,False,False,2021-12-22,1001.0,1
sz301225,恒勃股份,C36汽车制造业,SZ,2025-02-24,2025-03-10,20.08,45.17,1.2495019920318726,20,14,1482203.05,1743576233.0,87178811.65,False,False,False,2023-06-16,619.0,1
sz301227,森鹰窗业,C20木材加工和木、竹、藤、棕、草制品业,SZ,2025-05-27,2025-06-16,12.81,25.98,1.0281030444964872,20,20,1416020.9900000002,1326292294.0,66314614.7,False,False,False,2022-09-26,974.0,1
sz301230,泓博医药,M73研究和试验发展,SZ,2022-11-02,2022-11-14,19.28,60.5,2.137966804979253,20,12,17749244.41,5761212821.0,288060641.05,False,True,False,2022-11-01,1.0,1
sz301231,荣信文化,R86新闻和出版业,SZ,2024-02-08,2024-02-26,11.5,23.5,1.0434782608695654,20,18,1307622.84,2451782562.0,122589128.1,False,False,False,2022-09-08,518.0,1
sz301232,飞沃科技,C34通用设备制造业,SZ,2023-11-03,2023-11-15,24.96,53.5,1.1434294871794872,20,12,682523.3600000001,429662919.0,21483145.95,False,False,False,2023-06-15,141.0,1
sz301234,五洲医疗,C35专用设备制造业,SZ,2026-07-01,2026-07-27,31.8,70.5,1.2169811320754715,20,26,383394.58999999997,1756348528.0,87817426.4,False,False,False,2022-07-05,1457.0,1
sz301236,软通动力,I65软件和信息技术服务业,SZ,2024-09-10,2024-10-09,31.69,74.18,1.3408015146733985,20,29,11039325.47,49348483246.0,2467424162.3,False,False,False,2022-03-15,910.0,1
sz301248,杰创智能,I65软件和信息技术服务业,SZ,2026-04-07,2026-04-28,43.4,90.0,1.0737327188940093,20,21,2129405.6,12774780901.0,638739045.05,False,False,False,2022-04-20,1448.0,1
sz301251,威尔高,C39计算机、通信和其他电子设备制造业,SZ,2025-07-23,2025-08-12,29.59,60.5,1.0446096654275094,20,20,11719309.260000002,11642939663.0,582146983.15,False,False,False,2023-09-06,686.0,1
sz301252,同星科技,C34通用设备制造业,SZ,2023-06-01,2023-06-12,19.31,59.46,2.0792335577421026,20,11,18318073.990000006,7367709824.0,368385491.2,False,True,False,2023-05-25,7.0,1
sz301255,通力科技,C34通用设备制造业,SZ,2023-01-16,2023-01-18,15.26,41.65,1.7293577981651373,20,2,1873873.66,2325630873.0,116281543.65,False,True,False,2022-12-27,20.0,1
sz301258,富士莱,C27医药制造业,SZ,2024-04-23,2024-05-10,21.21,43.39,1.0457331447430458,20,17,1185029.06,3967594957.0,198379747.85,False,False,False,2022-03-29,756.0,1
sz301259,艾布鲁,N77生态保护和环境治理业,SZ,2022-04-28,2022-05-12,24.79,52.44,1.1153691004437274,20,14,2845670.61,9966668393.0,498333419.65,False,True,False,2022-04-26,2.0,1
sz301260,格力博,C35专用设备制造业,SZ,2025-04-18,2025-05-20,12.36,25.4,1.0550161812297736,20,32,3464602.06,6219575277.0,310978763.85,False,False,False,2023-02-08,800.0,1
sz301261,恒工精密,C34通用设备制造业,SZ,2025-01-22,2025-02-25,36.73,73.72,1.007078682276069,20,34,15495704.42,7757839536.0,387891976.8,False,False,False,2023-07-10,562.0,1
sz301268,铭利达,C33金属制品业,SZ,2022-06-13,2022-07-08,30.48,61.06,1.0032808398950133,20,25,733831.0800000001,2868454085.0,143422704.25,False,False,False,2022-04-07,67.0,1
sz301269,华大九天,I65软件和信息技术服务业,SZ,2022-07-29,2022-08-08,68.06,145.98,1.1448721716132821,20,10,24335129.849999994,49276837261.0,2463841863.05,False,True,False,2022-07-29,0.0,1
sz301277,新天地,C27医药制造业,SZ,2022-11-17,2022-11-22,11.53,42.99,2.7285342584562016,20,5,17422900.029999997,6448850547.0,322442527.35,False,True,False,2022-11-16,1.0,1
sz301280,珠城科技,C39计算机、通信和其他电子设备制造业,SZ,2023-01-30,2023-02-01,15.53,50.26,2.236316806181584,20,2,1404351.77,1206589798.0,60329489.9,False,True,False,2022-12-26,35.0,1
sz301281,科源制药,C27医药制造业,SZ,2023-07-17,2023-08-11,26.36,57.02,1.1631259484066772,20,25,1400284.1,4868421639.0,243421081.95,False,False,False,2023-04-04,104.0,1
sz301282,金禄电子,C39计算机、通信和其他电子设备制造业,SZ,2024-09-19,2024-09-30,11.43,23.0,1.0122484689413822,20,11,3357343.3299999996,2111767121.0,105588356.05,False,False,False,2022-08-26,755.0,1
sz301283,聚胶股份,C26化学原料和化学制品制造业,SZ,2024-09-24,2024-09-30,13.66,28.29,1.0710102489019033,20,6,1009247.1299999999,415921080.0,20796054.0,False,False,False,2022-09-02,753.0,1
sz301288,清研环境,C35专用设备制造业,SZ,2024-07-18,2024-08-14,10.03,20.71,1.0648055832502497,20,27,617466.59,942530179.0,47126508.95,False,False,False,2022-04-22,818.0,1
sz301289,国缆检测,M74专业技术服务业,SZ,2023-07-12,2023-08-07,34.83,73.73,1.1168532873959234,20,26,684399.7100000001,3449763112.0,172488155.6,False,False,False,2022-06-22,385.0,1
sz301292,海科新源,C26化学原料和化学制品制造业,SZ,2025-09-26,2025-10-31,17.87,36.96,1.068270844991606,20,35,5166374.359999999,14147259290.0,707362964.5,False,False,False,2023-07-07,812.0,1
sz301293,三博脑科,Q84卫生,SZ,2023-05-12,2023-06-01,47.27,118.07,1.4977787180029614,20,20,2823352.49,20649026175.0,1032451308.75,False,True,False,2023-05-05,7.0,1
sz301297,富乐德,M74专业技术服务业,SZ,2024-09-10,2024-10-22,18.25,43.18,1.366027397260274,20,42,2060595.73,4277091407.0,213854570.35,False,False,False,2022-12-30,620.0,1
sz301299,卓创资讯,I64互联网和相关服务,SZ,2023-07-28,2023-08-24,50.16,103.08,1.0550239234449763,20,27,1246207.65,9551156242.0,477557812.1,False,False,False,2022-10-19,282.0,1
sz301301,川宁生物,C27医药制造业,SZ,2024-04-23,2024-05-08,9.08,18.33,1.018722466960352,20,15,9517648.57,12958421645.0,647921082.25,False,False,False,2022-12-27,483.0,1
sz301306,西测测试,M74专业技术服务业,SZ,2024-02-06,2024-02-22,17.56,38.1,1.169703872437358,20,16,535462.1200000001,1522375921.0,76118796.05,False,False,False,2022-07-26,560.0,1
sz301308,江波龙,C39计算机、通信和其他电子设备制造业,SZ,2025-09-04,2025-09-30,85.38,178.03,1.0851487467791054,20,26,3651914.9200000004,46014425809.0,2300721290.45,False,False,False,2022-08-05,1126.0,1
sz301310,鑫宏业,C36汽车制造业,SZ,2023-06-16,2023-06-21,30.17,80.3,1.661584355319854,20,5,8535309.56,6956820442.0,347841022.1,False,True,False,2023-06-02,14.0,1
sz301312,智立方,C35专用设备制造业,SZ,2022-07-19,2022-08-11,78.69,160.0,1.0332952090481635,20,23,522704.82999999996,5483595468.0,274179773.4,False,True,False,2022-07-11,8.0,1
sz301313,凡拓数创,I65软件和信息技术服务业,SZ,2024-02-06,2024-03-05,15.71,33.9,1.1578612348822404,20,28,1518459.44,3651208483.0,182560424.15,False,False,False,2022-09-30,494.0,1
sz301315,威士顿,I65软件和信息技术服务业,SZ,2023-07-18,2023-08-14,48.88,98.0,1.0049099836333877,20,27,2146050.09,15174464152.0,758723207.6,False,True,False,2023-06-21,27.0,1
sz301316,慧博云通,I65软件和信息技术服务业,SZ,2023-07-28,2023-08-22,21.4,43.22,1.019626168224299,20,25,3651015.71,11853881318.0,592694065.9,False,False,False,2022-10-13,288.0,1
sz301317,鑫磊股份,C34通用设备制造业,SZ,2025-04-09,2025-05-09,15.81,32.75,1.0714737507906387,20,30,4378186.76,2690357544.0,134517877.2,False,False,False,2023-01-19,811.0,1
sz301318,维海德,C39计算机、通信和其他电子设备制造业,SZ,2022-08-11,2022-08-12,32.07,73.5,1.2918615528531339,20,1,7014540.290000001,2650298642.0,132514932.1,False,True,False,2022-08-10,1.0,1
sz301319,唯特偶,C39计算机、通信和其他电子设备制造业,SZ,2022-10-13,2022-10-17,17.06,62.93,2.6887456037514657,20,4,5842823.21,3971554958.0,198577747.9,False,True,False,2022-09-29,14.0,1
sz301326,捷邦科技,C39计算机、通信和其他电子设备制造业,SZ,2024-02-08,2024-03-06,15.24,31.52,1.068241469816273,20,27,353835.0,840542697.0,42027134.85,False,False,False,2022-09-21,505.0,1
sz301328,维峰电子,C39计算机、通信和其他电子设备制造业,SZ,2024-09-18,2024-09-30,19.78,41.69,1.1076845298281088,20,12,790455.31,670390467.0,33519523.35,False,False,False,2022-09-08,741.0,1
sz301331,恩威医药,C27医药制造业,SZ,2022-09-22,2022-09-28,23.19,60.0,1.5873221216041395,20,6,18187721.640000004,6495830853.0,324791542.65,False,True,False,2022-09-21,1.0,1
sz301335,天元宠物,C41其他制造业,SZ,2025-04-18,2025-05-20,19.78,44.5,1.2497472194135488,20,32,2077033.7999999996,5834834301.0,291741715.05,False,False,False,2022-11-18,882.0,1
sz301336,趣睡科技,C21家具制造业,SZ,2024-12-05,2024-12-27,26.9,62.4,1.3197026022304832,20,22,6084084.239999998,2140385635.0,107019281.75,False,False,False,2022-08-12,846.0,1
sz301337,亚华电子,I65软件和信息技术服务业,SZ,2023-12-27,2024-01-17,28.74,59.2,1.059846903270703,20,21,1690385.64,7642328598.0,382116429.9,False,False,False,2023-05-26,215.0,1
sz301338,凯格精机,C35专用设备制造业,SZ,2022-09-23,2022-10-24,27.95,66.7,1.3864042933810379,20,31,2547630.57,2183512874.0,109175643.7,False,True,False,2022-08-16,38.0,1
sz301339,通行宝,I65软件和信息技术服务业,SZ,2024-09-19,2024-10-08,11.68,26.2,1.243150684931507,20,19,7375597.9399999995,1871070981.0,93553549.05,False,False,False,2022-09-09,741.0,1
sz301349,信德新材,C26化学原料和化学制品制造业,SZ,2024-09-23,2024-10-08,15.96,35.52,1.225563909774436,20,15,4797547.319999999,1251947751.0,62597387.55,False,False,False,2022-09-09,745.0,1
sz301353,普莱得,C34通用设备制造业,SZ,2024-04-16,2024-05-09,12.39,26.35,1.126715092816788,20,23,2966183.59,302807417.0,15140370.85,False,False,False,2023-05-30,322.0,1
sz301357,北方长龙,C41其他制造业,SZ,2024-04-17,2024-05-09,19.89,42.16,1.1196581196581192,20,22,3529131.8800000004,1168265745.0,58413287.25,False,False,False,2023-04-18,365.0,1
sz301360,荣旗科技,C35专用设备制造业,SZ,2023-04-25,2023-05-22,55.0,122.99,1.236181818181818,20,27,710229.39,5919763138.0,295988156.9,False,True,False,2023-04-25,0.0,1
sz301361,众智科技,C38电气机械和器材制造业,SZ,2024-05-23,2024-06-04,18.47,39.97,1.1640498105035193,20,12,1894452.94,5343121021.0,267156051.05,False,False,False,2022-11-16,554.0,1
sz301362,民爆光电,C38电气机械和器材制造业,SZ,2025-12-24,2026-02-05,40.56,93.29,1.3000493096646943,20,43,381021.64,2654436258.0,132721812.9,False,False,False,2023-08-04,873.0,1
sz301363,美好医疗,C35专用设备制造业,SZ,2022-10-13,2022-11-02,17.72,51.5,1.9063205417607225,20,20,40088906.809999995,9797652646.0,489882632.3,False,True,False,2022-10-12,1.0,1
sz301366,一博科技,C39计算机、通信和其他电子设备制造业,SZ,2023-03-09,2023-03-17,20.41,56.35,1.7609015188633022,20,8,943435.8899999999,809486774.0,40474338.7,False,False,False,2022-09-26,164.0,1
sz301367,瑞迈特,C35专用设备制造业,SZ,2022-11-02,2022-11-07,126.39,333.88,1.6416646886620776,20,5,10576876.39,16358982261.0,817949113.05,False,True,False,2022-11-01,1.0,1
sz301368,丰立智能,C34通用设备制造业,SZ,2023-05-15,2023-05-23,21.0,47.62,1.2676190476190476,20,8,986905.0499999998,3054280165.0,152714008.25,False,False,False,2022-12-15,151.0,1
sz301369,联动科技,C35专用设备制造业,SZ,2022-09-23,2022-09-27,56.59,125.57,1.2189432761972077,20,4,5641705.660000001,5641434188.0,282071709.4,False,True,False,2022-09-22,1.0,1
sz301373,凌玮科技,C26化学原料和化学制品制造业,SZ,2026-02-03,2026-03-09,34.6,70.0,1.0231213872832368,20,34,1473138.3099999998,7140179966.0,357008998.3,False,False,False,2023-02-08,1091.0,1
sz301377,鼎泰高科,C33金属制品业,SZ,2025-10-13,2025-10-29,64.5,132.5,1.054263565891473,20,16,2059810.2199999997,18168629613.0,908431480.65,False,False,False,2022-11-22,1056.0,1
sz301378,通达海,I65软件和信息技术服务业,SZ,2023-05-16,2023-05-31,45.46,113.3,1.4923009238891334,20,15,1558288.3499999999,2303232580.0,115161629.0,False,True,False,2023-03-20,57.0,1
sz301379,天山电子,C39计算机、通信和其他电子设备制造业,SZ,2022-11-04,2022-11-21,10.53,31.97,2.0360873694207027,20,17,17059708.85,2513280273.0,125664013.65,False,True,False,2022-11-01,3.0,1
sz301380,挖金客,I65软件和信息技术服务业,SZ,2024-11-25,2024-12-10,26.82,59.5,1.2184936614466815,20,15,3488894.83,5317360220.0,265868011.0,False,False,False,2022-10-25,762.0,1
sz301382,蜂助手,I64互联网和相关服务,SZ,2023-05-18,2023-05-24,23.57,56.5,1.3971149766652524,20,6,27977648.6,14373466110.0,718673305.5,False,True,False,2023-05-17,1.0,1
sz301387,光大同创,C39计算机、通信和其他电子设备制造业,SZ,2026-04-28,2026-05-21,59.52,121.49,1.041162634408602,20,23,1094947.71,9115579123.0,455778956.15,False,False,False,2023-04-18,1106.0,1
sz301396,宏景科技,I65软件和信息技术服务业,SZ,2023-02-13,2023-02-16,18.88,48.32,1.5593220338983054,20,3,5911085.090000001,2727682035.0,136384101.75,False,False,False,2022-11-11,94.0,1
sz301397,溯联股份,C36汽车制造业,SZ,2023-11-17,2023-11-29,22.6,55.68,1.4637168141592918,20,12,2414546.44,3439088037.0,171954401.85,False,False,False,2023-06-28,142.0,1
sz301398,星源卓镁,C33金属制品业,SZ,2023-06-15,2023-07-12,35.03,73.99,1.1121895518127318,20,27,984967.79,4761740941.0,238087047.05,False,False,False,2022-12-15,182.0,1
sz301399,英特科技,C34通用设备制造业,SZ,2023-05-24,2023-05-25,17.64,78.45,3.4472789115646263,20,1,14670009.020000001,12502450663.0,625122533.15,False,True,False,2023-05-23,1.0,1
sz301408,华人健康,F52零售业,SZ,2025-12-16,2026-01-14,14.51,29.76,1.0509993108201243,20,29,10116127.82,21377422785.0,1068871139.25,False,False,False,2023-03-01,1021.0,1
sz301413,安培龙,C39计算机、通信和其他电子设备制造业,SZ,2024-02-20,2024-03-04,25.98,59.2,1.2786759045419553,20,13,3295929.4899999998,2661348420.0,133067421.0,False,False,False,2023-12-18,64.0,1
sz301421,波长光电,C40仪器仪表制造业,SZ,2024-09-13,2024-10-09,29.8,64.45,1.162751677852349,20,26,2242407.8899999997,9084206506.0,454210325.3,False,False,False,2023-08-23,387.0,1
sz301448,开创电气,C34通用设备制造业,SZ,2023-10-26,2023-11-14,21.42,45.16,1.1083099906629315,20,19,2946517.38,2385687982.0,119284399.1,False,False,False,2023-06-19,129.0,1
sz301449,天溯计量,M74专业技术服务业,SZ,2025-12-24,2025-12-29,53.55,108.01,1.016993464052288,20,5,18727377.68,9139151894.0,456957594.7,False,True,False,2025-12-23,1.0,1
sz301459,丰茂股份,C29橡胶和塑料制品业,SZ,2025-04-24,2025-05-20,35.57,71.47,1.009277481023334,20,26,2288579.33,3115823124.0,155791156.2,False,False,False,2023-12-13,498.0,1
sz301468,博盈特焊,C35专用设备制造业,SZ,2025-10-10,2025-11-03,19.78,43.6,1.2042467138523762,20,24,6245144.470000001,6636394174.0,331819708.7,False,False,False,2023-07-24,809.0,1
sz301469,恒达新材,C22造纸和纸制品业,SZ,2023-08-25,2023-08-28,41.6,88.28,1.1221153846153844,20,3,14545259.47,8561508654.0,428075432.7,False,True,False,2023-08-22,3.0,1
sz301487,盟固利,C26化学原料和化学制品制造业,SZ,2023-08-09,2023-08-09,20.4,202.15,8.909313725490197,20,0,5561478.15,33934167017.0,1696708350.85,False,True,False,2023-08-09,0.0,1
sz301488,豪恩汽电,C39计算机、通信和其他电子设备制造业,SZ,2024-02-08,2024-03-13,30.58,61.39,1.0075212557226947,20,34,596962.43,2876119226.0,143805961.3,False,False,False,2023-07-04,219.0,1
sz301489,思泉新材,C39计算机、通信和其他电子设备制造业,SZ,2024-01-24,2024-01-26,27.32,59.89,1.1921669106881407,20,2,1461663.99,1839006056.0,91950302.8,False,False,False,2023-10-24,92.0,1
sz301500,飞南资源,C42废弃资源综合利用业,SZ,2024-09-23,2024-10-08,11.21,25.19,1.247100802854594,20,15,4195931.529999999,1102488852.0,55124442.6,False,False,False,2023-09-21,368.0,1
sz301501,恒鑫生活,C22造纸和纸制品业,SZ,2025-04-24,2025-05-26,47.38,98.88,1.0869565217391304,20,32,1322547.86,9235875889.0,461793794.45,False,True,False,2025-03-19,36.0,1
sz301502,华阳智能,C38电气机械和器材制造业,SZ,2026-04-28,2026-05-21,45.74,92.22,1.0161783996501965,20,23,564684.8099999999,3673375448.0,183668772.4,False,False,False,2024-02-02,816.0,1
sz301505,苏州规划,M74专业技术服务业,SZ,2023-07-20,2023-08-01,35.08,74.63,1.127423033067275,20,12,2213919.28,12306925516.0,615346275.8,False,True,False,2023-07-19,1.0,1
sz301510,固高科技,C40仪器仪表制造业,SZ,2025-01-21,2025-02-21,24.6,49.98,1.0317073170731703,20,31,3375953.6800000006,11558297575.0,577914878.75,False,False,False,2023-08-15,525.0,1
sz301511,德福科技,C39计算机、通信和其他电子设备制造业,SZ,2026-04-02,2026-04-30,37.72,76.19,1.0198833510074232,20,28,154172712.88,47092782858.0,2354639142.9,False,False,False,2023-08-17,959.0,1
sz301520,万邦医药,M73研究和试验发展,SZ,2026-06-22,2026-07-13,23.18,54.22,1.3390854184641934,20,21,1497484.1099999999,5616610786.0,280830539.3,False,False,False,2023-09-25,1001.0,1
sz301526,国际复材,C30非金属矿物制品业,SZ,2026-01-20,2026-02-24,7.32,15.19,1.0751366120218577,20,35,45127952.489999995,43810420855.0,2190521042.75,False,False,False,2023-12-26,756.0,1
sz301529,福赛科技,C36汽车制造业,SZ,2025-06-30,2025-07-25,30.71,61.54,1.0039075219798113,20,25,1051589.89,4575311271.0,228765563.55,False,False,False,2023-09-11,658.0,1
sz301536,星宸科技,C39计算机、通信和其他电子设备制造业,SZ,2024-09-18,2024-10-22,27.65,60.9,1.2025316455696204,20,34,18153109.83,6358041401.0,317902070.05,False,False,False,2024-03-28,174.0,1
sz301538,骏鼎达,C29橡胶和塑料制品业,SZ,2024-03-21,2024-03-22,34.74,105.28,2.0305123776626366,20,1,5463687.110000001,4083342998.0,204167149.9,False,True,False,2024-03-20,1.0,1
sz301550,斯菱智驱,C36汽车制造业,SZ,2024-03-08,2024-03-18,10.24,36.65,2.5791015625,20,10,5387744.55,2136220584.0,106811029.2,False,False,False,2023-09-15,175.0,1
sz301551,无线传媒,I63电信、广播电视和卫星传输服务,SZ,2024-09-26,2024-10-08,29.11,361.0,11.401236688423223,20,12,22147077.909999996,30417601301.0,1520880065.05,False,True,False,2024-09-26,0.0,1
sz301557,常友科技,C30非金属矿物制品业,SZ,2025-11-03,2025-11-19,63.43,128.0,1.0179725681854013,20,16,4862900.73,2454749382.0,122737469.1,False,False,False,2025-03-04,244.0,1
sz301563,云汉芯城,F51批发业,SZ,2025-10-09,2025-10-27,91.29,255.85,1.802607076350093,20,18,13036654.06,26719221993.0,1335961099.65,False,True,False,2025-09-30,9.0,1
sz301567,贝隆精密,C39计算机、通信和其他电子设备制造业,SZ,2024-02-08,2024-03-06,29.77,61.92,1.079946254618744,20,27,1384569.1799999997,5719958909.0,285997945.45,False,True,False,2024-01-16,23.0,1
sz301568,思泰克,C35专用设备制造业,SZ,2026-05-22,2026-06-18,59.0,120.0,1.0338983050847457,20,27,1646951.51,13845378978.0,692268948.9,False,False,False,2023-11-28,906.0,1
sz301580,爱迪特,C35专用设备制造业,SZ,2025-01-09,2025-02-10,26.76,56.66,1.117339312406577,20,32,563049.88,616728308.0,30836415.4,False,False,False,2024-06-26,197.0,1
sz301583,托伦斯,C34通用设备制造业,SZ,2026-07-21,2026-07-29,102.56,208.08,1.028861154446178,20,8,63233327.510000005,46007758303.0,2300387915.15,False,True,False,2026-07-10,11.0,1
sz301589,诺瓦星云,C39计算机、通信和其他电子设备制造业,SZ,2024-04-12,2024-04-18,225.67,479.62,1.1253157265033016,20,6,462409.33999999997,5063708259.0,253185412.95,False,False,False,2024-02-08,64.0,1
sz301591,肯特股份,C29橡胶和塑料制品业,SZ,2024-05-17,2024-05-24,30.43,61.07,1.0069010844561288,20,7,11480163.030000001,4029264567.0,201463228.35,False,False,False,2024-02-28,79.0,1
sz301596,瑞迪智驱,C34通用设备制造业,SZ,2024-05-13,2024-05-23,68.1,155.0,1.2760646108663734,20,10,1425409.6400000001,14871708035.0,743585401.75,False,True,False,2024-05-13,0.0,1
sz301600,慧翰股份,C39计算机、通信和其他电子设备制造业,SZ,2024-09-12,2024-10-09,37.94,94.88,1.5007907221929364,20,27,10404109.94,7855648215.0,392782410.75,False,True,False,2024-09-11,1.0,1
sz301607,富特科技,C36汽车制造业,SZ,2024-09-09,2024-10-09,20.4,60.5,1.965686274509804,20,30,31275897.49,8676582025.0,433829101.25,False,True,False,2024-09-04,5.0,1
sz301608,博实结,C39计算机、通信和其他电子设备制造业,SZ,2024-09-18,2024-10-09,45.76,92.7,1.0257867132867133,20,21,750179.6399999999,4363912519.0,218195625.95,False,True,False,2024-08-01,48.0,1
sz301611,珂玛科技,C39计算机、通信和其他电子设备制造业,SZ,2024-09-23,2024-10-09,26.8,59.99,1.2384328358208956,20,16,2923512.95,9272219430.0,463610971.5,False,True,False,2024-08-16,38.0,1
sz301617,博苑新材,C26化学原料和化学制品制造业,SZ,2025-08-13,2025-09-09,39.7,88.19,1.221410579345088,20,27,1549076.3800000001,8889491919.0,444474595.95,False,False,False,2024-12-11,245.0,1
sz301618,长联科技,C26化学原料和化学制品制造业,SZ,2024-11-11,2024-11-13,56.54,132.87,1.3500176865935622,20,2,5217941.559999999,5792333687.0,289616684.35,False,True,False,2024-09-30,42.0,1
sz301631,壹连科技,C39计算机、通信和其他电子设备制造业,SZ,2024-12-03,2024-12-10,66.62,143.0,1.1465025517862504,20,7,3033739.0300000003,5431979187.0,271598959.35,False,True,False,2024-11-22,11.0,1
sz301636,泽润新能,C38电气机械和器材制造业,SZ,2026-01-15,2026-02-05,50.05,102.0,1.0379620379620382,20,21,784946.1599999999,5420713758.0,271035687.9,False,False,False,2025-05-16,244.0,1
sz301658,首航新能,C38电气机械和器材制造业,SZ,2026-03-02,2026-03-23,31.6,66.93,1.1180379746835443,20,21,3149014.8499999996,14436806188.0,721840309.4,False,False,False,2025-04-02,334.0,1
sz301666,大普微-UW,C39计算机、通信和其他电子设备制造业,SZ,2026-04-16,2026-05-18,199.99,816.0,3.08020401020051,20,32,95590209.26,68428762837.0,3421438141.85,False,True,False,2026-04-16,0.0,1
sz301667,纳百川,C36汽车制造业,SZ,2025-12-23,2025-12-23,59.99,180.0,2.0005000833472244,20,0,29909194.509999998,15905942907.0,795297145.35,False,True,False,2025-12-23,0.0,1
sz301678,新恒汇,C39计算机、通信和其他电子设备制造业,SZ,2025-07-11,2025-08-07,48.64,98.5,1.0250822368421053,20,27,2924815.7600000007,19455617305.0,972780865.25,False,True,False,2025-06-20,21.0,1
sz302132,中航成飞,C39计算机、通信和其他电子设备制造业,SZ,2015-07-09,2015-07-24,21.42,47.76,1.2296918767507,20,15,794963.4800000001,2824244048.0,141212202.4,False,False,False,2010-08-27,1777.0,1
